timestamp,visits,player_count
2026-02-16T14:50:19.955172Z,1490357762,4595
2026-02-16T15:00:22.206152Z,1490361664,4742
2026-02-16T15:10:21.666533Z,1490365694,4872
2026-02-16T15:20:21.498316Z,1490370137,5091
2026-02-16T15:30:25.370297Z,1490374292,5229
2026-02-16T15:40:21.918756Z,1490378342,5340
2026-02-16T15:50:24.142598Z,1490382937,5461
2026-02-16T16:00:28.799347Z,1490387705,5548
2026-02-16T16:10:24.026638Z,1490392314,5755
2026-02-16T16:20:24.532328Z,1490397272,5865
2026-02-16T16:30:25.270925Z,1490401998,5985
2026-02-16T16:40:24.017800Z,1490407030,6004
2026-02-16T16:50:20.417634Z,1490412173,6045
2026-02-16T17:00:24.391381Z,1490417207,6154
2026-02-16T17:10:23.707477Z,1490422417,6222
2026-02-16T17:20:22.338710Z,1490427722,6308
2026-02-16T17:30:30.437880Z,1490433112,6396
2026-02-16T17:40:22.254440Z,1490437891,6495
2026-02-16T17:50:21.019104Z,1490443431,6540
2026-02-16T18:00:23.962487Z,1490448364,6571
2026-02-16T18:10:23.460032Z,1490454249,6698
2026-02-16T18:20:24.908944Z,1490459848,6722
2026-02-16T18:30:23.251714Z,1490465382,6892
2026-02-16T18:40:26.559026Z,1490470904,6939
2026-02-16T18:50:24.158400Z,1490476389,7070
2026-02-16T19:00:34.010052Z,1490482391,7201
2026-02-16T19:10:20.791893Z,1490488348,7263
2026-02-16T19:20:21.684119Z,1490494122,7243
2026-02-16T19:30:20.856368Z,1490500012,7319
2026-02-16T19:40:24.166883Z,1490505964,7346
2026-02-16T19:50:22.438645Z,1490511920,7300
2026-02-16T20:00:23.972732Z,1490517590,7398
2026-02-16T20:10:21.676257Z,1490523560,7341
2026-02-16T20:20:23.539689Z,1490529554,7402
2026-02-16T20:30:27.490541Z,1490535983,7356
2026-02-16T20:40:21.674950Z,1490541815,7385
2026-02-16T20:50:20.253183Z,1490547841,7407
2026-02-16T21:00:24.152981Z,1490553945,7455
2026-02-16T21:10:19.443294Z,1490560056,7424
2026-02-16T21:20:20.879818Z,1490566055,7348
2026-02-16T21:30:21.109052Z,1490571902,7352
2026-02-16T21:40:21.147412Z,1490577837,7250
2026-02-16T21:50:19.620977Z,1490583880,7216
2026-02-16T22:00:24.103352Z,1490590347,7103
2026-02-16T22:10:18.031483Z,1490596221,7048
2026-02-16T22:20:19.479283Z,1490602003,6854
2026-02-16T22:30:20.825117Z,1490608036,7010
2026-02-16T22:40:20.973061Z,1490613747,6953
2026-02-16T22:50:21.955837Z,1490619460,6976
2026-02-16T23:00:22.096658Z,1490624896,6924
2026-02-16T23:10:18.580760Z,1490630545,6909
2026-02-16T23:20:22.267268Z,1490636253,6833
2026-02-16T23:30:22.729352Z,1490641738,6810
2026-02-16T23:40:20.635602Z,1490647065,6676
2026-02-16T23:50:18.377685Z,1490652224,6569
2026-02-17T00:00:22.698381Z,1490657457,6509
2026-02-17T00:10:19.917358Z,1490662558,6400
2026-02-17T00:20:19.946615Z,1490667668,6297
2026-02-17T00:30:24.058602Z,1490672713,6248
2026-02-17T00:40:21.760649Z,1490677761,6180
2026-02-17T00:50:24.422865Z,1490682722,6155
2026-02-17T01:00:27.757192Z,1490687478,6055
2026-02-17T01:10:20.579862Z,1490692607,5912
2026-02-17T01:20:19.478046Z,1490697483,5941
2026-02-17T01:30:22.616183Z,1490702987,6099
2026-02-17T01:40:23.896876Z,1490708775,6393
2026-02-17T01:50:22.103849Z,1490714486,6452
2026-02-17T02:00:25.224905Z,1490720384,6554
2026-02-17T02:10:23.027575Z,1490726071,6449
2026-02-17T02:20:23.333052Z,1490731529,6342
2026-02-17T02:30:27.613452Z,1490737297,6057
2026-02-17T02:40:22.402428Z,1490742228,21
2026-02-17T02:50:23.304518Z,1490742399,22
2026-02-17T03:00:28.759207Z,1490742416,29
2026-02-17T03:10:22.443236Z,1490742438,28
2026-02-17T03:20:25.803717Z,1490742464,25
2026-02-17T03:30:30.613471Z,1490742480,26
2026-02-17T03:40:22.744103Z,1490742506,21
2026-02-17T03:50:28.871921Z,1490742526,38
2026-02-17T04:00:28.837069Z,1490742533,27
2026-02-17T04:10:26.499530Z,1490742543,27
2026-02-17T04:20:22.833487Z,1490742572,24
2026-02-17T04:30:24.657298Z,1490742580,27
2026-02-17T04:40:24.200768Z,1490742604,24
2026-02-17T04:50:24.924255Z,1490742640,21
2026-02-17T05:00:34.308847Z,1490748622,3546
2026-02-17T05:10:27.156354Z,1490755283,4581
2026-02-17T05:20:27.919728Z,1490761321,5162
2026-02-17T05:30:27.232717Z,1490767033,5446
2026-02-17T05:40:25.751433Z,1490772360,5597
2026-02-17T05:50:25.505496Z,1490777740,5559
2026-02-17T06:00:33.784139Z,1490783079,5433
2026-02-17T06:10:26.047210Z,1490789917,5165
2026-02-17T06:20:25.067427Z,1490794480,5068
2026-02-17T06:30:27.413247Z,1490798586,4892
2026-02-17T06:40:22.297171Z,1490802509,4697
2026-02-17T06:50:22.541402Z,1490806110,4600
2026-02-17T07:00:26.810600Z,1490809716,4466
2026-02-17T07:10:25.306123Z,1490813579,4287
2026-02-17T07:20:26.426701Z,1490817240,4180
2026-02-17T07:30:28.834306Z,1490820615,4079
2026-02-17T07:40:23.505488Z,1490823996,3960
2026-02-17T07:50:21.695980Z,1490827349,3812
2026-02-17T08:00:29.383138Z,1490830567,3762
2026-02-17T08:10:23.069841Z,1490834089,3663
2026-02-17T08:20:24.243713Z,1490837231,3561
2026-02-17T08:30:24.483749Z,1490840146,3422
2026-02-17T08:40:21.593088Z,1490842862,3366
2026-02-17T08:50:22.487467Z,1490845481,3331
2026-02-17T09:00:27.641526Z,1490848259,3290
2026-02-17T09:10:21.792961Z,1490851163,3308
2026-02-17T09:20:21.943069Z,1490854163,3288
2026-02-17T09:30:21.260654Z,1490856922,3305
2026-02-17T09:40:22.237080Z,1490859574,3263
2026-02-17T09:50:21.720610Z,1490862532,3365
2026-02-17T10:00:23.334300Z,1490865514,3398
2026-02-17T10:10:22.873003Z,1490868649,3388
2026-02-17T10:20:25.117065Z,1490871602,3403
2026-02-17T10:30:22.733845Z,1490874366,3403
2026-02-17T10:40:20.106584Z,1490877099,3436
2026-02-17T10:50:24.007128Z,1490879732,3501
2026-02-17T11:00:21.551787Z,1490882718,3617
2026-02-17T11:10:21.285888Z,1490886431,3646
2026-02-17T11:20:20.563874Z,1490889538,3679
2026-02-17T11:30:18.780598Z,1490892767,3744
2026-02-17T11:40:19.687049Z,1490895919,3867
2026-02-17T11:50:21.335804Z,1490899352,3924
2026-02-17T12:00:16.601081Z,1490902684,4006
2026-02-17T12:10:17.719158Z,1490906798,4155
2026-02-17T12:20:16.836899Z,1490910669,4306
2026-02-17T12:30:16.033323Z,1490914450,4350
2026-02-17T12:40:14.644360Z,1490918209,4420
2026-02-17T12:50:15.887110Z,1490922180,4593
2026-02-17T13:00:17.593341Z,1490926533,4805
2026-02-17T13:10:17.048634Z,1490931365,4869
2026-02-17T13:20:16.569270Z,1490935889,4990
2026-02-17T13:30:14.966154Z,1490940251,5129
2026-02-17T13:40:15.097863Z,1490944497,5230
2026-02-17T13:50:17.184558Z,1490949113,5354
2026-02-17T14:00:17.202273Z,1490953757,5544
2026-02-17T14:10:17.221672Z,1490958603,5594
2026-02-17T14:20:14.639231Z,1490963525,5669
2026-02-17T14:30:18.444514Z,1490968304,5709
2026-02-17T14:40:17.946609Z,1490972917,5747
2026-02-17T14:50:15.802091Z,1490977665,5909
2026-02-17T15:00:18.978393Z,1490982530,6014
2026-02-17T15:10:00.00Z,NaN,NaN
2026-02-17T15:20:17.294794Z,1490994789,6179
2026-02-17T15:30:15.997856Z,1490999999,6278
2026-02-17T15:40:17.843536Z,1491005202,6446
2026-02-17T15:50:19.226376Z,1491010544,6463
2026-02-17T16:00:19.623835Z,1491016200,6566
2026-02-17T16:10:17.258451Z,1491021805,6754
2026-02-17T16:20:17.929346Z,1491027488,6800
2026-02-17T16:30:17.558262Z,1491032937,6857
2026-02-17T16:40:18.575145Z,1491038695,6932
2026-02-17T16:50:19.388819Z,1491044443,6939
2026-02-17T17:00:20.649592Z,1491050286,7097
2026-02-17T17:10:16.789649Z,1491055839,7162
2026-02-17T17:20:19.456270Z,1491063285,6934
2026-02-17T17:30:19.972330Z,1491069601,6881
2026-02-17T17:40:16.982020Z,1491075699,6897
2026-02-17T17:50:17.106081Z,1491082101,6927
2026-02-17T18:00:18.744255Z,1491088143,7159
2026-02-17T18:10:19.389315Z,1491095573,7278
2026-02-17T18:20:19.128020Z,1491101615,7278
2026-02-17T18:30:18.298724Z,1491107730,7317
2026-02-17T18:40:19.761714Z,1491113708,7287
2026-02-17T18:50:18.977155Z,1491119551,7409
2026-02-17T19:00:20.237797Z,1491124866,7464
2026-02-17T19:10:15.168644Z,1491132992,7211
2026-02-17T19:20:16.511621Z,1491139492,7071
2026-02-17T19:30:18.748425Z,1491145963,7078
2026-02-17T19:40:16.748870Z,1491152639,7168
2026-02-17T19:50:16.857085Z,1491158964,7248
2026-02-17T20:00:18.621264Z,1491165353,7513
2026-02-17T20:10:18.275397Z,1491174031,7557
2026-02-17T20:20:17.292945Z,1491181052,7630
2026-02-17T20:30:18.677025Z,1491187737,7711
2026-02-17T20:40:16.716404Z,1491194853,7813
2026-02-17T20:50:17.012941Z,1491201958,7798
2026-02-17T21:00:17.802495Z,1491208777,7906
2026-02-17T21:10:16.478235Z,1491218487,7874
2026-02-17T21:20:16.963385Z,1491225128,7871
2026-02-17T21:30:17.892092Z,1491231769,7853
2026-02-17T21:40:16.399963Z,1491238854,7896
2026-02-17T21:50:15.850585Z,1491245729,7968
2026-02-17T22:00:18.249980Z,1491252724,8030
2026-02-17T22:10:16.521320Z,1491261255,8018
2026-02-17T22:20:17.129842Z,1491268198,8000
2026-02-17T22:30:14.781264Z,1491275212,8013
2026-02-17T22:40:17.268616Z,1491281681,7929
2026-02-17T22:50:33.740602Z,1491288499,7924
2026-02-17T23:00:15.492072Z,1491295573,8006
2026-02-17T23:10:17.443949Z,1491305441,7816
2026-02-17T23:20:15.987569Z,1491312114,7706
2026-02-17T23:30:16.864997Z,1491319393,7589
2026-02-17T23:40:15.843700Z,1491326325,7552
2026-02-17T23:50:15.150375Z,1491332860,7539
2026-02-18T00:00:14.644282Z,1491339048,7578
2026-02-18T00:10:15.769083Z,1491347653,7536
2026-02-18T00:20:18.195955Z,1491353767,7395
2026-02-18T00:30:15.239538Z,1491360846,7477
2026-02-18T00:40:14.867221Z,1491366905,7433
2026-02-18T00:50:16.306161Z,1491373641,7350
2026-02-18T01:00:16.848040Z,1491380127,7208
2026-02-18T01:10:17.353578Z,1491389926,6667
2026-02-18T01:20:16.066098Z,1491395909,6864
2026-02-18T01:30:14.347493Z,1491402009,6924
2026-02-18T01:40:15.817894Z,1491407715,7037
2026-02-18T01:50:17.438487Z,1491413744,7100
2026-02-18T02:00:16.878102Z,1491419825,7201
2026-02-18T02:10:59.926674Z,1491428253,7137
2026-02-18T02:20:58.991060Z,1491433926,7020
2026-02-18T02:30:59.485377Z,1491439643,6947
2026-02-18T02:40:58.520128Z,1491445277,6884
2026-02-18T02:50:59.810691Z,1491450665,6707
2026-02-18T03:00:58.889792Z,1491455661,6676
2026-02-18T03:10:59.234633Z,1491461831,6594
2026-02-18T03:20:58.781562Z,1491466988,6432
2026-02-18T03:30:58.615770Z,1491472256,6357
2026-02-18T03:40:59.045018Z,1491477149,6235
2026-02-18T03:51:05.031663Z,1491482078,6169
2026-02-18T04:00:58.273595Z,1491486959,6041
2026-02-18T04:10:56.220716Z,1491492246,5794
2026-02-18T04:20:59.010091Z,1491496643,5722
2026-02-18T04:30:57.682517Z,1491501029,5545
2026-02-18T04:41:04.821987Z,1491505364,5366
2026-02-18T04:51:10.211461Z,1491509393,5232
2026-02-18T05:01:01.499080Z,1491513465,5135
2026-02-18T05:11:01.173580Z,1491518386,5003
2026-02-18T05:20:58.779425Z,1491521889,4783
2026-02-18T05:31:00.083986Z,1491525547,4617
2026-02-18T05:41:01.989656Z,1491529158,4506
2026-02-18T05:51:00.034031Z,1491532814,4396
2026-02-18T06:01:01.571432Z,1491536206,4358
2026-02-18T06:11:00.296811Z,1491539889,4187
2026-02-18T06:20:57.754012Z,1491543035,4064
2026-02-18T06:31:02.515706Z,1491546289,3967
2026-02-18T06:40:58.854242Z,1491549055,3871
2026-02-18T06:50:59.278848Z,1491552263,3804
2026-02-18T07:00:59.767360Z,1491555150,3814
2026-02-18T07:10:58.232374Z,1491558274,3729
2026-02-18T07:20:58.766173Z,1491561058,3572
2026-02-18T07:30:59.600270Z,1491563648,3446
2026-02-18T07:40:56.507386Z,1491566443,3433
2026-02-18T07:50:59.451328Z,1491568951,3372
2026-02-18T08:00:58.187484Z,1491571833,3322
2026-02-18T08:10:56.932578Z,1491574859,3251
2026-02-18T08:21:00.860744Z,1491577397,3236
2026-02-18T08:31:00.883042Z,1491579901,3162
2026-02-18T08:41:01.282956Z,1491582317,3119
2026-02-18T08:50:59.558664Z,1491584727,3108
2026-02-18T09:01:05.354958Z,1491587091,3102
2026-02-18T09:11:05.919488Z,1491590042,3115
2026-02-18T09:21:06.153357Z,1491592576,3087
2026-02-18T09:31:04.267674Z,1491595024,3094
2026-02-18T09:41:05.734991Z,1491597483,3079
2026-02-18T09:51:06.023687Z,1491600201,3130
2026-02-18T10:01:05.948270Z,1491602813,3181
2026-02-18T10:11:05.604743Z,1491605554,3258
2026-02-18T10:21:04.745352Z,1491608043,3256
2026-02-18T10:31:06.955262Z,1491610429,3237
2026-02-18T10:41:06.448756Z,1491613232,3301
2026-02-18T10:51:03.528530Z,1491615878,3428
2026-02-18T11:01:07.920239Z,1491618839,3405
2026-02-18T11:11:05.556173Z,1491622029,3568
2026-02-18T11:21:07.450212Z,1491624806,3595
2026-02-18T11:31:08.744391Z,1491627691,3650
2026-02-18T11:41:05.596511Z,1491630426,3667
2026-02-18T11:51:06.008708Z,1491633521,3825
2026-02-18T12:01:09.102582Z,1491636793,3913
2026-02-18T12:11:05.624205Z,1491640395,3987
2026-02-18T12:21:06.650698Z,1491643722,4042
2026-02-18T12:31:06.764253Z,1491647091,4131
2026-02-18T12:41:05.560471Z,1491650590,4241
2026-02-18T12:51:06.210714Z,1491654148,4378
2026-02-18T13:01:08.248849Z,1491657861,4573
2026-02-18T13:11:06.291378Z,1491661801,4750
2026-02-18T13:21:06.412648Z,1491665649,4826
2026-02-18T13:31:07.316332Z,1491669426,4916
2026-02-18T13:41:06.144637Z,1491673463,5078
2026-02-18T13:51:05.678927Z,1491677862,5250
2026-02-18T14:01:14.621111Z,1491682395,5350
2026-02-18T14:11:07.503697Z,1491687369,5545
2026-02-18T14:21:06.464567Z,1491691729,5612
2026-02-18T14:31:06.119697Z,1491696209,5728
2026-02-18T14:41:08.015147Z,1491700758,5891
2026-02-18T14:51:08.909865Z,1491705355,5958
2026-02-18T15:01:08.259197Z,1491710031,6029
2026-02-18T15:11:06.607423Z,1491716814,5949
2026-02-18T15:21:07.252087Z,1491721862,6031
2026-02-18T15:31:08.747229Z,1491726591,6161
2026-02-18T15:41:08.712636Z,1491731777,6269
2026-02-18T15:51:06.977917Z,1491736496,6345
2026-02-18T16:01:13.406901Z,1491741476,6488
2026-02-18T16:11:07.543655Z,1491747128,6456
2026-02-18T16:21:06.371998Z,1491752462,6490
2026-02-18T16:31:07.654519Z,1491757423,6565
2026-02-18T16:41:06.976884Z,1491762850,6701
2026-02-18T16:51:06.142684Z,1491768182,6761
2026-02-18T17:01:09.874131Z,1491773876,6968
2026-02-18T17:11:07.145288Z,1491779759,6927
2026-02-18T17:21:07.530443Z,1491785061,6907
2026-02-18T17:31:14.579877Z,1491790583,6918
2026-02-18T17:41:07.410554Z,1491795810,6876
2026-02-18T17:51:07.633146Z,1491801364,6848
2026-02-18T18:01:22.492368Z,1491807040,7053
2026-02-18T18:11:07.967888Z,1491813956,7146
2026-02-18T18:21:07.501720Z,1491819783,7176
2026-02-18T18:31:07.961369Z,1491825663,7278
2026-02-18T18:41:08.260674Z,1491831394,7302
2026-02-18T18:51:05.519435Z,1491837139,7362
2026-02-18T19:01:15.017191Z,1491843190,7410
2026-02-18T19:11:06.442383Z,1491849625,7397
2026-02-18T19:21:09.441797Z,1491856116,7430
2026-02-18T19:31:33.412797Z,1491862263,7502
2026-02-18T19:41:19.309808Z,1491868240,7619
2026-02-18T19:51:06.930982Z,1491874174,7755
2026-02-18T20:01:08.368395Z,1491881028,8014
2026-02-18T20:11:08.599977Z,1491888072,8140
2026-02-18T20:21:21.251220Z,1491894034,8069
2026-02-18T20:31:07.946631Z,1491900483,8001
2026-02-18T20:41:06.660238Z,1491906650,8024
2026-02-18T20:51:04.152841Z,1491912414,8076
2026-02-18T21:01:28.219649Z,1491919655,8207
2026-02-18T21:11:20.134100Z,1491927842,8045
2026-02-18T21:21:05.508964Z,1491933856,8098
2026-02-18T21:31:05.351876Z,1491940075,7978
2026-02-18T21:41:04.473273Z,1491946391,7971
2026-02-18T21:51:12.862453Z,1491952778,8086
2026-02-18T22:01:05.257577Z,1491959349,8237
2026-02-18T22:11:06.983150Z,1491967236,8200
2026-02-18T22:21:05.363239Z,1491973648,8070
2026-02-18T22:31:18.848623Z,1491979979,8087
2026-02-18T22:41:06.310710Z,1491986207,8087
2026-02-18T22:51:16.121011Z,1491992882,8103
2026-02-18T23:01:05.971011Z,1491999718,8377
2026-02-18T23:11:10.456094Z,1492009082,8413
2026-02-18T23:20:56.045857Z,1492015391,8256
2026-02-18T23:30:56.271946Z,1492021698,8121
2026-02-18T23:40:56.691000Z,1492027902,8053
2026-02-18T23:50:55.478892Z,1492034030,8090
2026-02-19T00:01:00.439727Z,1492040698,7983
2026-02-19T00:10:53.696410Z,1492048592,8053
2026-02-19T00:20:55.939084Z,1492054944,7976
2026-02-19T00:30:57.767926Z,1492061084,7962
2026-02-19T00:40:54.780408Z,1492067336,7984
2026-02-19T00:50:54.586576Z,1492073594,7887
2026-02-19T01:00:55.960718Z,1492080149,8017
2026-02-19T01:10:54.741067Z,1492087463,7806
2026-02-19T01:20:55.955310Z,1492093580,7769
2026-02-19T01:31:00.135158Z,1492099797,7764
2026-02-19T01:40:56.790114Z,1492105722,7639
2026-02-19T01:50:58.100168Z,1492112146,7667
2026-02-19T02:01:02.442128Z,1492119251,7400
2026-02-19T02:10:57.358900Z,1492133534,7416
2026-02-19T02:20:58.407955Z,1492139540,7285
2026-02-19T02:30:58.902777Z,1492145084,7168
2026-02-19T02:40:57.969981Z,1492150845,7176
2026-02-19T02:50:58.142243Z,1492156460,7044
2026-02-19T03:01:03.150732Z,1492162286,7116
2026-02-19T03:10:58.853043Z,1492170802,6776
2026-02-19T03:20:59.733265Z,1492176068,6631
2026-02-19T03:31:04.636844Z,1492180909,6479
2026-02-19T03:40:59.432986Z,1492185964,6313
2026-02-19T03:51:00.977755Z,1492190586,6164
2026-02-19T04:01:06.592138Z,1492195999,6068
2026-02-19T04:10:59.483485Z,1492201297,5939
2026-02-19T04:21:00.091690Z,1492205912,5674
2026-02-19T04:31:02.852503Z,1492210332,5564
2026-02-19T04:41:00.240152Z,1492214646,5450
2026-02-19T04:50:57.929870Z,1492219069,5317
2026-02-19T05:01:09.030062Z,1492223857,5453
2026-02-19T05:10:58.783822Z,1492231035,5347
2026-02-19T05:20:58.637037Z,1492234910,5131
2026-02-19T05:31:03.242133Z,1492238744,4988
2026-02-19T05:40:59.787896Z,1492242458,4798
2026-02-19T05:50:57.696564Z,1492246193,4672
2026-02-19T06:00:43.012982Z,1492249751,4662
2026-02-19T06:10:44.746880Z,1492254416,4521
2026-02-19T06:20:46.228547Z,1492257924,4348
2026-02-19T06:30:44.682192Z,1492261303,4207
2026-02-19T06:40:44.657582Z,1492264614,4097
2026-02-19T06:50:44.940048Z,1492267753,3973
2026-02-19T07:00:43.800065Z,1492270934,3929
2026-02-19T07:10:43.797315Z,1492274487,3816
2026-02-19T07:20:42.988689Z,1492277614,3733
2026-02-19T07:30:46.406139Z,1492280574,3645
2026-02-19T07:40:45.844106Z,1492283367,3612
2026-02-19T07:50:42.796430Z,1492286263,3548
2026-02-19T08:00:45.394874Z,1492289348,3627
2026-02-19T08:10:42.776912Z,1492294661,3655
2026-02-19T08:20:45.149176Z,1492297284,3602
2026-02-19T08:30:46.807586Z,1492300181,3487
2026-02-19T08:40:43.673308Z,1492302805,3412
2026-02-19T08:50:42.650450Z,1492305501,3307
2026-02-19T09:00:45.698974Z,1492308187,3280
2026-02-19T09:10:44.850971Z,1492311523,3254
2026-02-19T09:20:45.535781Z,1492314152,3227
2026-02-19T09:30:46.123485Z,1492317009,3244
2026-02-19T09:40:45.141353Z,1492319705,3276
2026-02-19T09:50:44.278693Z,1492322309,3238
2026-02-19T10:00:45.515361Z,1492325041,3287
2026-02-19T10:10:42.904310Z,1492327839,3321
2026-02-19T10:20:46.452699Z,1492330667,3369
2026-02-19T10:30:44.700018Z,1492333470,3415
2026-02-19T10:40:44.724284Z,1492336383,3495
2026-02-19T10:50:46.654428Z,1492339452,3626
2026-02-19T11:00:46.239622Z,1492342584,3734
2026-02-19T11:10:42.938380Z,1492346283,3848
2026-02-19T11:20:44.931664Z,1492348900,3808
2026-02-19T11:30:46.506075Z,1492352394,3853
2026-02-19T11:40:46.087951Z,1492355417,3850
2026-02-19T11:50:44.767278Z,1492358418,3940
2026-02-19T12:00:47.280719Z,1492361519,4083
2026-02-19T12:10:45.574685Z,1492366220,4092
2026-02-19T12:20:48.672553Z,1492369635,4229
2026-02-19T12:30:48.444954Z,1492372929,4400
2026-02-19T12:40:48.116641Z,1492376328,4440
2026-02-19T12:50:51.381672Z,1492379735,4578
2026-02-19T13:00:54.597720Z,1492383397,4767
2026-02-19T13:10:52.562234Z,1492387539,4872
2026-02-19T13:20:56.312017Z,1492391712,4932
2026-02-19T13:30:54.152601Z,1492395701,5006
2026-02-19T13:40:52.440843Z,1492399705,5084
2026-02-19T13:50:55.294136Z,1492403706,5308
2026-02-19T14:00:53.502860Z,1492408645,5598
2026-02-19T14:10:53.779657Z,1492413708,5813
2026-02-19T14:20:55.070327Z,1492418385,5842
2026-02-19T14:31:01.531720Z,1492422898,5925
2026-02-19T14:40:53.387287Z,1492427554,6006
2026-02-19T14:50:58.159575Z,1492432154,6105
2026-02-19T15:00:59.255090Z,1492436741,6273
2026-02-19T15:11:01.768891Z,1492444087,6281
2026-02-19T15:20:54.146432Z,1492448823,6334
2026-02-19T15:31:00.995130Z,1492453756,6322
2026-02-19T15:40:52.556173Z,1492458563,6430
2026-02-19T15:50:54.179064Z,1492463631,6470
2026-02-19T16:01:04.216269Z,1492469141,6616
2026-02-19T16:10:55.777229Z,1492474334,6700
2026-02-19T16:20:55.004364Z,1492479668,6749
2026-02-19T16:30:59.055710Z,1492485111,6763
2026-02-19T16:40:55.050718Z,1492490542,6859
2026-02-19T16:50:59.100575Z,1492496029,6991
2026-02-19T17:01:02.525387Z,1492502443,7126
2026-02-19T17:10:55.786866Z,1492509551,7252
2026-02-19T17:20:54.405799Z,1492515364,7081
2026-02-19T17:31:00.013835Z,1492521049,7055
2026-02-19T17:40:56.757914Z,1492526246,7034
2026-02-19T17:50:54.979752Z,1492532144,7055
2026-02-19T18:01:09.843182Z,1492538194,7316
2026-02-19T18:10:59.475150Z,1492546453,7231
2026-02-19T18:20:56.420124Z,1492552157,7317
2026-02-19T18:30:57.678524Z,1492557976,7386
2026-02-19T18:40:55.699180Z,1492563978,7525
2026-02-19T18:50:56.710185Z,1492569748,7511
2026-02-19T19:01:02.543421Z,1492575679,7610
2026-02-19T19:10:57.036155Z,1492581678,7522
2026-02-19T19:21:03.550512Z,1492587803,7500
2026-02-19T19:30:57.996512Z,1492593785,7496
2026-02-19T19:40:59.155188Z,1492599735,7598
2026-02-19T19:51:00.267315Z,1492605930,7750
2026-02-19T20:01:04.494575Z,1492612910,8141
2026-02-19T20:10:53.858299Z,1492621579,8206
2026-02-19T20:20:57.672671Z,1492627528,8121
2026-02-19T20:31:00.395798Z,1492633558,8162
2026-02-19T20:40:54.229576Z,1492639761,8220
2026-02-19T20:50:53.790600Z,1492645892,8290
2026-02-19T21:00:25.156832Z,1492652511,8428
2026-02-19T21:10:23.827653Z,1492660568,8359
2026-02-19T21:20:33.012986Z,1492667061,8398
2026-02-19T21:30:24.638714Z,1492673448,8408
2026-02-19T21:40:25.311278Z,1492679992,8455
2026-02-19T21:50:25.387988Z,1492686348,8531
2026-02-19T22:00:25.284353Z,1492693447,8675
2026-02-19T22:10:31.836574Z,1492700866,8662
2026-02-19T22:20:28.275387Z,1492707496,8658
2026-02-19T22:30:26.331663Z,1492713907,8611
2026-02-19T22:40:27.232894Z,1492720561,8600
2026-02-19T22:50:24.604690Z,1492727032,8542
2026-02-19T23:00:25.504535Z,1492734165,8617
2026-02-19T23:10:24.336004Z,1492745178,8745
2026-02-19T23:20:22.558055Z,1492751476,8643
2026-02-19T23:30:28.589578Z,1492758106,8455
2026-02-19T23:40:26.590809Z,1492764433,8430
2026-02-19T23:50:24.270178Z,1492771116,8376
2026-02-20T00:00:26.553651Z,1492777902,8453
2026-02-20T00:10:27.681570Z,1492786252,8337
2026-02-20T00:20:31.692954Z,1492792931,8313
2026-02-20T00:30:29.253382Z,1492799472,8312
2026-02-20T00:40:30.994514Z,1492805270,8304
2026-02-20T00:50:31.447392Z,1492812265,8253
2026-02-20T01:00:33.254288Z,1492818849,8283
2026-02-20T01:10:29.731938Z,1492826024,8214
2026-02-20T01:20:32.787030Z,1492832670,8214
2026-02-20T01:30:29.561914Z,1492839466,8102
2026-02-20T01:40:28.963918Z,1492845795,8061
2026-02-20T01:50:28.786344Z,1492852054,8010
2026-02-20T02:00:30.763741Z,1492858784,8239
2026-02-20T02:10:27.261595Z,1492869842,8316
2026-02-20T02:20:28.910923Z,1492875604,8136
2026-02-20T02:30:30.341756Z,1492881670,7901
2026-02-20T02:40:31.671992Z,1492887683,7730
2026-02-20T02:50:36.859403Z,1492893735,7620
2026-02-20T03:00:37.754090Z,1492899515,7588
2026-02-20T03:10:32.231229Z,1492908095,7296
2026-02-20T03:20:29.380239Z,1492913493,7136
2026-02-20T03:30:34.948628Z,1492918995,6923
2026-02-20T03:40:32.789566Z,1492924137,6807
2026-02-20T03:50:28.696786Z,1492929269,6700
2026-02-20T04:00:40.445783Z,1492934608,6620
2026-02-20T04:10:30.922164Z,1492940334,6347
2026-02-20T04:20:31.929697Z,1492945350,6197
2026-02-20T04:30:34.475124Z,1492949862,6041
2026-02-20T04:40:38.436104Z,1492954615,6010
2026-02-20T04:50:33.526713Z,1492959058,5992
2026-02-20T05:00:44.090042Z,1492963547,5991
2026-02-20T05:10:32.126745Z,1492970620,5786
2026-02-20T05:20:31.666412Z,1492974983,5629
2026-02-20T05:30:41.094679Z,1492978987,5413
2026-02-20T05:40:36.257787Z,1492982772,5263
2026-02-20T05:50:32.237773Z,1492986574,5153
2026-02-20T06:00:46.106833Z,1492990500,5088
2026-02-20T06:10:38.423386Z,1492995506,4919
2026-02-20T06:20:36.109964Z,1492999090,4814
2026-02-20T06:30:39.319171Z,1493002682,4732
2026-02-20T06:40:37.119664Z,1493006227,4595
2026-02-20T06:50:33.866182Z,1493009597,4530
2026-02-20T07:00:46.239457Z,1493013100,4456
2026-02-20T07:10:33.492201Z,1493016697,4331
2026-02-20T07:20:24.486292Z,1493019793,4180
2026-02-20T07:30:24.449724Z,1493022924,4031
2026-02-20T07:40:27.006616Z,1493026032,3968
2026-02-20T07:50:24.604083Z,1493029050,4014
2026-02-20T08:00:28.751707Z,1493032489,4057
2026-02-20T08:10:25.961837Z,1493038340,4008
2026-02-20T08:20:26.179738Z,1493041052,3938
2026-02-20T08:30:25.874227Z,1493044010,3828
2026-02-20T08:40:24.611362Z,1493046918,3724
2026-02-20T08:50:24.395489Z,1493049714,3666
2026-02-20T09:00:26.470809Z,1493052546,3692
2026-02-20T09:10:27.114100Z,1493055872,3657
2026-02-20T09:20:24.761856Z,1493058619,3641
2026-02-20T09:30:25.800647Z,1493061384,3641
2026-02-20T09:40:25.329413Z,1493064052,3682
2026-02-20T09:50:27.308659Z,1493067200,3740
2026-02-20T10:00:25.930832Z,1493069930,3760
2026-02-20T10:10:27.118134Z,1493073138,3761
2026-02-20T10:20:27.641437Z,1493075965,3819
2026-02-20T10:30:24.371711Z,1493079044,3857
2026-02-20T10:40:24.159057Z,1493082128,3916
2026-02-20T10:50:24.927220Z,1493085213,3976
2026-02-20T11:00:25.087645Z,1493088570,4201
2026-02-20T11:10:25.011730Z,1493093739,4302
2026-02-20T11:20:12.907379Z,1493096959,4253
2026-02-20T11:30:16.493489Z,1493100180,4273
2026-02-20T11:40:13.007887Z,1493103545,4370
2026-02-20T11:50:14.705733Z,1493107167,4502
2026-02-20T12:00:11.799616Z,1493110486,4642
2026-02-20T12:10:12.602593Z,1493115545,4732
2026-02-20T12:20:13.669635Z,1493119313,4851
2026-02-20T12:30:13.997293Z,1493123163,4873
2026-02-20T12:40:13.786042Z,1493127156,4938
2026-02-20T12:50:13.455959Z,1493131148,5049
2026-02-20T13:00:14.743637Z,1493135240,5144
2026-02-20T13:10:11.269377Z,1493139105,5223
2026-02-20T13:20:13.097147Z,1493143517,5410
2026-02-20T13:30:15.164033Z,1493147716,5470
2026-02-20T13:40:14.145390Z,1493152282,5658
2026-02-20T13:50:13.756374Z,1493156901,5848
2026-02-20T14:00:14.870922Z,1493161805,6196
2026-02-20T14:10:14.191417Z,1493167576,6421
2026-02-20T14:20:13.531296Z,1493172369,6445
2026-02-20T14:30:17.972296Z,1493177350,6452
2026-02-20T14:40:15.328030Z,1493182361,6537
2026-02-20T14:50:13.001103Z,1493187419,6602
2026-02-20T15:00:15.698891Z,1493192805,6690
2026-02-20T15:10:12.804195Z,1493199063,6799
2026-02-20T15:20:14.235424Z,1493204307,6847
2026-02-20T15:30:14.038213Z,1493209621,6974
2026-02-20T15:40:14.297053Z,1493214939,7033
2026-02-20T15:50:14.640825Z,1493220757,7067
2026-02-20T16:00:15.018851Z,1493227076,7126
2026-02-20T16:10:14.057724Z,1493233137,7241
2026-02-20T16:20:14.533299Z,1493238981,7203
2026-02-20T16:30:14.803355Z,1493244759,7281
2026-02-20T16:40:12.893824Z,1493250601,7433
2026-02-20T16:50:12.437222Z,1493256478,7533
2026-02-20T17:00:11.595667Z,1493262165,7710
2026-02-20T17:10:16.122069Z,1493272990,7751
2026-02-20T17:20:12.456954Z,1493278839,7671
2026-02-20T17:30:13.896389Z,1493284560,7583
2026-02-20T17:40:14.619008Z,1493290371,7584
2026-02-20T17:50:13.424058Z,1493296063,7627
2026-02-20T18:00:13.272419Z,1493302062,7760
2026-02-20T18:10:15.227516Z,1493309848,7887
2026-02-20T18:20:13.930966Z,1493315577,7944
2026-02-20T18:30:19.581848Z,1493322450,7979
2026-02-20T18:40:40.441360Z,1493328524,8070
2026-02-20T18:50:39.801343Z,1493335012,8136
2026-02-20T19:00:39.895958Z,1493341400,8226
2026-02-20T19:10:39.718431Z,1493348543,8267
2026-02-20T19:20:38.310110Z,1493355126,8354
2026-02-20T19:30:39.903266Z,1493361343,8387
2026-02-20T19:40:38.484518Z,1493367924,8409
2026-02-20T19:50:40.208781Z,1493374352,8516
2026-02-20T20:00:38.775042Z,1493381601,8780
2026-02-20T20:10:38.180178Z,1493391646,8899
2026-02-20T20:20:36.271279Z,1493398270,8921
2026-02-20T20:30:40.024964Z,1493404986,8954
2026-02-20T20:40:39.172257Z,1493411866,9012
2026-02-20T20:50:40.064877Z,1493419339,9101
2026-02-20T21:00:39.866910Z,1493426646,9271
2026-02-20T21:10:37.371703Z,1493436797,9274
2026-02-20T21:20:43.217479Z,1493444556,9551
2026-02-20T21:30:37.947439Z,1493452132,9604
2026-02-20T21:40:38.275393Z,1493459597,9580
2026-02-20T21:50:39.027052Z,1493466878,9613
2026-02-20T22:00:39.010197Z,1493474609,9593
2026-02-20T22:10:38.376791Z,1493482361,9480
2026-02-20T22:20:37.885666Z,1493489948,9182
2026-02-20T22:30:39.596313Z,1493497458,8995
2026-02-20T22:40:36.560044Z,1493504705,8959
2026-02-20T22:50:41.000807Z,1493511926,8995
2026-02-20T23:00:44.263844Z,1493519368,9188
2026-02-20T23:10:40.417442Z,1493528618,9204
2026-02-20T23:20:39.537108Z,1493535317,9098
2026-02-20T23:30:47.731243Z,1493543045,9304
2026-02-20T23:40:36.313090Z,1493550050,9315
2026-02-20T23:50:38.204233Z,1493557146,9149
2026-02-21T00:01:00.054279Z,1493564790,8999
2026-02-21T00:10:58.064287Z,1493573931,8996
2026-02-21T00:20:57.456546Z,1493580851,8976
2026-02-21T00:30:59.862731Z,1493587888,8968
2026-02-21T00:40:59.411105Z,1493594802,8893
2026-02-21T00:50:59.818735Z,1493601853,8950
2026-02-21T01:00:59.395892Z,1493608898,8994
2026-02-21T01:11:01.710996Z,1493616474,8915
2026-02-21T01:21:00.255221Z,1493623573,8884
2026-02-21T01:30:58.039856Z,1493630422,8845
2026-02-21T01:40:57.754737Z,1493637167,8827
2026-02-21T01:50:52.280260Z,1493644103,8865
2026-02-21T02:00:52.932038Z,1493651266,8966
2026-02-21T02:10:49.036874Z,1493660763,9021
2026-02-21T02:20:51.360511Z,1493667638,8973
2026-02-21T02:30:51.771310Z,1493674335,8841
2026-02-21T02:40:50.056842Z,1493680982,8774
2026-02-21T02:50:49.556755Z,1493687942,8696
2026-02-21T03:00:54.821739Z,1493695097,8670
2026-02-21T03:10:50.643120Z,1493703665,8574
2026-02-21T03:20:52.089529Z,1493710440,8598
2026-02-21T03:30:49.084350Z,1493716826,8577
2026-02-21T03:40:52.540870Z,1493723099,8525
2026-02-21T03:50:53.176740Z,1493729879,8449
2026-02-21T04:01:00.307752Z,1493736449,8400
2026-02-21T04:10:51.263625Z,1493743135,8260
2026-02-21T04:20:52.623846Z,1493749437,8198
2026-02-21T04:30:51.421858Z,1493755620,8080
2026-02-21T04:40:51.196789Z,1493761371,7968
2026-02-21T04:50:54.025270Z,1493767433,7937
2026-02-21T05:01:00.908158Z,1493773900,8056
2026-02-21T05:10:51.979088Z,1493785552,8003
2026-02-21T05:20:50.679796Z,1493791214,7809
2026-02-21T05:30:55.653747Z,1493796828,7687
2026-02-21T05:40:47.811306Z,1493802403,7525
2026-02-21T05:50:52.249887Z,1493807857,7343
2026-02-21T06:00:56.396985Z,1493813230,7041
2026-02-21T06:10:49.884372Z,1493819032,7039
2026-02-21T06:20:51.064104Z,1493824141,6890
2026-02-21T06:30:51.988583Z,1493829054,6784
2026-02-21T06:40:51.542396Z,1493834252,6654
2026-02-21T06:50:51.735817Z,1493839273,6521
2026-02-21T07:00:53.570375Z,1493844036,6446
2026-02-21T07:10:49.814497Z,1493849019,6247
2026-02-21T07:20:49.672489Z,1493853711,6181
2026-02-21T07:30:50.577256Z,1493858088,5970
2026-02-21T07:40:48.975094Z,1493862375,5904
2026-02-21T07:50:49.093920Z,1493866927,5841
2026-02-21T08:00:50.715381Z,1493871653,5938
2026-02-21T08:10:49.996648Z,1493878035,5861
2026-02-21T08:20:50.090138Z,1493882165,5670
2026-02-21T08:30:52.191148Z,1493886379,5525
2026-02-21T08:40:49.842566Z,1493890205,5383
2026-02-21T08:50:54.552799Z,1493894266,5277
2026-02-21T09:00:56.696895Z,1493898214,5300
2026-02-21T09:10:54.633021Z,1493902595,5214
2026-02-21T09:20:56.542599Z,1493906322,5146
2026-02-21T09:30:55.067883Z,1493910215,5142
2026-02-21T09:40:54.874445Z,1493914096,5106
2026-02-21T09:50:56.738906Z,1493917955,5083
2026-02-21T10:00:56.265953Z,1493921649,5098
2026-02-21T10:10:57.065202Z,1493925735,5078
2026-02-21T10:20:55.765825Z,1493929769,5081
2026-02-21T10:30:57.316504Z,1493933565,5045
2026-02-21T10:40:55.004110Z,1493937409,5056
2026-02-21T10:50:55.485162Z,1493941294,5102
2026-02-21T11:00:57.318585Z,1493945474,5239
2026-02-21T11:10:54.776382Z,1493952656,5336
2026-02-21T11:20:58.264536Z,1493956696,5363
2026-02-21T11:30:58.399093Z,1493960708,5294
2026-02-21T11:40:56.159051Z,1493965012,5319
2026-02-21T11:50:55.770038Z,1493969271,5409
2026-02-21T12:00:59.844901Z,1493973637,5458
2026-02-21T12:10:55.189989Z,1493978299,5593
2026-02-21T12:20:53.986032Z,1493982296,5621
2026-02-21T12:30:57.262594Z,1493987117,5694
2026-02-21T12:40:57.276212Z,1493991667,5858
2026-02-21T12:50:55.111187Z,1493996514,6051
2026-02-21T13:01:02.944102Z,1494001423,6281
2026-02-21T13:10:56.554529Z,1494006830,6339
2026-02-21T13:20:54.788840Z,1494011569,6444
2026-02-21T13:30:55.530436Z,1494016668,6516
2026-02-21T13:40:56.301714Z,1494021904,6769
2026-02-21T13:50:56.167141Z,1494027259,6908
2026-02-21T14:00:58.096744Z,1494032635,7163
2026-02-21T14:10:56.212060Z,1494040489,7373
2026-02-21T14:20:54.510562Z,1494046060,7397
2026-02-21T14:30:54.423390Z,1494051741,7489
2026-02-21T14:40:55.389455Z,1494057472,7528
2026-02-21T14:50:55.232702Z,1494063423,7621
2026-02-21T15:00:58.846113Z,1494069582,7777
2026-02-21T15:10:55.561658Z,1494077611,7808
2026-02-21T15:20:55.753669Z,1494083963,7882
2026-02-21T15:30:54.235052Z,1494090280,7934
2026-02-21T15:40:54.134911Z,1494096482,8082
2026-02-21T15:50:44.359115Z,1494103201,8212
2026-02-21T16:00:50.740237Z,1494109848,8438
2026-02-21T16:10:43.906325Z,1494116495,8477
2026-02-21T16:20:45.160597Z,1494123355,8666
2026-02-21T16:30:49.637009Z,1494130110,8736
2026-02-21T16:40:45.739382Z,1494136973,8825
2026-02-21T16:50:44.833785Z,1494143971,8953
2026-02-21T17:00:48.203218Z,1494151803,9186
2026-02-21T17:10:46.090836Z,1494160523,9539
2026-02-21T17:20:46.299518Z,1494167425,9557
2026-02-21T17:30:48.168971Z,1494174921,9623
2026-02-21T17:40:48.741019Z,1494182460,9704
2026-02-21T17:50:44.693147Z,1494189427,9851
2026-02-21T18:00:47.931692Z,1494197907,10011
2026-02-21T18:10:45.419082Z,1494208446,10071
2026-02-21T18:20:45.744120Z,1494216480,10164
2026-02-21T18:30:49.863667Z,1494225048,10284
2026-02-21T18:40:47.386504Z,1494233387,10372
2026-02-21T18:50:45.383851Z,1494241521,10521
2026-02-21T19:00:49.512957Z,1494249668,10654
2026-02-21T19:10:45.242125Z,1494258449,10742
2026-02-21T19:20:46.507345Z,1494266769,10747
2026-02-21T19:30:53.135259Z,1494275476,10781
2026-02-21T19:40:46.716440Z,1494284328,10964
2026-02-21T19:50:48.207804Z,1494293234,11112
2026-02-21T20:00:47.681521Z,1494302879,11462
2026-02-21T20:10:48.416420Z,1494316721,11456
2026-02-21T20:20:45.968466Z,1494327111,11358
2026-02-21T20:30:47.633953Z,1494336581,11344
2026-02-21T20:40:47.450989Z,1494345538,11407
2026-02-21T20:50:47.305585Z,1494354066,11374
2026-02-21T21:00:49.301730Z,1494363132,11395
2026-02-21T21:10:43.554754Z,1494373694,11388
2026-02-21T21:20:45.806631Z,1494382715,11356
2026-02-21T21:30:48.060204Z,1494391324,11290
2026-02-21T21:40:45.722919Z,1494400450,11341
2026-02-21T21:50:50.247786Z,1494409309,11333
2026-02-21T22:00:50.223277Z,1494418076,11387
2026-02-21T22:10:43.377450Z,1494427536,11237
2026-02-21T22:20:43.817242Z,1494436162,11238
2026-02-21T22:30:45.534433Z,1494444905,11134
2026-02-21T22:40:44.274548Z,1494453496,11085
2026-02-21T22:50:44.556394Z,1494461883,11102
2026-02-21T23:00:35.862215Z,1494470381,11398
2026-02-21T23:10:35.774738Z,1494482151,11271
2026-02-21T23:20:36.014071Z,1494490296,11076
2026-02-21T23:30:35.115079Z,1494498511,10929
2026-02-21T23:40:37.201734Z,1494506444,10813
2026-02-21T23:50:36.791659Z,1494514543,10580
2026-02-22T00:00:35.050830Z,1494522612,10466
2026-02-22T00:10:36.379933Z,1494532271,10253
2026-02-22T00:20:36.432121Z,1494540034,10114
2026-02-22T00:30:36.032146Z,1494547423,10095
2026-02-22T00:40:35.502709Z,1494554697,9957
2026-02-22T00:50:35.090520Z,1494562287,9916
2026-02-22T01:00:34.594835Z,1494570251,9936
2026-02-22T01:10:37.860451Z,1494578460,9796
2026-02-22T01:20:36.196885Z,1494585573,9741
2026-02-22T01:30:38.091498Z,1494593144,9788
2026-02-22T01:40:35.052710Z,1494600773,9756
2026-02-22T01:50:36.711194Z,1494608268,9769
2026-02-22T02:00:36.656160Z,1494615975,9984
2026-02-22T02:10:34.980545Z,1494626840,10000
2026-02-22T02:20:36.308788Z,1494633959,9796
2026-02-22T02:30:34.060025Z,1494641169,9678
2026-02-22T02:40:36.324804Z,1494648302,9556
2026-02-22T02:50:37.346344Z,1494655482,9641
2026-02-22T03:00:34.964595Z,1494663152,9614
2026-02-22T03:10:36.449382Z,1494672747,9376
2026-02-22T03:20:36.234960Z,1494680068,9382
2026-02-22T03:30:36.775579Z,1494687265,9341
2026-02-22T03:40:34.063021Z,1494694363,9241
2026-02-22T03:50:36.734692Z,1494701284,9186
2026-02-22T04:00:36.108061Z,1494708881,9199
2026-02-22T04:10:35.298509Z,1494716593,9108
2026-02-22T04:20:37.506731Z,1494723221,9021
2026-02-22T04:30:36.011451Z,1494729757,8870
2026-02-22T04:40:36.637153Z,1494736116,8772
2026-02-22T04:50:35.553724Z,1494742909,8739
2026-02-22T05:00:36.927394Z,1494750025,8803
2026-02-22T05:10:34.578456Z,1494761042,8786
2026-02-22T05:20:36.336362Z,1494767010,8543
2026-02-22T05:30:34.682040Z,1494773173,8407
2026-02-22T05:40:35.211729Z,1494778908,8174
2026-02-22T05:50:35.863267Z,1494785326,8081
2026-02-22T06:00:36.006180Z,1494791010,8008
2026-02-22T06:10:43.739981Z,1494799139,7824
2026-02-22T06:20:45.791065Z,1494804952,7661
2026-02-22T06:30:44.190598Z,1494810878,7592
2026-02-22T06:40:43.905933Z,1494815882,7430
2026-02-22T06:50:41.783169Z,1494821778,7316
2026-02-22T07:00:43.444023Z,1494827383,7212
2026-02-22T07:10:44.936644Z,1494832883,7042
2026-02-22T07:20:43.095679Z,1494837973,6807
2026-02-22T07:30:41.289085Z,1494843072,6664
2026-02-22T07:40:43.031332Z,1494848125,6599
2026-02-22T07:50:44.407516Z,1494852944,6476
2026-02-22T08:00:46.034843Z,1494857834,6299
2026-02-22T08:10:41.859237Z,1494866986,6349
2026-02-22T08:20:45.954621Z,1494871473,6099
2026-02-22T08:30:45.978235Z,1494875833,5934
2026-02-22T08:40:44.742313Z,1494880094,5822
2026-02-22T08:50:45.477334Z,1494884544,5767
2026-02-22T09:00:47.228350Z,1494888920,5614
2026-02-22T09:10:44.185712Z,1494893416,5589
2026-02-22T09:20:47.502566Z,1494897630,5558
2026-02-22T09:30:46.261052Z,1494901980,5489
2026-02-22T09:40:46.336043Z,1494906229,5469
2026-02-22T09:50:44.462991Z,1494910257,5416
2026-02-22T10:00:49.981437Z,1494914598,5410
2026-02-22T10:10:45.933610Z,1494919194,5365
2026-02-22T10:20:48.060613Z,1494923184,5347
2026-02-22T10:30:46.109810Z,1494927199,5328
2026-02-22T10:40:42.695668Z,1494931256,5384
2026-02-22T10:50:46.162435Z,1494935514,5484
2026-02-22T11:00:50.073536Z,1494939951,5667
2026-02-22T11:10:46.003291Z,1494948135,5714
2026-02-22T11:20:48.767204Z,1494952202,5730
2026-02-22T11:30:50.543984Z,1494956578,5752
2026-02-22T11:40:47.592827Z,1494960852,5698
2026-02-22T11:50:48.285426Z,1494965546,5774
2026-02-22T12:00:48.029405Z,1494969819,5862
2026-02-22T12:10:46.853294Z,1494974758,5941
2026-02-22T12:20:47.122305Z,1494979891,5954
2026-02-22T12:30:50.063328Z,1494984411,6060
2026-02-22T12:40:48.696350Z,1494989058,6136
2026-02-22T12:50:45.142930Z,1494993687,6279
2026-02-22T13:00:54.831748Z,1494998839,6454
2026-02-22T13:10:39.930322Z,1495004090,6527
2026-02-22T13:20:37.802215Z,1495009180,6697
2026-02-22T13:30:38.009352Z,1495014439,6867
2026-02-22T13:40:36.718915Z,1495019939,7035
2026-02-22T13:50:38.114207Z,1495025280,7179
2026-02-22T14:00:38.296741Z,1495031242,7429
2026-02-22T14:10:37.113147Z,1495038084,7641
2026-02-22T14:20:38.084862Z,1495043475,7571
2026-02-22T14:30:39.920368Z,1495049148,7735
2026-02-22T14:40:40.343562Z,1495054903,7878
2026-02-22T14:50:39.837855Z,1495060940,7920
2026-02-22T15:00:40.557289Z,1495067111,8126
2026-02-22T15:10:39.724377Z,1495074049,8180
2026-02-22T15:20:38.974271Z,1495080485,8214
2026-02-22T15:30:41.044234Z,1495086851,8344
2026-02-22T15:40:41.809742Z,1495092987,8360
2026-02-22T15:50:39.267871Z,1495099322,8525
2026-02-22T16:00:40.883448Z,1495105977,8676
2026-02-22T16:10:38.618065Z,1495113386,8858
2026-02-22T16:20:39.530552Z,1495120361,8956
2026-02-22T16:30:40.832471Z,1495127400,9177
2026-02-22T16:40:39.905151Z,1495134539,9285
2026-02-22T16:50:38.062906Z,1495141729,9601
2026-02-22T17:00:43.505809Z,1495149630,9813
2026-02-22T17:10:38.680975Z,1495164274,9834
2026-02-22T17:20:41.927845Z,1495171801,9887
2026-02-22T17:30:41.124107Z,1495179702,9942
2026-02-22T17:40:41.024661Z,1495187751,10046
2026-02-22T17:50:39.449576Z,1495195367,10121
2026-02-22T18:00:43.700972Z,1495203906,10368
2026-02-22T18:10:41.483064Z,1495213675,10471
2026-02-22T18:20:40.897692Z,1495222386,10851
2026-02-22T18:30:40.634962Z,1495231075,11073
2026-02-22T18:40:39.138611Z,1495239954,11256
2026-02-22T18:50:41.410253Z,1495248742,11351
2026-02-22T19:00:45.880264Z,1495257765,11437
2026-02-22T19:10:41.300291Z,1495267908,11502
2026-02-22T19:20:41.395007Z,1495276951,11573
2026-02-22T19:30:42.016581Z,1495285671,11625
2026-02-22T19:40:39.618768Z,1495294251,11743
2026-02-22T19:50:40.407154Z,1495303301,11920
2026-02-22T20:00:41.674468Z,1495312893,12180
2026-02-22T20:10:39.212877Z,1495325209,12359
2026-02-22T20:20:40.128895Z,1495334485,12142
2026-02-22T20:30:40.374023Z,1495342902,12072
2026-02-22T20:40:40.737490Z,1495352952,11976
2026-02-22T20:50:40.437925Z,1495362010,11881
2026-02-22T21:00:42.310390Z,1495371324,11890
2026-02-22T21:10:41.366703Z,1495382858,11646
2026-02-22T21:20:41.112462Z,1495391077,11645
2026-02-22T21:30:38.979851Z,1495400456,11519
2026-02-22T21:40:40.903573Z,1495408639,11480
2026-02-22T21:50:47.146150Z,1495417706,11366
2026-02-22T22:00:40.322847Z,1495426154,11280
2026-02-22T22:10:40.156586Z,1495435358,11094
2026-02-22T22:20:43.895139Z,1495443272,10954
2026-02-22T22:30:40.519063Z,1495451634,10843
2026-02-22T22:40:37.903489Z,1495459727,10767
2026-02-22T22:50:39.161870Z,1495467678,10717
2026-02-22T23:00:40.993459Z,1495476129,10691
2026-02-22T23:10:38.346314Z,1495488255,10609
2026-02-22T23:20:50.468741Z,1495496054,10351
2026-02-22T23:30:38.789619Z,1495503016,10244
2026-02-22T23:40:40.478578Z,1495510975,10038
2026-02-22T23:50:36.718489Z,1495518638,9988
2026-02-23T00:00:39.764574Z,1495526517,9814
2026-02-23T00:10:40.548148Z,1495535584,9723
2026-02-23T00:20:37.543246Z,1495542807,9680
2026-02-23T00:30:38.579298Z,1495550226,9519
2026-02-23T00:40:38.657902Z,1495557424,9346
2026-02-23T00:50:40.346324Z,1495564711,9289
2026-02-23T01:00:38.678607Z,1495572090,9321
2026-02-23T01:10:38.049009Z,1495579566,9206
2026-02-23T01:20:37.690624Z,1495586587,9132
2026-02-23T01:30:40.972571Z,1495593713,8978
2026-02-23T01:40:39.815143Z,1495600723,9046
2026-02-23T01:50:39.706248Z,1495607421,8915
2026-02-23T02:00:39.760836Z,1495614690,8995
2026-02-23T02:10:40.357152Z,1495623319,8848
2026-02-23T02:20:39.412265Z,1495629589,8684
2026-02-23T02:30:40.630342Z,1495635706,8497
2026-02-23T02:40:39.844094Z,1495641931,8301
2026-02-23T02:50:38.934095Z,1495647880,8208
2026-02-23T03:00:40.573771Z,1495653896,8061
2026-02-23T03:10:38.750906Z,1495660430,7841
2026-02-23T03:20:37.078090Z,1495666340,7601
2026-02-23T03:30:49.613640Z,1495672172,7448
2026-02-23T03:40:43.260962Z,1495677558,7354
2026-02-23T03:50:43.351407Z,1495682896,7141
2026-02-23T04:00:52.645029Z,1495688572,7065
2026-02-23T04:10:45.875713Z,1495694069,6922
2026-02-23T04:20:45.846575Z,1495698862,6709
2026-02-23T04:30:45.932782Z,1495704043,6546
2026-02-23T04:40:45.902600Z,1495708695,6308
2026-02-23T04:50:43.889707Z,1495713389,6208
2026-02-23T05:00:53.522379Z,1495718271,6196
2026-02-23T05:10:49.081610Z,1495726242,6055
2026-02-23T05:20:41.807901Z,1495730334,5761
2026-02-23T05:30:50.506184Z,1495734477,5552
2026-02-23T05:40:45.812498Z,1495738420,5491
2026-02-23T05:50:46.006162Z,1495742599,5338
2026-02-23T06:00:47.753987Z,1495746480,5251
2026-02-23T06:10:45.924513Z,1495751011,5071
2026-02-23T06:20:52.207988Z,1495754640,4939
2026-02-23T06:30:45.263864Z,1495758124,4753
2026-02-23T06:40:43.364216Z,1495761493,4592
2026-02-23T06:50:43.161960Z,1495764677,4478
2026-02-23T07:00:51.730788Z,1495768012,4346
2026-02-23T07:10:44.578695Z,1495771423,4306
2026-02-23T07:20:51.140200Z,1495774781,4249
2026-02-23T07:30:46.027722Z,1495777912,4195
2026-02-23T07:40:45.431219Z,1495780917,4076
2026-02-23T07:50:44.065287Z,1495783914,4028
2026-02-23T08:00:50.009914Z,1495787147,3935
2026-02-23T08:10:43.717693Z,1495791887,4015
2026-02-23T08:20:48.058044Z,1495794670,3886
2026-02-23T08:30:45.924964Z,1495797493,3760
2026-02-23T08:40:51.635722Z,1495800374,3706
2026-02-23T08:50:43.808392Z,1495803166,3680
2026-02-23T09:00:45.922091Z,1495805842,3669
2026-02-23T09:10:46.381851Z,1495808977,3621
2026-02-23T09:20:45.039443Z,1495811469,3612
2026-02-23T09:30:47.424386Z,1495814175,3671
2026-02-23T09:40:47.779367Z,1495816940,3710
2026-02-23T09:50:43.929193Z,1495819538,3685
2026-02-23T10:00:51.142652Z,1495822394,3686
2026-02-23T10:10:45.628881Z,1495825252,3713
2026-02-23T10:20:43.297450Z,1495827989,3697
2026-02-23T10:30:48.271129Z,1495830786,3771
2026-02-23T10:40:38.253840Z,1495833520,3806
2026-02-23T10:50:40.121285Z,1495836256,3782
2026-02-23T11:00:40.142294Z,1495839258,3875
2026-02-23T11:10:36.453284Z,1495843734,3928
2026-02-23T11:20:39.111777Z,1495846508,3872
2026-02-23T11:30:36.786248Z,1495849400,3832
2026-02-23T11:40:37.348648Z,1495852440,3828
2026-02-23T11:50:37.213167Z,1495855370,3859
2026-02-23T12:00:38.521788Z,1495858402,3914
2026-02-23T12:10:40.244163Z,1495861736,4010
2026-02-23T12:20:40.509318Z,1495864752,4048
2026-02-23T12:30:39.424967Z,1495867899,4166
2026-02-23T12:40:39.170460Z,1495871302,4250
2026-02-23T12:50:37.831067Z,1495874664,4387
2026-02-23T13:00:43.684331Z,1495877963,4471
2026-02-23T13:10:38.190485Z,1495881616,4585
2026-02-23T13:20:38.486994Z,1495885187,4661
2026-02-23T13:30:38.979353Z,1495888726,4793
2026-02-23T13:40:41.368985Z,1495892412,4883
2026-02-23T13:50:40.241199Z,1495896192,5053
2026-02-23T14:00:39.314001Z,1495900293,5288
2026-02-23T14:10:40.954479Z,1495905880,5458
2026-02-23T14:20:39.873011Z,1495909741,5481
2026-02-23T14:30:39.535517Z,1495913918,5574
2026-02-23T14:40:45.054442Z,1495918064,5579
2026-02-23T14:50:38.833865Z,1495922217,5729
2026-02-23T15:00:00.000Z,NaN,NaN
2026-02-23T15:10:52.652081Z,1495931960,5925
2026-02-23T15:21:03.274127Z,1495936403,5969
2026-02-23T15:30:53.456951Z,1495940861,6138
2026-02-23T15:40:54.746683Z,1495945505,6173
2026-02-23T15:50:57.719235Z,1495950299,6226
2026-02-23T16:00:59.595737Z,1495955120,6326
2026-02-23T16:11:03.118926Z,1495960292,6362
2026-02-23T16:20:49.295049Z,1495965391,6430
2026-02-23T16:31:07.764178Z,1495970607,6555
2026-02-23T16:41:11.506504Z,1495975872,6764
2026-02-23T16:51:12.802926Z,1495981001,6935
2026-02-23T17:01:12.493394Z,1495987294,7132
2026-02-23T17:10:53.105810Z,1495994542,7211
2026-02-23T17:20:58.444314Z,1496000902,7148
2026-02-23T17:31:02.215019Z,1496006350,7176
2026-02-23T17:40:53.694184Z,1496011827,7235
2026-02-23T17:51:16.641630Z,1496017617,7204
2026-02-23T18:01:16.749504Z,1496023225,7422
2026-02-23T18:11:10.436337Z,1496030358,7465
2026-02-23T18:20:57.160873Z,1496035981,7572
2026-02-23T18:30:58.609941Z,1496041966,7628
2026-02-23T18:41:16.412720Z,1496048045,7735
2026-02-23T18:51:14.681081Z,1496054324,7798
2026-02-23T19:01:15.683624Z,1496060414,7765
2026-02-23T19:10:59.146311Z,1496067853,7741
2026-02-23T19:21:04.389276Z,1496073796,7846
2026-02-23T19:31:09.673379Z,1496079964,7849
2026-02-23T19:41:05.800994Z,1496086073,7895
2026-02-23T19:50:56.804815Z,1496091977,7962
2026-02-23T20:01:11.977182Z,1496099016,8014
2026-02-23T20:10:56.047050Z,1496110094,8286
2026-02-23T20:21:11.117276Z,1496116755,8279
2026-02-23T20:31:11.820997Z,1496123200,8212
2026-02-23T20:41:03.954889Z,1496129695,8236
2026-02-23T20:51:19.919213Z,1496136301,8249
2026-02-23T21:00:57.686588Z,1496142635,8264
2026-02-23T21:11:02.206409Z,1496150298,8246
2026-02-23T21:21:21.291914Z,1496157021,8188
2026-02-23T21:31:14.255904Z,1496163611,8211
2026-02-23T21:41:02.716491Z,1496169882,8291
2026-02-23T21:51:05.778534Z,1496176569,8301
2026-02-23T22:01:20.653609Z,1496183596,8378
2026-02-23T22:11:03.635461Z,1496190585,8340
2026-02-23T22:20:55.299821Z,1496197477,8365
2026-02-23T22:30:20.775857Z,1496203944,8263
2026-02-23T22:40:20.382422Z,1496210347,8201
2026-02-23T22:50:23.001553Z,1496217324,8237
2026-02-23T23:00:20.085414Z,1496223863,8343
2026-02-23T23:10:21.444577Z,1496236235,8308
2026-02-23T23:20:26.096208Z,1496243042,8210
2026-02-23T23:30:29.069034Z,1496249582,8131
2026-02-23T23:40:21.896085Z,1496256296,8045
2026-02-23T23:50:20.997416Z,1496262673,8033
2026-02-24T00:00:21.748591Z,1496268934,8101
2026-02-24T00:10:21.146419Z,1496276341,8027
2026-02-24T00:20:23.306959Z,1496282770,7974
2026-02-24T00:30:22.018741Z,1496289234,7998
2026-02-24T00:40:20.364450Z,1496295449,7961
2026-02-24T00:50:23.505673Z,1496302001,8005
2026-02-24T01:00:22.733831Z,1496308252,8035
2026-02-24T01:10:21.676105Z,1496314906,8035
2026-02-24T01:20:25.348311Z,1496321024,7924
2026-02-24T01:30:22.620347Z,1496327012,7887
2026-02-24T01:40:21.981195Z,1496332619,7807
2026-02-24T01:50:23.393983Z,1496339167,7797
2026-02-24T02:00:24.448235Z,1496345335,7807
2026-02-24T02:10:19.367755Z,1496352417,7902
2026-02-24T02:20:21.824577Z,1496358169,7621
2026-02-24T02:30:24.686344Z,1496363819,7625
2026-02-24T02:40:20.607661Z,1496369449,7473
2026-02-24T02:50:22.044474Z,1496375120,7386
2026-02-24T03:00:25.753588Z,1496380816,7273
2026-02-24T03:10:21.688984Z,1496387748,6960
2026-02-24T03:20:22.196036Z,1496393108,6803
2026-02-24T03:30:22.481797Z,1496398243,6627
2026-02-24T03:40:23.450274Z,1496403334,6454
2026-02-24T03:50:21.477583Z,1496408110,6292
2026-02-24T04:00:22.655693Z,1496412858,6218
2026-02-24T04:10:25.505960Z,1496417484,6009
2026-02-24T04:20:21.377302Z,1496422089,5893
2026-02-24T04:30:23.360293Z,1496426439,5658
2026-02-24T04:40:23.237395Z,1496430796,5518
2026-02-24T04:50:24.091599Z,1496434911,5456
2026-02-24T05:00:28.350369Z,1496438789,5510
2026-02-24T05:10:21.410160Z,1496445226,5437
2026-02-24T05:20:23.488899Z,1496449183,5217
2026-02-24T05:30:26.846203Z,1496452985,5098
2026-02-24T05:40:22.946997Z,1496456686,4907
2026-02-24T05:50:29.953895Z,1496460295,4871
2026-02-24T06:00:30.155541Z,1496463781,4781
2026-02-24T06:10:29.408834Z,1496467317,4601
2026-02-24T06:20:29.755267Z,1496470882,4420
2026-02-24T06:30:32.040082Z,1496474199,4313
2026-02-24T06:40:30.924782Z,1496477427,4249
2026-02-24T06:50:27.652949Z,1496480549,4094
2026-02-24T07:00:32.605533Z,1496483559,3974
2026-02-24T07:10:28.387328Z,1496486808,3870
2026-02-24T07:20:29.496939Z,1496489670,3765
2026-02-24T07:30:30.488955Z,1496492550,3708
2026-02-24T07:40:30.587668Z,1496495243,3605
2026-02-24T07:50:31.861391Z,1496498275,3546
2026-02-24T08:00:30.175585Z,1496501120,3575
2026-02-24T08:10:31.274417Z,1496504650,3571
2026-02-24T08:20:30.538424Z,1496507302,3466
2026-02-24T08:30:31.323815Z,1496509790,3378
2026-02-24T08:40:30.750076Z,1496512310,3315
2026-02-24T08:50:29.400692Z,1496514781,3247
2026-02-24T09:00:33.144237Z,1496517376,3229
2026-02-24T09:10:30.260924Z,1496520068,3211
2026-02-24T09:20:32.682784Z,1496522477,3202
2026-02-24T09:30:34.056271Z,1496524879,3157
2026-02-24T09:40:37.300708Z,1496527223,3182
2026-02-24T09:50:31.793523Z,1496529810,3216
2026-02-24T10:00:38.787135Z,1496532259,3211
2026-02-24T10:10:34.207289Z,1496534594,3247
2026-02-24T10:20:30.990927Z,1496537163,3309
2026-02-24T10:30:36.923598Z,1496539908,3326
2026-02-24T10:40:34.671057Z,1496542440,3341
2026-02-24T10:50:35.393724Z,1496544998,3394
2026-02-24T11:00:36.319541Z,1496547692,3457
2026-02-24T11:10:32.808201Z,1496551319,3495
2026-02-24T11:20:32.625685Z,1496554034,3457
2026-02-24T11:30:33.562698Z,1496556565,3423
2026-02-24T11:40:37.215499Z,1496559293,3473
2026-02-24T11:50:35.314004Z,1496562154,3559
2026-02-24T12:00:48.824738Z,1496565073,3709
2026-02-24T12:10:37.912753Z,1496568171,3712
2026-02-24T12:20:38.545724Z,1496571095,3766
2026-02-24T12:30:39.289571Z,1496574119,3816
2026-02-24T12:40:47.013269Z,1496577110,3908
2026-02-24T12:50:32.537339Z,1496580186,4028
2026-02-24T13:00:43.347448Z,1496583452,4230
2026-02-24T13:10:21.356386Z,1496586825,4323
2026-02-24T13:20:21.832261Z,1496590263,4418
2026-02-24T13:30:20.006660Z,1496593807,4560
2026-02-24T13:40:21.924724Z,1496597466,4789
2026-02-24T13:50:22.741382Z,1496601326,4954
2026-02-24T14:00:21.724653Z,1496605281,5168
2026-02-24T14:10:22.287316Z,1496611449,5217
2026-02-24T14:20:23.459932Z,1496615455,5248
2026-02-24T14:30:23.882957Z,1496619404,5293
2026-02-24T14:40:23.441961Z,1496623343,5302
2026-02-24T14:50:22.993569Z,1496627616,5332
2026-02-24T15:00:21.251310Z,1496631968,5443
2026-02-24T15:10:22.157784Z,1496637054,5577
2026-02-24T15:20:22.707510Z,1496641455,5660
2026-02-24T15:30:20.801143Z,1496645859,5699
2026-02-24T15:40:24.360983Z,1496650348,5808
2026-02-24T15:50:47.227190Z,1496655077,5857
2026-02-24T16:00:21.765672Z,1496659594,5993
2026-02-24T16:10:23.624434Z,1496664415,6082
2026-02-24T16:20:30.706920Z,1496668957,6135
2026-02-24T16:30:31.267578Z,1496673941,6263
2026-02-24T16:40:26.349340Z,1496678639,6278
2026-02-24T16:50:29.659288Z,1496683920,6419
2026-02-24T17:00:22.048377Z,1496689296,6645
2026-02-24T17:10:20.994343Z,1496696196,6710
2026-02-24T17:20:24.806276Z,1496701148,6750
2026-02-24T17:30:24.646354Z,1496706559,6728
2026-02-24T17:40:23.534768Z,1496711645,6833
2026-02-24T17:50:23.894701Z,1496716918,6872
2026-02-24T18:00:24.754955Z,1496722209,6972
2026-02-24T18:10:22.869392Z,1496728644,7092
2026-02-24T18:20:25.050160Z,1496734293,7066
2026-02-24T18:30:22.610085Z,1496739858,7105
2026-02-24T18:40:23.486528Z,1496745683,7131
2026-02-24T18:50:21.571278Z,1496751185,7212
2026-02-24T19:00:24.016736Z,1496756658,7234
2026-02-24T19:10:20.975227Z,1496762829,7257
2026-02-24T19:20:22.164435Z,1496769160,7375
2026-02-24T19:30:22.289849Z,1496774780,7394
2026-02-24T19:40:21.402692Z,1496780775,7448
2026-02-24T19:50:22.355579Z,1496786865,7421
2026-02-24T20:00:21.208858Z,1496793082,7591
2026-02-24T20:10:20.524264Z,1496801860,7786
2026-02-24T20:20:22.912269Z,1496807884,7780
2026-02-24T20:30:22.825257Z,1496813774,7806
2026-02-24T20:40:23.350306Z,1496820119,7783
2026-02-24T20:50:21.079845Z,1496826488,7910
2026-02-24T21:00:22.068066Z,1496833224,7970
2026-02-24T21:10:35.426875Z,1496841244,7891
2026-02-24T21:20:31.961708Z,1496847649,7954
2026-02-24T21:30:32.065972Z,1496854002,7949
2026-02-24T21:40:30.479358Z,1496860389,7959
2026-02-24T21:50:33.417431Z,1496867160,7990
2026-02-24T22:00:34.134668Z,1496873731,8063
2026-02-24T22:10:38.489057Z,1496880775,8134
2026-02-24T22:20:31.365416Z,1496888063,8133
2026-02-24T22:30:33.066712Z,1496894504,8008
2026-02-24T22:40:30.934976Z,1496900837,7941
2026-02-24T22:50:31.303621Z,1496906876,7921
2026-02-24T23:00:31.775934Z,1496913948,7954
2026-02-24T23:10:34.078631Z,1496922045,7862
2026-02-24T23:20:31.272535Z,1496928252,7657
2026-02-24T23:30:33.034372Z,1496934361,7466
2026-02-24T23:40:33.606660Z,1496940351,7362
2026-02-24T23:50:32.941214Z,1496946431,7307
2026-02-25T00:00:32.944903Z,1496952254,7311
2026-02-25T00:10:39.696897Z,1496959331,7359
2026-02-25T00:20:32.584642Z,1496965009,7389
2026-02-25T00:30:30.939866Z,1496970904,7457
2026-02-25T00:40:33.534106Z,1496976223,7428
2026-02-25T00:50:33.944318Z,1496982368,7420
2026-02-25T01:00:34.472959Z,1496988335,7414
2026-02-25T01:10:32.204143Z,1496994422,7330
2026-02-25T01:20:29.581197Z,1496999996,7261
2026-02-25T01:30:34.739625Z,1497005821,7248
2026-02-25T01:40:30.983873Z,1497011125,7186
2026-02-25T01:50:30.478328Z,1497016683,7168
2026-02-25T02:00:34.906960Z,1497022586,7334
2026-02-25T02:10:31.247681Z,1497030461,7327
2026-02-25T02:20:34.396928Z,1497036011,7176
2026-02-25T02:30:31.747312Z,1497041562,7025
2026-02-25T02:40:32.886793Z,1497046866,6868
2026-02-25T02:50:30.581355Z,1497052043,6846
2026-02-25T03:00:31.110532Z,1497057007,6758
2026-02-25T03:10:31.584586Z,1497063653,6489
2026-02-25T03:20:31.762869Z,1497068758,6382
2026-02-25T03:30:00.000Z,NaN,NaN
2026-02-25T03:40:31.834033Z,1497078313,6159
2026-02-25T03:50:31.427497Z,1497082953,5946
2026-02-25T04:00:32.467344Z,1497087500,5846
2026-02-25T04:10:32.645913Z,1497092140,5617
2026-02-25T04:20:30.545106Z,1497096378,5475
2026-02-25T04:30:31.746714Z,1497100433,5350
2026-02-25T04:40:32.357044Z,1497104449,5242
2026-02-25T04:50:31.038116Z,1497108283,5150
2026-02-25T05:00:33.963818Z,1497112259,5146
2026-02-25T05:10:32.568594Z,1497118450,5074
2026-02-25T05:20:48.582584Z,1497122024,4903
2026-02-25T05:30:51.253596Z,1497125410,4693
2026-02-25T05:40:52.969766Z,1497129121,4568
2026-02-25T05:50:49.860421Z,1497132528,4428
2026-02-25T06:00:50.074959Z,1497135678,4333
2026-02-25T06:10:48.556797Z,1497139132,4208
2026-02-25T06:20:50.171252Z,1497142201,4002
2026-02-25T06:30:48.256514Z,1497145132,3900
2026-02-25T06:40:48.842559Z,1497148050,3772
2026-02-25T06:50:47.426539Z,1497150851,3711
2026-02-25T07:00:47.517148Z,1497153546,3606
2026-02-25T07:10:52.487803Z,1497156383,3540
2026-02-25T07:20:50.020751Z,1497158983,3503
2026-02-25T07:30:45.978637Z,1497161545,3424
2026-02-25T07:40:00.000Z,NaN,NaN
2026-02-25T07:50:00.000Z,NaN,NaN
2026-02-25T08:00:00.000Z,NaN,NaN
2026-02-25T08:10:00.000Z,NaN,NaN
2026-02-25T08:20:00.000Z,NaN,NaN
2026-02-25T08:30:00.000Z,NaN,NaN
2026-02-25T08:40:00.000Z,NaN,NaN
2026-02-25T08:50:00.000Z,NaN,NaN
2026-02-25T09:00:00.000Z,NaN,NaN
2026-02-25T09:10:00.000Z,NaN,NaN
2026-02-25T09:20:00.000Z,NaN,NaN
2026-02-25T09:30:00.000Z,NaN,NaN
2026-02-25T09:40:00.000Z,NaN,NaN
2026-02-25T09:50:00.000Z,NaN,NaN
2026-02-25T10:00:00.000Z,NaN,NaN
2026-02-25T10:10:00.000Z,NaN,NaN
2026-02-25T10:20:00.000Z,NaN,NaN
2026-02-25T10:30:00.000Z,NaN,NaN
2026-02-25T10:40:00.000Z,NaN,NaN
2026-02-25T10:50:00.000Z,NaN,NaN
2026-02-25T11:00:00.000Z,NaN,NaN
2026-02-25T11:10:00.000Z,NaN,NaN
2026-02-25T11:20:00.000Z,NaN,NaN
2026-02-25T11:30:00.000Z,NaN,NaN
2026-02-25T11:40:00.000Z,NaN,NaN
2026-02-25T11:50:00.000Z,NaN,NaN
2026-02-25T12:00:49.573467Z,1497232944,3623
2026-02-25T12:10:48.257270Z,1497236108,3681
2026-02-25T12:20:49.006161Z,1497239130,3760
2026-02-25T12:30:48.029881Z,1497242185,3861
2026-02-25T12:40:47.179044Z,1497245349,3910
2026-02-25T12:50:49.263816Z,1497248563,4034
2026-02-25T13:00:48.798027Z,1497251769,4060
2026-02-25T13:10:50.870188Z,1497255074,4115
2026-02-25T13:20:48.156933Z,1497258412,4252
2026-02-25T13:30:49.723639Z,1497261916,4321
2026-02-25T13:40:47.837089Z,1497265347,4338
2026-02-25T13:50:49.406947Z,1497268938,4416
2026-02-25T14:00:50.220075Z,1497273052,4750
2026-02-25T14:10:46.937041Z,1497278824,4884
2026-02-25T14:20:47.208831Z,1497282585,4898
2026-02-25T14:30:49.066711Z,1497286432,4904
2026-02-25T14:40:51.037149Z,1497290245,4922
2026-02-25T14:50:51.137566Z,1497294079,4987
2026-02-25T15:00:49.610983Z,1497298206,5062
2026-02-25T15:10:51.118036Z,1497302994,5166
2026-02-25T15:20:50.785300Z,1497306995,5175
2026-02-25T15:30:50.259409Z,1497311247,5288
2026-02-25T15:40:50.724847Z,1497315114,5264
2026-02-25T15:50:55.254323Z,1497319678,5306
2026-02-25T16:01:01.605978Z,1497324167,5402
2026-02-25T16:10:52.318178Z,1497328600,5460
2026-02-25T16:20:51.314612Z,1497333108,5503
2026-02-25T16:30:49.753780Z,1497337823,5644
2026-02-25T16:40:50.281158Z,1497342730,5796
2026-02-25T16:50:47.882339Z,1497347756,5949
2026-02-25T17:00:50.885916Z,1497352905,6031
2026-02-25T17:10:49.380230Z,1497359077,6211
2026-02-25T17:21:06.771301Z,1497364363,6234
2026-02-25T17:30:49.316965Z,1497369434,6226
2026-02-25T17:40:51.504805Z,1497374693,6234
2026-02-25T17:50:52.958055Z,1497380016,6266
2026-02-25T18:00:55.084029Z,1497385356,6371
2026-02-25T18:11:17.404982Z,1497391818,6379
2026-02-25T18:21:00.220056Z,1497396916,6411
2026-02-25T18:30:50.292154Z,1497402243,6463
2026-02-25T18:40:47.189169Z,1497407328,6546
2026-02-25T18:50:51.481885Z,1497412350,6600
2026-02-25T19:00:48.980622Z,1497417627,6789
2026-02-25T19:10:49.760633Z,1497423415,6800
2026-02-25T19:20:49.747947Z,1497428925,6876
2026-02-25T19:30:46.933017Z,1497434347,6889
2026-02-25T19:40:55.314155Z,1497439707,6946
2026-02-25T19:50:47.261677Z,1497445111,7016
2026-02-25T20:00:48.614636Z,1497450960,7214
2026-02-25T20:10:47.185273Z,1497459880,7256
2026-02-25T20:20:50.018349Z,1497465452,7238
2026-02-25T20:30:50.378267Z,1497471023,7140
2026-02-25T20:40:49.251039Z,1497476675,7243
2026-02-25T20:50:52.476335Z,1497482196,7323
2026-02-25T21:00:46.899194Z,1497487707,7406
2026-02-25T21:10:49.198414Z,1497494610,7399
2026-02-25T21:20:50.885555Z,1497500553,7456
2026-02-25T21:30:49.349824Z,1497506302,7468
2026-02-25T21:40:49.513331Z,1497512296,7585
2026-02-25T21:50:47.809571Z,1497517878,7593
2026-02-25T22:00:55.747856Z,1497524445,7663
2026-02-25T22:10:50.115230Z,1497530450,7560
2026-02-25T22:20:47.670214Z,1497536426,7562
2026-02-25T22:30:46.160191Z,1497542160,7549
2026-02-25T22:40:47.556908Z,1497548149,7540
2026-02-25T22:50:48.582000Z,1497554079,7616
2026-02-25T23:00:48.970240Z,1497560121,7755
2026-02-25T23:10:49.593836Z,1497569995,7770
2026-02-25T23:20:48.985159Z,1497575568,7624
2026-02-25T23:30:47.584124Z,1497581545,7656
2026-02-25T23:40:49.926328Z,1497587379,7603
2026-02-25T23:50:48.420562Z,1497593195,7538
2026-02-26T00:00:50.393486Z,1497598389,7478
2026-02-26T00:10:48.276515Z,1497606057,7335
2026-02-26T00:20:46.645440Z,1497611850,7420
2026-02-26T00:30:48.864456Z,1497617998,7410
2026-02-26T00:40:45.791825Z,1497624199,7248
2026-02-26T00:50:49.420405Z,1497630502,7184
2026-02-26T01:00:49.592341Z,1497636819,7325
2026-02-26T01:10:46.669326Z,1497642518,7326
2026-02-26T01:20:48.004972Z,1497648115,7272
2026-02-26T01:30:48.612674Z,1497653517,7187
2026-02-26T01:40:47.894051Z,1497659103,7192
2026-02-26T01:50:46.309558Z,1497664572,7226
2026-02-26T02:00:50.946287Z,1497670516,7335
2026-02-26T02:10:46.907720Z,1497678060,7350
2026-02-26T02:20:47.660512Z,1497683637,7113
2026-02-26T02:30:46.159945Z,1497689001,7052
2026-02-26T02:40:48.498569Z,1497694365,6954
2026-02-26T02:50:45.416778Z,1497699301,6878
2026-02-26T03:00:47.254349Z,1497704987,6780
2026-02-26T03:10:47.818856Z,1497710711,6664
2026-02-26T03:20:47.544095Z,1497715779,6498
2026-02-26T03:30:49.897760Z,1497720925,6332
2026-02-26T03:40:25.318024Z,1497725399,6209
2026-02-26T03:50:27.668873Z,1497730130,6019
2026-02-26T04:00:29.412535Z,1497734718,5918
2026-02-26T04:10:26.412425Z,1497739567,5713
2026-02-26T04:20:26.031126Z,1497744386,5418
2026-02-26T04:30:27.361278Z,1497748634,5347
2026-02-26T04:40:20.635978Z,1497752803,5189
2026-02-26T04:50:24.349593Z,1497756728,5007
2026-02-26T05:00:27.560410Z,1497761298,4700
2026-02-26T05:10:23.436363Z,1497767021,4600
2026-02-26T05:20:26.030809Z,1497771127,4579
2026-02-26T05:30:28.447639Z,1497774999,4603
2026-02-26T05:40:23.407810Z,1497778721,4529
2026-02-26T05:50:28.217664Z,1497782188,4379
2026-02-26T06:00:22.959278Z,1497785515,4250
2026-02-26T06:10:25.957442Z,1497789457,4164
2026-02-26T06:20:27.289442Z,1497792746,4011
2026-02-26T06:30:31.045667Z,1497797460,3801
2026-02-26T06:40:29.860649Z,1497800669,3800
2026-02-26T06:50:30.594852Z,1497803656,3734
2026-02-26T07:00:28.235898Z,1497806544,3757
2026-02-26T07:10:26.442878Z,1497809730,3780
2026-02-26T07:20:24.417149Z,1497812079,3712
2026-02-26T07:30:20.613865Z,1497816501,3311
2026-02-26T07:40:18.871522Z,1497819227,3352
2026-02-26T07:50:17.639968Z,1497822008,3384
2026-02-26T08:00:23.149090Z,1497824650,3465
2026-02-26T08:10:21.249383Z,1497827294,3452
2026-02-26T08:20:21.314151Z,1497829982,3417
2026-02-26T08:30:20.581271Z,1497832692,3428
2026-02-26T08:40:26.880566Z,1497835400,3367
2026-02-26T08:50:20.441060Z,1497837894,3333
2026-02-26T09:00:19.867856Z,1497840454,3365
2026-02-26T09:10:17.791095Z,1497843148,3311
2026-02-26T09:20:20.570587Z,1497845633,3249
2026-02-26T09:30:20.171279Z,1497847950,3258
2026-02-26T09:40:18.766781Z,1497850420,3262
2026-02-26T09:50:17.257838Z,1497852905,3296
2026-02-26T10:00:17.370288Z,1497855502,3317
2026-02-26T10:10:19.075900Z,1497858482,3376
2026-02-26T10:20:19.747990Z,1497861046,3377
2026-02-26T10:30:18.836874Z,1497863452,3406
2026-02-26T10:40:17.946789Z,1497866184,3469
2026-02-26T10:50:17.704303Z,1497868783,3556
2026-02-26T11:00:17.271125Z,1497871583,3641
2026-02-26T11:10:13.399692Z,1497874529,3624
2026-02-26T11:20:15.713418Z,1497877289,3693
2026-02-26T11:30:12.774823Z,1497880312,3741
2026-02-26T11:40:17.309373Z,1497883377,3754
2026-02-26T11:50:16.924920Z,1497886308,3800
2026-02-26T12:00:14.770677Z,1497889284,3900
2026-02-26T12:10:11.493730Z,1497893129,3882
2026-02-26T12:20:13.715055Z,1497896206,3909
2026-02-26T12:30:17.018684Z,1497899285,3993
2026-02-26T12:40:14.270227Z,1497902490,4109
2026-02-26T12:50:12.847148Z,1497905714,4211
2026-02-26T13:00:16.070872Z,1497909088,4365
2026-02-26T13:10:14.895860Z,1497913086,4506
2026-02-26T13:20:16.681975Z,1497916596,4566
2026-02-26T13:30:15.855156Z,1497920171,4700
2026-02-26T13:40:14.214959Z,1497924000,4794
2026-02-26T13:50:15.734700Z,1497927796,4834
2026-02-26T14:00:22.707971Z,1497931740,4995
2026-02-26T14:10:17.451967Z,1497936072,4998
2026-02-26T14:20:16.564776Z,1497939905,5026
2026-02-26T14:30:17.746398Z,1497943537,5134
2026-02-26T14:40:30.376330Z,1497948105,5218
2026-02-26T14:50:13.747129Z,1497951943,5249
2026-02-26T15:00:17.613048Z,1497956120,5342
2026-02-26T15:10:13.212487Z,1497960652,5402
2026-02-26T15:20:14.677004Z,1497964635,5420
2026-02-26T15:30:15.641460Z,1497968993,5443
2026-02-26T15:40:15.769041Z,1497973299,5561
2026-02-26T15:50:14.628046Z,1497977512,5628
2026-02-26T16:00:21.817009Z,1497981852,5880
2026-02-26T16:10:13.941744Z,1497986807,6002
2026-02-26T16:20:16.458853Z,1497990773,6091
2026-02-26T16:30:15.733512Z,1497995807,6218
2026-02-26T16:40:12.671215Z,1498000848,6245
2026-02-26T16:50:14.036277Z,1498005631,6281
2026-02-26T17:00:15.026390Z,1498010672,6420
2026-02-26T17:10:17.000992Z,1498015960,6439
2026-02-26T17:20:12.081601Z,1498020662,6368
2026-02-26T17:30:14.001028Z,1498025718,6403
2026-02-26T17:40:14.501524Z,1498030548,6411
2026-02-26T17:50:14.210832Z,1498035649,6401
2026-02-26T18:00:16.169822Z,1498040800,6565
2026-02-26T18:10:12.711801Z,1498048008,6642
2026-02-26T18:20:14.610002Z,1498053211,6731
2026-02-26T18:30:12.493827Z,1498058406,6772
2026-02-26T18:40:13.426856Z,1498063725,6805
2026-02-26T18:50:34.376882Z,1498069267,6892
2026-02-26T19:00:59.364345Z,1498074856,7026
2026-02-26T19:10:55.436870Z,1498080993,7103
2026-02-26T19:20:53.858960Z,1498086517,7160
2026-02-26T19:30:49.512540Z,1498091769,7172
2026-02-26T19:40:52.579260Z,1498097040,7191
2026-02-26T19:50:59.719907Z,1498102818,7280
2026-02-26T20:00:34.510658Z,1498108061,7245
2026-02-26T20:10:34.304274Z,1498113904,7362
2026-02-26T20:20:34.517225Z,1498119582,7375
2026-02-26T20:30:36.262876Z,1498125314,7475
2026-02-26T20:40:32.450770Z,1498131211,7555
2026-02-26T20:50:33.226245Z,1498137103,7580
2026-02-26T21:00:35.038400Z,1498143024,7736
2026-02-26T21:10:35.749644Z,1498149694,7661
2026-02-26T21:20:34.289093Z,1498155801,7694
2026-02-26T21:30:35.526355Z,1498161925,7752
2026-02-26T21:40:34.939675Z,1498168421,7858
2026-02-26T21:50:33.606087Z,1498174664,7833
2026-02-26T22:00:36.606653Z,1498180789,7999
2026-02-26T22:10:52.380141Z,1498188000,8020
2026-02-26T22:20:52.341955Z,1498193787,8056
2026-02-26T22:30:35.570151Z,1498199929,7984
2026-02-26T22:40:33.574414Z,1498206270,7877
2026-02-26T22:50:33.289837Z,1498212492,7803
2026-02-26T23:00:34.704892Z,1498218350,7862
2026-02-26T23:10:31.701794Z,1498224602,7724
2026-02-26T23:20:33.970333Z,1498230491,7634
2026-02-26T23:30:31.265709Z,1498236196,7605
2026-02-26T23:40:33.456048Z,1498242249,7627
2026-02-26T23:50:34.319920Z,1498248134,7587
2026-02-27T00:00:36.198111Z,1498253945,7552
2026-02-27T00:10:35.486939Z,1498261909,7411
2026-02-27T00:20:33.467142Z,1498267685,7379
2026-02-27T00:30:31.901818Z,1498273530,7408
2026-02-27T00:40:32.727286Z,1498279428,7386
2026-02-27T00:50:33.096515Z,1498285151,7457
2026-02-27T01:00:32.420468Z,1498291032,7549
2026-02-27T01:10:33.300514Z,1498297167,7669
2026-02-27T01:20:32.242981Z,1498303021,7521
2026-02-27T01:30:33.095148Z,1498308700,7549
2026-02-27T01:40:32.356295Z,1498314791,7430
2026-02-27T01:50:33.206478Z,1498320915,7429
2026-02-27T02:00:32.644577Z,1498326688,7413
2026-02-27T02:10:32.075932Z,1498332717,7381
2026-02-27T02:20:35.074208Z,1498338579,7343
2026-02-27T02:30:38.867538Z,1498344531,7238
2026-02-27T02:40:38.962239Z,1498350700,7055
2026-02-27T02:50:38.765787Z,1498356536,6997
2026-02-27T03:00:38.341184Z,1498362475,6911
2026-02-27T03:10:38.451144Z,1498368829,6808
2026-02-27T03:20:41.168059Z,1498374175,6525
2026-02-27T03:30:37.303430Z,1498379529,6322
2026-02-27T03:40:37.614892Z,1498384519,6144
2026-02-27T03:50:38.400962Z,1498389808,5965
2026-02-27T04:00:40.678232Z,1498394838,6025
2026-02-27T04:10:40.356934Z,1498400481,5861
2026-02-27T04:20:37.302109Z,1498405206,5689
2026-02-27T04:30:39.409412Z,1498409573,5542
2026-02-27T04:40:36.025562Z,1498414029,5417
2026-02-27T04:50:38.481704Z,1498418439,5358
2026-02-27T05:00:39.832732Z,1498422638,5248
2026-02-27T05:10:39.996614Z,1498426675,5080
2026-02-27T05:20:40.285759Z,1498430930,4957
2026-02-27T05:30:37.730745Z,1498434718,4891
2026-02-27T05:40:41.928512Z,1498438736,4752
2026-02-27T05:50:39.109742Z,1498442120,4634
2026-02-27T06:00:42.075180Z,1498445767,4580
2026-02-27T06:10:37.569196Z,1498450088,4340
2026-02-27T06:20:38.841862Z,1498453437,4262
2026-02-27T06:30:38.969794Z,1498456873,4184
2026-02-27T06:40:38.826453Z,1498460159,4084
2026-02-27T06:50:39.438819Z,1498463071,3999
2026-02-27T07:00:38.075872Z,1498466292,3947
2026-02-27T07:10:38.899985Z,1498469875,3865
2026-02-27T07:20:37.993377Z,1498472593,3808
2026-02-27T07:30:38.888606Z,1498475028,3695
2026-02-27T07:40:38.757953Z,1498478083,3615
2026-02-27T07:50:37.686719Z,1498480596,3555
2026-02-27T08:00:40.385793Z,1498483490,3510
2026-02-27T08:10:38.751075Z,1498486093,3457
2026-02-27T08:20:40.158675Z,1498488586,3403
2026-02-27T08:30:38.956010Z,1498491414,3414
2026-02-27T08:40:39.538197Z,1498494054,3410
2026-02-27T08:50:38.787299Z,1498496500,3366
2026-02-27T09:00:38.528796Z,1498499004,3376
2026-02-27T09:10:40.135628Z,1498501724,3366
2026-02-27T09:20:40.020699Z,1498504215,3372
2026-02-27T09:30:40.135923Z,1498506745,3335
2026-02-27T09:40:43.148749Z,1498509408,3346
2026-02-27T09:50:37.420776Z,1498511876,3356
2026-02-27T10:00:38.710092Z,1498514608,3442
2026-02-27T10:10:38.128373Z,1498517598,3508
2026-02-27T10:20:38.258830Z,1498519919,3438
2026-02-27T10:30:39.632371Z,1498522456,3499
2026-02-27T10:40:42.668855Z,1498525378,3506
2026-02-27T10:50:37.136654Z,1498527999,3559
2026-02-27T11:00:45.057347Z,1498530905,3701
2026-02-27T11:10:40.235490Z,1498533882,3727
2026-02-27T11:20:38.785269Z,1498536785,3760
2026-02-27T11:30:51.032965Z,1498539714,3790
2026-02-27T11:40:39.894455Z,1498542760,3833
2026-02-27T11:50:41.361304Z,1498546101,3895
2026-02-27T12:00:47.705167Z,1498549048,4001
2026-02-27T12:10:37.392994Z,1498552923,4025
2026-02-27T12:20:40.844208Z,1498556080,4163
2026-02-27T12:30:48.600442Z,1498559423,4213
2026-02-27T12:40:39.752031Z,1498562762,4319
2026-02-27T12:50:39.751565Z,1498566280,4430
2026-02-27T13:01:00.274038Z,1498569937,4562
2026-02-27T13:10:45.367342Z,1498574039,4699
2026-02-27T13:20:39.747050Z,1498577806,4806
2026-02-27T13:30:47.342952Z,1498581698,4962
2026-02-27T13:40:44.435495Z,1498586121,5059
2026-02-27T13:50:42.604088Z,1498590355,5224
2026-02-27T14:00:42.393430Z,1498594648,5388
2026-02-27T14:10:47.202022Z,1498599165,5460
2026-02-27T14:20:38.393425Z,1498603467,5495
2026-02-27T14:30:46.104682Z,1498607783,5552
2026-02-27T14:40:41.353965Z,1498612409,5646
2026-02-27T14:50:37.225752Z,1498616623,5710
2026-02-27T15:00:38.296711Z,1498621431,5943
2026-02-27T15:10:40.798230Z,1498626238,5981
2026-02-27T15:20:38.706819Z,1498631321,5935
2026-02-27T15:30:43.529353Z,1498636174,5989
2026-02-27T15:40:40.367959Z,1498640790,6004
2026-02-27T15:50:36.104857Z,1498645680,6051
2026-02-27T16:00:44.193980Z,1498650628,6112
2026-02-27T16:10:35.741367Z,1498655766,6319
2026-02-27T16:20:35.977459Z,1498660502,6375
2026-02-27T16:30:38.474709Z,1498665493,6405
2026-02-27T16:40:33.212022Z,1498671385,6473
2026-02-27T16:50:38.021610Z,1498676519,6539
2026-02-27T17:00:40.487209Z,1498681835,6638
2026-02-27T17:10:37.200422Z,1498687160,6721
2026-02-27T17:20:36.228359Z,1498692266,6779
2026-02-27T17:30:36.149034Z,1498697518,6811
2026-02-27T17:40:33.024788Z,1498703649,6946
2026-02-27T17:50:16.579277Z,1498708517,6929
2026-02-27T18:00:18.096698Z,1498714008,6974
2026-02-27T18:10:18.474289Z,1498720563,7005
2026-02-27T18:20:17.297283Z,1498726016,7000
2026-02-27T18:30:19.410093Z,1498731537,7035
2026-02-27T18:40:17.181760Z,1498737314,7066
2026-02-27T18:50:19.214573Z,1498742557,7060
2026-02-27T19:00:19.954790Z,1498747898,7132
2026-02-27T19:10:19.514117Z,1498754341,7236
2026-02-27T19:20:19.328951Z,1498759759,7215
2026-02-27T19:30:17.355450Z,1498765295,7343
2026-02-27T19:40:15.545103Z,1498771847,7420
2026-02-27T19:50:17.679268Z,1498777513,7499
2026-02-27T20:00:16.658954Z,1498783224,7620
2026-02-27T20:10:18.476954Z,1498789020,7651
2026-02-27T20:20:17.638981Z,1498794932,7734
2026-02-27T20:30:18.754881Z,1498801267,7921
2026-02-27T20:40:17.942613Z,1498808139,8222
2026-02-27T20:50:15.446771Z,1498814440,8219
2026-02-27T21:00:21.183597Z,1498820861,8404
2026-02-27T21:10:17.851845Z,1498829196,8492
2026-02-27T21:20:18.361010Z,1498835979,8551
2026-02-27T21:30:18.057411Z,1498842879,8697
2026-02-27T21:40:17.194142Z,1498849979,8765
2026-02-27T21:50:17.011325Z,1498856412,8930
2026-02-27T22:00:16.817708Z,1498863410,8993
2026-02-27T22:10:17.311817Z,1498872338,9225
2026-02-27T22:20:18.823497Z,1498879261,9262
2026-02-27T22:30:17.162951Z,1498886444,9186
2026-02-27T22:40:17.434910Z,1498893949,9169
2026-02-27T22:50:19.887100Z,1498901338,9088
2026-02-27T23:00:18.709544Z,1498908752,9049
2026-02-27T23:10:19.681406Z,1498915931,9052
2026-02-27T23:20:18.155942Z,1498923085,8984
2026-02-27T23:30:16.392368Z,1498930083,9044
2026-02-27T23:40:19.622843Z,1498938187,9034
2026-02-27T23:50:18.700347Z,1498944698,9029
2026-02-28T00:00:18.246757Z,1498951414,8984
2026-02-28T00:10:15.251344Z,1498959617,8761
2026-02-28T00:20:18.285550Z,1498966536,8910
2026-02-28T00:30:16.153124Z,1498973238,8864
2026-02-28T00:40:16.895072Z,1498980332,8843
2026-02-28T00:50:16.756487Z,1498986932,8563
2026-02-28T01:00:16.665272Z,1498993785,8463
2026-02-28T01:10:18.843359Z,1499001175,8687
2026-02-28T01:21:07.930590Z,1499008198,8626
2026-02-28T01:31:09.632882Z,1499014874,8622
2026-02-28T01:41:12.219095Z,1499022448,8552
2026-02-28T01:51:10.958104Z,1499028681,8540
2026-02-28T02:01:10.865361Z,1499035181,8552
2026-02-28T02:11:12.785685Z,1499042105,8455
2026-02-28T02:21:11.640417Z,1499048579,8425
2026-02-28T02:31:11.328054Z,1499055167,8417
2026-02-28T02:41:09.134111Z,1499062567,8487
2026-02-28T02:51:11.795043Z,1499068865,8412
2026-02-28T03:01:11.186255Z,1499075141,8470
2026-02-28T03:11:09.862709Z,1499082943,8338
2026-02-28T03:21:11.395487Z,1499089362,8298
2026-02-28T03:31:10.353949Z,1499095200,8201
2026-02-28T03:41:12.539363Z,1499101983,8231
2026-02-28T03:51:12.181570Z,1499108091,8240
2026-02-28T04:01:10.217533Z,1499114333,8250
2026-02-28T04:11:13.811822Z,1499120870,8242
2026-02-28T04:21:11.798031Z,1499126946,8123
2026-02-28T04:31:14.288615Z,1499133104,7960
2026-02-28T04:41:11.166284Z,1499139297,7962
2026-02-28T04:51:10.339985Z,1499144976,7808
2026-02-28T05:01:12.368892Z,1499150727,7718
2026-02-28T05:11:10.594296Z,1499156411,7584
2026-02-28T05:21:12.153769Z,1499162067,7406
2026-02-28T05:31:10.828594Z,1499167698,7300
2026-02-28T05:41:10.321686Z,1499173750,7253
2026-02-28T05:51:11.033822Z,1499178981,7119
2026-02-28T06:01:13.260483Z,1499184465,7075
2026-02-28T06:11:12.905576Z,1499189870,6856
2026-02-28T06:21:11.263401Z,1499194674,6675
2026-02-28T06:31:11.748788Z,1499199149,6523
2026-02-28T06:41:12.133803Z,1499204210,6462
2026-02-28T06:51:14.979833Z,1499208676,6353
2026-02-28T07:01:12.441653Z,1499213359,6325
2026-02-28T07:11:11.622192Z,1499218283,6180
2026-02-28T07:21:11.313145Z,1499222474,5986
2026-02-28T07:31:12.518440Z,1499226775,5785
2026-02-28T07:41:11.789781Z,1499231210,5613
2026-02-28T07:51:11.522168Z,1499235136,5501
2026-02-28T08:01:12.195357Z,1499239332,5376
2026-02-28T08:11:08.375932Z,1499243166,5296
2026-02-28T08:21:10.157107Z,1499247199,5217
2026-02-28T08:31:10.477492Z,1499251305,5181
2026-02-28T08:40:15.809367Z,1499255209,5253
2026-02-28T08:50:18.422921Z,1499258866,5149
2026-02-28T09:00:17.238873Z,1499262675,5126
2026-02-28T09:10:17.982870Z,1499267027,5029
2026-02-28T09:20:15.053089Z,1499270809,5019
2026-02-28T09:30:16.708620Z,1499274649,5005
2026-02-28T09:40:14.756536Z,1499278391,4952
2026-02-28T09:50:18.994891Z,1499281933,5010
2026-02-28T10:00:18.120324Z,1499285913,5066
2026-02-28T10:10:15.833295Z,1499290072,5138
2026-02-28T10:20:18.668842Z,1499293867,5173
2026-02-28T10:30:16.813984Z,1499297911,5224
2026-02-28T10:40:17.970432Z,1499302088,5226
2026-02-28T10:50:16.357708Z,1499306163,5296
2026-02-28T11:00:18.695091Z,1499310183,5305
2026-02-28T11:10:17.667556Z,1499314265,5353
2026-02-28T11:20:16.942815Z,1499318418,5351
2026-02-28T11:30:19.881873Z,1499322813,5522
2026-02-28T11:40:20.123239Z,1499327711,5567
2026-02-28T11:50:17.105555Z,1499331808,5608
2026-02-28T12:00:24.529539Z,1499336170,5731
2026-02-28T12:10:18.862454Z,1499341427,5782
2026-02-28T12:20:18.891581Z,1499345965,5796
2026-02-28T12:30:19.588780Z,1499350608,5973
2026-02-28T12:40:18.648906Z,1499355602,6129
2026-02-28T12:50:17.069541Z,1499360454,6229
2026-02-28T13:00:20.698090Z,1499365508,6417
2026-02-28T13:10:20.059034Z,1499371454,6558
2026-02-28T13:20:20.551323Z,1499376540,6624
2026-02-28T13:30:18.945339Z,1499381713,6791
2026-02-28T13:40:17.516581Z,1499387246,6926
2026-02-28T13:50:19.907953Z,1499392933,6991
2026-02-28T14:00:22.270549Z,1499398576,7111
2026-02-28T14:10:17.079937Z,1499404101,7147
2026-02-28T14:20:18.259498Z,1499409923,7272
2026-02-28T14:30:21.006275Z,1499415691,7419
2026-02-28T14:40:18.462371Z,1499421700,7553
2026-02-28T14:50:17.428551Z,1499427273,7746
2026-02-28T15:00:21.545230Z,1499433410,7856
2026-02-28T15:10:15.558969Z,1499439917,7975
2026-02-28T15:20:16.999829Z,1499446242,8036
2026-02-28T15:30:19.463328Z,1499452829,8144
2026-02-28T15:40:19.868213Z,1499458998,8253
2026-02-28T15:50:17.860913Z,1499465590,8493
2026-02-28T16:00:20.380454Z,1499472313,8710
2026-02-28T16:10:26.654271Z,1499479913,8878
2026-02-28T16:20:24.390047Z,1499486897,9031
2026-02-28T16:30:26.083447Z,1499493762,9128
2026-02-28T16:40:23.943048Z,1499502103,9123
2026-02-28T16:50:24.871351Z,1499509259,9233
2026-02-28T17:00:33.923921Z,1499516736,9384
2026-02-28T17:10:23.984586Z,1499524498,9405
2026-02-28T17:20:28.894784Z,1499532248,9521
2026-02-28T17:30:26.001094Z,1499539678,9641
2026-02-28T17:40:29.287955Z,1499548206,9771
2026-02-28T17:50:29.629576Z,1499555949,9959
2026-02-28T18:00:32.792811Z,1499563908,10121
2026-02-28T18:10:27.099092Z,1499572643,10221
2026-02-28T18:20:31.501798Z,1499581788,10289
2026-02-28T18:30:26.748880Z,1499589987,10419
2026-02-28T18:40:23.902982Z,1499598467,10435
2026-02-28T18:50:30.392011Z,1499606947,10588
2026-02-28T19:00:40.758138Z,1499615818,10853
2026-02-28T19:10:31.102754Z,1499625104,11055
2026-02-28T19:20:30.409515Z,1499633482,11165
2026-02-28T19:30:29.194378Z,1499641983,11187
2026-02-28T19:40:25.755526Z,1499651810,11153
2026-02-28T19:50:22.861836Z,1499660306,11180
2026-02-28T20:00:28.831280Z,1499669232,11188
2026-02-28T20:10:22.583214Z,1499678294,10978
2026-02-28T20:20:31.211264Z,1499687538,11013
2026-02-28T20:30:27.458264Z,1499696753,11068
2026-02-28T20:40:27.639001Z,1499706158,11166
2026-02-28T20:50:23.734128Z,1499714229,11139
2026-02-28T21:00:37.690356Z,1499723389,11094
2026-02-28T21:10:26.769507Z,1499733443,10956
2026-02-28T21:20:27.046733Z,1499741930,10993
2026-02-28T21:30:25.477920Z,1499749706,10993
2026-02-28T21:40:25.930027Z,1499758594,11004
2026-02-28T21:50:23.686352Z,1499767037,11008
2026-02-28T22:00:27.424441Z,1499775921,11158
2026-02-28T22:10:26.573559Z,1499785843,11167
2026-02-28T22:20:24.756470Z,1499793953,11162
2026-02-28T22:30:23.706913Z,1499802927,11120
2026-02-28T22:40:21.712336Z,1499812453,10906
2026-02-28T22:50:22.913482Z,1499820770,10786
2026-02-28T23:00:26.599503Z,1499828852,10640
2026-02-28T23:10:22.012998Z,1499836834,10501
2026-02-28T23:20:19.787541Z,1499844804,10465
2026-02-28T23:30:22.000032Z,1499852728,10195
2026-02-28T23:41:11.763184Z,1499861561,10006
2026-02-28T23:51:11.686496Z,1499868845,9783
2026-03-01T00:01:12.702097Z,1499876419,9649
2026-03-01T00:11:10.090320Z,1499883809,9487
2026-03-01T00:21:12.808579Z,1499890929,9305
2026-03-01T00:31:12.279149Z,1499897691,9203
2026-03-01T00:41:12.402961Z,1499903964,9120
2026-03-01T00:51:11.686395Z,1499911339,9025
2026-03-01T01:01:11.169794Z,1499918375,9035
2026-03-01T01:11:12.342526Z,1499925885,9000
2026-03-01T01:21:10.630551Z,1499932886,8906
2026-03-01T01:31:09.175169Z,1499939868,8846
2026-03-01T01:41:12.089710Z,1499946839,8754
2026-03-01T01:51:11.669766Z,1499953182,8732
2026-03-01T02:01:11.305797Z,1499960232,8730
2026-03-01T02:11:11.910270Z,1499967071,8788
2026-03-01T02:21:11.366316Z,1499973683,8640
2026-03-01T02:31:11.969586Z,1499980690,8721
2026-03-01T02:41:11.264355Z,1499987417,8806
2026-03-01T02:51:11.587791Z,1499994565,8723
2026-03-01T03:01:12.314490Z,1500001348,8736
2026-03-01T03:11:09.104659Z,1500008153,8750
2026-03-01T03:21:11.232282Z,1500014721,8578
2026-03-01T03:31:14.139171Z,1500021473,8498
2026-03-01T03:41:11.758047Z,1500027691,8354
2026-03-01T03:51:09.329200Z,1500034049,8285
2026-03-01T04:01:12.322408Z,1500040712,8325
2026-03-01T04:11:13.302360Z,1500046812,8305
2026-03-01T04:21:12.096836Z,1500053338,8074
2026-03-01T04:31:11.684330Z,1500059216,8021
2026-03-01T04:41:10.865722Z,1500066608,7848
2026-03-01T04:51:10.640902Z,1500072455,7770
2026-03-01T05:01:11.321286Z,1500078707,7680
2026-03-01T05:11:09.772174Z,1500084362,7546
2026-03-01T05:21:11.698019Z,1500090387,7507
2026-03-01T05:31:11.394935Z,1500096366,7433
2026-03-01T05:41:10.113217Z,1500103014,7366
2026-03-01T05:51:10.382934Z,1500108509,7170
2026-03-01T06:01:13.644877Z,1500113794,7038
2026-03-01T06:11:11.521431Z,1500119834,6911
2026-03-01T06:21:09.253844Z,1500125159,6868
2026-03-01T06:31:13.395973Z,1500130448,6804
2026-03-01T06:41:12.280264Z,1500135541,6755
2026-03-01T06:51:11.782079Z,1500140422,6642
2026-03-01T07:00:18.809244Z,1500145179,6452
2026-03-01T07:10:18.389084Z,1500150739,6420
2026-03-01T07:20:17.931510Z,1500155380,6223
2026-03-01T07:30:17.505068Z,1500159881,6122
2026-03-01T07:40:18.438857Z,1500164671,6056
2026-03-01T07:50:20.342216Z,1500168900,5934
2026-03-01T08:00:19.847403Z,1500173397,5756
2026-03-01T08:10:19.785590Z,1500177450,5654
2026-03-01T08:20:19.045834Z,1500181429,5540
2026-03-01T08:30:19.461171Z,1500185590,5447
2026-03-01T08:40:19.511354Z,1500190052,5413
2026-03-01T08:50:17.684953Z,1500193980,5421
2026-03-01T09:00:24.210796Z,1500197975,5368
2026-03-01T09:10:18.394588Z,1500202144,5347
2026-03-01T09:20:17.371454Z,1500206172,5292
2026-03-01T09:30:18.044399Z,1500210115,5254
2026-03-01T09:40:18.599778Z,1500214019,5227
2026-03-01T09:50:18.901515Z,1500217869,5203
2026-03-01T10:00:23.647562Z,1500221888,5197
2026-03-01T10:10:19.192758Z,1500226312,5320
2026-03-01T10:20:19.644042Z,1500230178,5269
2026-03-01T10:30:17.497781Z,1500234219,5246
2026-03-01T10:40:20.030485Z,1500238561,5306
2026-03-01T10:50:19.604041Z,1500242601,5229
2026-03-01T11:00:25.882854Z,1500246627,5346
2026-03-01T11:10:18.791349Z,1500250661,5337
2026-03-01T11:20:19.912060Z,1500254569,5309
2026-03-01T11:30:21.948327Z,1500258904,5418
2026-03-01T11:40:19.570847Z,1500263032,5434
2026-03-01T11:50:20.695307Z,1500267390,5415
2026-03-01T12:00:27.293153Z,1500272272,5482
2026-03-01T12:10:19.771752Z,1500276951,5535
2026-03-01T12:20:21.674410Z,1500281314,5668
2026-03-01T12:30:26.635380Z,1500286069,5784
2026-03-01T12:40:23.378561Z,1500290777,5927
2026-03-01T12:50:19.218715Z,1500295322,5958
2026-03-01T13:00:40.583361Z,1500300344,6081
2026-03-01T13:10:19.361980Z,1500305339,6279
2026-03-01T13:20:23.394781Z,1500310089,6396
2026-03-01T13:30:21.962601Z,1500315051,6521
2026-03-01T13:40:20.647345Z,1500320770,6498
2026-03-01T13:50:19.893948Z,1500325995,6617
2026-03-01T14:00:20.581920Z,1500330759,6832
2026-03-01T14:10:20.336846Z,1500336652,6934
2026-03-01T14:20:23.365588Z,1500342236,7101
2026-03-01T14:30:22.198515Z,1500347718,7176
2026-03-01T14:40:20.697894Z,1500353972,7234
2026-03-01T14:50:21.623825Z,1500359225,7305
2026-03-01T15:00:27.471318Z,1500364873,7399
2026-03-01T15:10:21.691618Z,1500371648,7529
2026-03-01T15:20:24.704973Z,1500377744,7614
2026-03-01T15:30:25.511071Z,1500383558,7735
2026-03-01T15:40:34.358431Z,1500390122,7849
2026-03-01T15:50:21.877966Z,1500396080,7886
2026-03-01T16:00:28.247849Z,1500402030,8068
2026-03-01T16:10:24.027062Z,1500409282,8246
2026-03-01T16:20:25.690966Z,1500415549,8334
2026-03-01T16:30:29.640553Z,1500422096,8478
2026-03-01T16:40:26.555749Z,1500428873,8489
2026-03-01T16:50:25.576287Z,1500435835,8581
2026-03-01T17:00:28.294543Z,1500442718,8810
2026-03-01T17:10:26.927805Z,1500449535,8907
2026-03-01T17:20:22.310582Z,1500456542,9055
2026-03-01T17:30:24.995741Z,1500463651,9160
2026-03-01T17:40:23.014560Z,1500471312,9361
2026-03-01T17:50:22.723770Z,1500477648,9370
2026-03-01T18:00:26.711663Z,1500485789,9463
2026-03-01T18:10:23.114482Z,1500493291,9580
2026-03-01T18:20:21.580133Z,1500500419,9660
2026-03-01T18:30:24.698185Z,1500508573,9811
2026-03-01T18:40:27.077446Z,1500516236,9991
2026-03-01T18:50:24.846526Z,1500524084,10054
2026-03-01T19:00:33.008461Z,1500532309,10171
2026-03-01T19:10:26.202085Z,1500540821,10392
2026-03-01T19:20:28.761745Z,1500548592,10350
2026-03-01T19:30:28.958171Z,1500556555,10215
2026-03-01T19:40:23.743189Z,1500564798,10244
2026-03-01T19:50:23.286277Z,1500572857,10226
2026-03-01T20:00:31.087933Z,1500580796,10337
2026-03-01T20:10:23.921019Z,1500588644,10295
2026-03-01T20:20:23.290295Z,1500596475,10267
2026-03-01T20:30:29.679699Z,1500604359,10290
2026-03-01T20:40:24.988916Z,1500612697,10325
2026-03-01T20:50:23.830097Z,1500620129,10148
2026-03-01T21:00:24.419554Z,1500628002,10142
2026-03-01T21:10:25.623485Z,1500637291,9899
2026-03-01T21:20:23.503044Z,1500645136,9884
2026-03-01T21:30:24.732693Z,1500651889,9658
2026-03-01T21:40:23.785970Z,1500660414,9686
2026-03-01T21:50:21.982211Z,1500667866,9590
2026-03-01T22:01:11.517852Z,1500675310,9518
2026-03-01T22:11:10.954339Z,1500684080,9330
2026-03-01T22:21:11.318532Z,1500691100,9180
2026-03-01T22:31:11.746331Z,1500698081,9126
2026-03-01T22:41:12.489939Z,1500706190,8904
2026-03-01T22:51:11.425104Z,1500712789,8647
2026-03-01T23:01:08.950398Z,1500719119,8540
2026-03-01T23:11:11.732006Z,1500725502,8385
2026-03-01T23:21:12.682530Z,1500732001,8376
2026-03-01T23:31:12.658759Z,1500738408,8292
2026-03-01T23:41:10.217057Z,1500744962,8232
2026-03-01T23:51:12.350688Z,1500750778,8102
2026-03-02T00:01:16.453899Z,1500756990,8006
2026-03-02T00:11:11.734342Z,1500763311,7741
2026-03-02T00:21:10.690777Z,1500769261,7682
2026-03-02T00:31:14.469194Z,1500775476,7556
2026-03-02T00:41:10.775596Z,1500781122,7481
2026-03-02T00:51:11.581544Z,1500787016,7504
2026-03-02T01:01:12.782107Z,1500792740,7507
2026-03-02T01:11:09.427863Z,1500798855,7447
2026-03-02T01:21:11.581103Z,1500804458,7368
2026-03-02T01:31:11.670452Z,1500810107,7270
2026-03-02T01:41:12.421114Z,1500816487,7137
2026-03-02T01:51:11.529062Z,1500822096,7170
2026-03-02T02:01:13.465952Z,1500827507,7081
2026-03-02T02:11:10.501842Z,1500833108,7002
2026-03-02T02:21:11.349613Z,1500838506,6947
2026-03-02T02:31:12.567642Z,1500843801,6892
2026-03-02T02:41:11.454456Z,1500849472,6850
2026-03-02T02:51:11.373577Z,1500854577,6653
2026-03-02T03:01:10.190100Z,1500859526,6529
2026-03-02T03:11:10.156871Z,1500864633,6248
2026-03-02T03:21:10.684381Z,1500869881,6042
2026-03-02T03:31:14.123542Z,1500874326,5890
2026-03-02T03:41:13.203429Z,1500878583,5780
2026-03-02T03:51:12.328953Z,1500883061,5654
2026-03-02T04:01:13.188096Z,1500887383,5547
2026-03-02T04:11:10.005035Z,1500891920,5503
2026-03-02T04:21:09.377672Z,1500895797,5347
2026-03-02T04:31:15.427271Z,1500899743,5201
2026-03-02T04:41:12.579928Z,1500903739,5096
2026-03-02T04:51:12.201130Z,1500907613,4964
2026-03-02T05:01:15.274706Z,1500911167,4885
2026-03-02T05:11:12.113154Z,1500914810,4728
2026-03-02T05:21:14.866186Z,1500918355,4668
2026-03-02T05:31:11.950023Z,1500921867,4626
2026-03-02T05:41:13.907648Z,1500925543,4515
2026-03-02T05:51:12.401791Z,1500928808,4292
2026-03-02T06:01:13.765625Z,1500931955,4147
2026-03-02T06:11:11.319733Z,1500935129,4015
2026-03-02T06:21:10.146050Z,1500938085,3951
2026-03-02T06:31:12.937807Z,1500941073,3874
2026-03-02T06:41:10.512158Z,1500943906,3650
2026-03-02T06:51:12.208025Z,1500946710,3607
2026-03-02T07:01:11.754835Z,1500949562,3547
2026-03-02T07:11:12.026690Z,1500952567,3506
2026-03-02T07:21:10.494766Z,1500954937,3326
2026-03-02T07:31:15.847646Z,1500957499,3250
2026-03-02T07:41:10.128620Z,1500960369,3126
2026-03-02T07:51:10.846920Z,1500962719,3050
2026-03-02T08:01:13.002610Z,1500965037,3044
2026-03-02T08:11:11.568284Z,1500967428,3000
2026-03-02T08:21:11.912693Z,1500969419,2918
2026-03-02T08:31:12.273479Z,1500971592,2871
2026-03-02T08:41:10.705871Z,1500974060,2857
2026-03-02T08:51:10.952859Z,1500976056,2840
2026-03-02T09:01:10.607118Z,1500978154,2867
2026-03-02T09:11:14.774545Z,1500980526,2862
2026-03-02T09:21:12.678748Z,1500982594,2855
2026-03-02T09:31:11.085595Z,1500984869,2729
2026-03-02T09:41:12.691983Z,1500987093,2822
2026-03-02T09:51:09.446995Z,1500989064,2771
2026-03-02T10:01:12.176471Z,1500991177,2745
2026-03-02T10:11:13.055492Z,1500993650,2756
2026-03-02T10:21:13.174516Z,1500995607,2769
2026-03-02T10:31:12.601686Z,1500997813,2796
2026-03-02T10:41:11.475386Z,1501000093,2788
2026-03-02T10:51:11.009392Z,1501002269,2775
2026-03-02T11:01:11.640892Z,1501004413,2792
2026-03-02T11:11:11.417082Z,1501006654,2807
2026-03-02T11:21:12.151732Z,1501008897,2764
2026-03-02T11:31:12.094840Z,1501011142,2883
2026-03-02T11:41:13.525714Z,1501013412,2960
2026-03-02T11:51:11.116825Z,1501015895,3022
2026-03-02T12:01:12.375395Z,1501018017,3004
2026-03-02T12:11:12.608361Z,1501020705,3044
2026-03-02T12:21:11.963667Z,1501023126,3089
2026-03-02T12:31:15.675790Z,1501025501,3088
2026-03-02T12:41:13.373232Z,1501027893,3143
2026-03-02T12:51:13.436169Z,1501030487,3255
2026-03-02T13:01:13.215007Z,1501033029,3331
2026-03-02T13:10:17.198416Z,1501035725,3416
2026-03-02T13:20:17.036256Z,1501038449,3466
2026-03-02T13:30:14.706921Z,1501041329,3563
2026-03-02T13:40:16.470324Z,1501044358,3749
2026-03-02T13:50:14.035640Z,1501047247,3829
2026-03-02T14:00:18.617174Z,1501050142,3844
2026-03-02T14:10:16.984930Z,1501053150,3942
2026-03-02T14:20:20.333756Z,1501056273,4017
2026-03-02T14:30:16.307895Z,1501059470,4098
2026-03-02T14:40:16.797818Z,1501062822,4170
2026-03-02T14:50:18.751993Z,1501065944,4247
2026-03-02T15:00:21.712109Z,1501069237,4282
2026-03-02T15:10:16.857915Z,1501072796,4392
2026-03-02T15:20:19.469502Z,1501076222,4437
2026-03-02T15:30:19.143388Z,1501079871,4492
2026-03-02T15:40:17.810200Z,1501083136,4495
2026-03-02T15:50:16.954111Z,1501086758,4576
2026-03-02T16:00:21.860099Z,1501090448,4697
2026-03-02T16:10:19.658614Z,1501094112,4771
2026-03-02T16:20:20.210163Z,1501097824,4746
2026-03-02T16:30:31.876222Z,1501101569,4878
2026-03-02T16:40:36.762529Z,1501105512,4992
2026-03-02T16:50:22.655120Z,1501109404,5099
2026-03-02T17:00:40.803806Z,1501113789,5164
2026-03-02T17:10:31.942967Z,1501118085,5204
2026-03-02T17:20:27.875109Z,1501122036,5231
2026-03-02T17:30:25.319233Z,1501126330,5270
2026-03-02T17:40:19.093230Z,1501130673,5387
2026-03-02T17:50:17.688909Z,1501134661,5340
2026-03-02T18:00:19.750463Z,1501138857,5546
2026-03-02T18:10:17.707141Z,1501143980,5553
2026-03-02T18:20:19.130766Z,1501148420,5639
2026-03-02T18:30:19.703637Z,1501153008,5638
2026-03-02T18:40:18.935983Z,1501157541,5686
2026-03-02T18:50:15.291018Z,1501161859,5751
2026-03-02T19:00:21.340953Z,1501166747,5820
2026-03-02T19:10:17.650259Z,1501172088,5935
2026-03-02T19:20:17.842855Z,1501176477,5911
2026-03-02T19:30:20.689343Z,1501180903,5871
2026-03-02T19:40:18.968845Z,1501185372,5870
2026-03-02T19:50:17.393495Z,1501190285,6019
2026-03-02T20:00:24.415419Z,1501194765,6058
2026-03-02T20:10:17.003584Z,1501199606,6035
2026-03-02T20:20:19.919739Z,1501204479,6068
2026-03-02T20:30:33.981946Z,1501209886,6205
2026-03-02T20:40:35.170796Z,1501215353,6328
2026-03-02T20:50:18.290219Z,1501220103,6394
2026-03-02T21:00:56.092907Z,1501225535,6505
2026-03-02T21:10:57.273727Z,1501231886,6402
2026-03-02T21:20:56.092030Z,1501237233,6370
2026-03-02T21:31:07.595249Z,1501242788,6364
2026-03-02T21:41:01.371068Z,1501248146,6356
2026-03-02T21:51:05.773126Z,1501253395,6395
2026-03-02T22:01:02.469475Z,1501258544,6411
2026-03-02T22:10:58.961355Z,1501264712,6362
2026-03-02T22:20:57.558296Z,1501269701,6311
2026-03-02T22:30:56.943556Z,1501274651,6463
2026-03-02T22:40:57.646918Z,1501280930,6326
2026-03-02T22:50:57.605835Z,1501285683,6265
2026-03-02T23:00:56.905135Z,1501290789,6218
2026-03-02T23:10:59.235288Z,1501295990,6233
2026-03-02T23:20:55.176666Z,1501301041,6193
2026-03-02T23:31:13.445016Z,1501305790,6289
2026-03-02T23:40:56.237470Z,1501311161,6292
2026-03-02T23:50:58.746483Z,1501316235,6279
2026-03-03T00:01:15.365198Z,1501321173,6262
2026-03-03T00:11:15.032113Z,1501326494,6270
2026-03-03T00:21:03.111527Z,1501331481,6237
2026-03-03T00:31:16.770489Z,1501336985,6253
2026-03-03T00:41:13.549621Z,1501341948,6266
2026-03-03T00:50:57.252994Z,1501346820,6267
2026-03-03T01:00:54.783275Z,1501351923,6338
2026-03-03T01:10:57.308101Z,1501357092,6423
2026-03-03T01:20:57.181269Z,1501361915,6303
2026-03-03T01:31:10.599093Z,1501367177,6342
2026-03-03T01:41:16.809899Z,1501372216,6316
2026-03-03T01:50:57.733361Z,1501377056,6379
2026-03-03T02:00:57.242366Z,1501381993,6313
2026-03-03T02:10:57.554367Z,1501386985,6225
2026-03-03T02:21:08.377921Z,1501391654,6190
2026-03-03T02:30:56.645014Z,1501395935,6007
2026-03-03T02:41:07.820946Z,1501401054,5886
2026-03-03T02:51:08.046096Z,1501405369,5794
2026-03-03T03:01:04.855322Z,1501409930,5770
2026-03-03T03:10:56.529393Z,1501414403,5665
2026-03-03T03:20:57.003901Z,1501418676,5448
2026-03-03T03:30:55.931724Z,1501422624,5210
2026-03-03T03:40:56.294194Z,1501426458,5165
2026-03-03T03:50:54.625534Z,1501430303,5064
2026-03-03T04:00:59.022137Z,1501434059,4928
2026-03-03T04:10:58.741790Z,1501437882,4831
2026-03-03T04:20:57.188368Z,1501441411,4694
2026-03-03T04:30:58.576386Z,1501444644,4614
2026-03-03T04:40:54.729526Z,1501448479,4503
2026-03-03T04:50:57.283912Z,1501451780,4367
2026-03-03T05:00:54.481437Z,1501455002,4309
2026-03-03T05:10:55.242019Z,1501458372,4172
2026-03-03T05:20:56.511777Z,1501461473,4088
2026-03-03T05:30:57.774966Z,1501464412,3977
2026-03-03T05:40:55.412153Z,1501467544,3865
2026-03-03T05:50:56.470941Z,1501470350,3761
2026-03-03T06:00:58.776851Z,1501473136,3666
2026-03-03T06:10:56.462838Z,1501475934,3564
2026-03-03T06:20:56.418882Z,1501478581,3454
2026-03-03T06:30:54.200566Z,1501480978,3363
2026-03-03T06:40:58.284154Z,1501483436,3281
2026-03-03T06:50:57.041045Z,1501485761,3171
2026-03-03T07:00:55.923145Z,1501488183,3101
2026-03-03T07:10:54.882084Z,1501490780,3086
2026-03-03T07:20:57.173304Z,1501493027,3025
2026-03-03T07:30:56.681994Z,1501495276,2949
2026-03-03T07:40:58.900372Z,1501497569,2951
2026-03-03T07:50:57.067321Z,1501499727,2870
2026-03-03T08:00:58.136065Z,1501501855,2785
2026-03-03T08:10:56.019950Z,1501504068,2769
2026-03-03T08:20:57.346601Z,1501506160,2781
2026-03-03T08:50:57.241885Z,1501512391,2737
2026-03-03T09:00:58.309133Z,1501514242,2689
2026-03-03T09:21:07.856425Z,1501518580,2669
2026-03-03T09:31:13.657569Z,1501520598,2640
2026-03-03T09:41:08.574781Z,1501522528,2610
2026-03-03T09:51:07.795176Z,1501524543,2621
2026-03-03T10:01:10.819503Z,1501526670,2646
2026-03-03T10:11:08.631959Z,1501529001,2652
2026-03-03T10:21:08.396174Z,1501530990,2680
2026-03-03T10:31:09.263554Z,1501533024,2717
2026-03-03T10:41:08.968683Z,1501535249,2659
2026-03-03T10:51:10.717529Z,1501537224,2697
2026-03-03T11:01:11.552704Z,1501539165,2731
2026-03-03T11:11:08.654836Z,1501541162,2759
2026-03-03T11:21:15.155830Z,1501543337,2853
2026-03-03T11:31:18.402634Z,1501545685,2833
2026-03-03T11:41:09.749731Z,1501548108,2877
2026-03-03T11:51:16.320235Z,1501550347,2886
2026-03-03T12:01:14.142374Z,1501552414,2933
2026-03-03T12:11:13.264481Z,1501554865,2970
2026-03-03T12:21:06.980561Z,1501557249,3054
2026-03-03T12:31:16.238528Z,1501559614,3136
2026-03-03T12:41:10.381151Z,1501562125,3168
2026-03-03T12:51:09.779891Z,1501564729,3231
2026-03-03T13:01:14.240823Z,1501567335,3383
2026-03-03T13:11:09.984519Z,1501570212,3522
2026-03-03T13:21:11.334665Z,1501572877,3613
2026-03-03T13:31:10.554824Z,1501575650,3718
2026-03-03T13:41:11.685981Z,1501578795,3819
2026-03-03T13:51:12.278856Z,1501581810,3877
2026-03-03T14:01:12.469039Z,1501584702,3882
2026-03-03T14:11:09.835470Z,1501587743,3962
2026-03-03T14:21:14.431648Z,1501590530,4008
2026-03-03T14:31:14.700533Z,1501593815,4127
2026-03-03T14:41:12.651995Z,1501597011,4177
2026-03-03T14:51:09.216987Z,1501600007,4230
2026-03-03T15:01:20.406510Z,1501603423,4194
2026-03-03T15:11:11.672867Z,1501606988,4263
2026-03-03T15:21:08.306256Z,1501610238,4323
2026-03-03T15:31:16.342546Z,1501613754,4341
2026-03-03T15:41:08.839266Z,1501616984,4481
2026-03-03T15:51:09.920715Z,1501620573,4616
2026-03-03T16:01:18.320098Z,1501624312,4804
2026-03-03T16:21:08.430299Z,1501631793,5004
2026-03-03T16:31:09.934428Z,1501635561,5086
2026-03-03T16:41:07.612352Z,1501639870,5195
2026-03-03T16:51:08.093310Z,1501643830,5191
2026-03-03T17:01:11.767338Z,1501647932,5346
2026-03-03T17:11:13.785409Z,1501652123,5436
2026-03-03T17:20:55.445133Z,1501655933,5443
2026-03-03T17:30:55.919775Z,1501660518,5521
2026-03-03T17:40:56.040024Z,1501665031,5612
2026-03-03T17:50:54.907398Z,1501669204,5596
2026-03-03T18:00:58.757499Z,1501673196,5525
2026-03-03T18:10:56.844704Z,1501679036,5558
2026-03-03T18:20:55.982196Z,1501683553,5664
2026-03-03T18:30:55.785469Z,1501688300,5808
2026-03-03T18:40:54.736194Z,1501692780,5871
2026-03-03T19:01:15.754522Z,1501702427,5985
2026-03-03T19:11:11.855401Z,1501707622,6044
2026-03-03T19:20:00.000Z,NaN,NaN
2026-03-03T19:30:57.474600Z,1501716600,6120
2026-03-03T19:40:56.895853Z,1501721427,6047
2026-03-03T19:50:56.741300Z,1501726083,6050
2026-03-03T20:00:55.252705Z,1501730662,6151
2026-03-03T20:10:57.018041Z,1501735763,6134
2026-03-03T20:20:55.125977Z,1501740592,6154
2026-03-03T20:30:56.588734Z,1501745469,6222
2026-03-03T20:40:56.127330Z,1501750820,6283
2026-03-03T20:50:55.985155Z,1501755719,6284
2026-03-03T21:00:56.858858Z,1501760762,6295
2026-03-03T21:10:55.628422Z,1501766147,6329
2026-03-03T21:20:55.267689Z,1501771258,6284
2026-03-03T21:31:03.930663Z,1501776493,6261
2026-03-03T21:40:59.419403Z,1501781800,6286
2026-03-03T21:50:53.579072Z,1501786842,6307
2026-03-03T22:01:00.762234Z,1501792019,6297
2026-03-03T22:10:55.603434Z,1501797129,6346
2026-03-03T22:20:57.657436Z,1501802009,6245
2026-03-03T22:30:57.376318Z,1501807328,6231
2026-03-03T22:40:58.096574Z,1501812819,6292
2026-03-03T22:50:55.537724Z,1501817775,6255
2026-03-03T23:00:56.982183Z,1501822842,6179
2026-03-03T23:10:54.231424Z,1501828189,6091
2026-03-03T23:20:56.523748Z,1501833247,6069
2026-03-03T23:30:55.547927Z,1501838671,6087
2026-03-03T23:40:55.791431Z,1501844054,6222
2026-03-03T23:50:57.349045Z,1501849132,6152
2026-03-04T00:00:55.753961Z,1501854037,6183
2026-03-04T00:10:55.485952Z,1501859085,6179
2026-03-04T00:20:55.267680Z,1501864559,6103
2026-03-04T00:30:56.331914Z,1501869408,6132
2026-03-04T00:40:55.115253Z,1501874321,6211
2026-03-04T00:50:57.068386Z,1501879090,6239
2026-03-04T01:00:53.858180Z,1501883970,6278
2026-03-04T01:10:49.544527Z,1501889071,6427
2026-03-04T01:20:50.101491Z,1501894120,6446
2026-03-04T01:30:49.433274Z,1501898805,6391
2026-03-04T01:40:49.682227Z,1501904482,6272
2026-03-04T01:50:48.292982Z,1501909273,6213
2026-03-04T02:00:49.584023Z,1501914078,6206
2026-03-04T02:10:51.158609Z,1501919018,6135
2026-03-04T02:20:48.018246Z,1501923638,6015
2026-03-04T02:30:49.135097Z,1501928188,6025
2026-03-04T02:40:48.360699Z,1501933446,5935
2026-03-04T02:50:52.423536Z,1501937782,5827
2026-03-04T03:00:51.186055Z,1501942112,5760
2026-03-04T03:10:49.239474Z,1501947386,5539
2026-03-04T03:20:48.427502Z,1501951277,5383
2026-03-04T03:30:52.434212Z,1501955441,5269
2026-03-04T03:40:50.048623Z,1501959424,5157
2026-03-04T03:50:54.663407Z,1501963514,5056
2026-03-04T04:00:52.697903Z,1501967263,4974
2026-03-04T04:10:51.523830Z,1501971202,4833
2026-03-04T04:20:50.345030Z,1501974655,4677
2026-03-04T04:30:53.280146Z,1501978237,4604
2026-03-04T04:40:51.267444Z,1501981725,4403
2026-03-04T04:50:49.835023Z,1501984860,4306
2026-03-04T05:00:50.574550Z,1501988021,4178
2026-03-04T05:10:50.767125Z,1501990989,4079
2026-03-04T05:20:52.098396Z,1501993966,3931
2026-03-04T05:30:54.036126Z,1501996877,3867
2026-03-04T05:40:52.331769Z,1502000062,3831
2026-03-04T05:50:50.881065Z,1502002723,3741
2026-03-04T06:00:51.195984Z,1502005397,3645
2026-03-04T06:10:52.326171Z,1502008338,3491
2026-03-04T06:20:51.061534Z,1502010922,3391
2026-03-04T06:30:50.642859Z,1502013405,3270
2026-03-04T06:40:52.912478Z,1502015773,3167
2026-03-04T06:50:52.523690Z,1502018191,3128
2026-03-04T07:00:54.819516Z,1502020590,3087
2026-03-04T07:10:51.313421Z,1502023074,3024
2026-03-04T07:20:51.278743Z,1502025286,2910
2026-03-04T07:30:51.561229Z,1502027512,2845
2026-03-04T07:40:50.911403Z,1502029572,2774
2026-03-04T07:50:51.235293Z,1502031705,2720
2026-03-04T08:00:51.084349Z,1502033784,2713
2026-03-04T08:10:50.457833Z,1502035806,2681
2026-03-04T08:20:50.130973Z,1502037771,2615
2026-03-04T08:30:55.506310Z,1502039755,2588
2026-03-04T08:40:51.934400Z,1502041766,2621
2026-03-04T08:50:51.179536Z,1502043700,2622
2026-03-04T09:00:48.124754Z,1502045604,2585
2026-03-04T09:10:55.056781Z,1502047716,2540
2026-03-04T09:20:55.813596Z,1502049537,2471
2026-03-04T09:31:01.566111Z,1502051410,2474
2026-03-04T09:41:00.446490Z,1502053318,2504
2026-03-04T09:50:56.761953Z,1502055255,2501
2026-03-04T10:01:06.351180Z,1502057173,2504
2026-03-04T10:10:58.252004Z,1502059333,2560
2026-03-04T10:20:56.229439Z,1502061362,2589
2026-03-04T10:40:57.216672Z,1502065712,2682
2026-03-04T10:51:00.789615Z,1502067771,2722
2026-03-04T11:01:08.613636Z,1502069870,2758
2026-03-04T11:10:58.796043Z,1502071967,2808
2026-03-04T11:21:05.324649Z,1502074032,2813
2026-03-04T11:31:14.030423Z,1502076208,2858
2026-03-04T11:41:05.316855Z,1502078537,2951
2026-03-04T11:50:59.247227Z,1502080659,2976
2026-03-04T12:01:11.972077Z,1502083301,3025
2026-03-04T12:11:01.708425Z,1502085863,3079
2026-03-04T12:21:09.607425Z,1502088233,3099
2026-03-04T12:31:03.661621Z,1502090651,3158
2026-03-04T12:41:04.946451Z,1502093363,3268
2026-03-04T12:51:05.701501Z,1502095953,3353
2026-03-04T13:01:19.091517Z,1502098742,3383
2026-03-04T13:11:10.266350Z,1502101596,3525
2026-03-04T13:21:01.704258Z,1502104350,3576
2026-03-04T13:31:07.592226Z,1502107218,3707
2026-03-04T13:41:01.036480Z,1502110531,3789
2026-03-04T13:51:02.789303Z,1502113638,3889
2026-03-04T14:01:27.925623Z,1502116896,3947
2026-03-04T14:11:01.841421Z,1502119792,3985
2026-03-04T14:21:02.307147Z,1502122955,4015
2026-03-04T14:31:04.405131Z,1502126173,4052
2026-03-04T14:41:05.709438Z,1502129306,4177
2026-03-04T14:51:01.830112Z,1502132394,4221
2026-03-04T15:01:05.338560Z,1502135791,4392
2026-03-04T15:11:01.291095Z,1502139580,4439
2026-03-04T15:21:06.317407Z,1502142876,4482
2026-03-04T15:31:07.206640Z,1502146632,4531
2026-03-04T15:41:01.338964Z,1502150099,4623
2026-03-04T15:50:56.878973Z,1502153596,4740
2026-03-04T16:01:10.737533Z,1502157256,4819
2026-03-04T16:11:01.842735Z,1502161422,4890
2026-03-04T16:20:55.691733Z,1502165206,4972
2026-03-04T16:31:02.939799Z,1502168691,4995
2026-03-04T16:41:11.088688Z,1502173197,5144
2026-03-04T16:51:08.338577Z,1502177307,5274
2026-03-04T17:01:20.784203Z,1502181245,5365
2026-03-04T17:10:54.856580Z,1502185074,5347
2026-03-04T17:20:51.888942Z,1502189137,5334
2026-03-04T17:30:58.553188Z,1502193388,5397
2026-03-04T17:40:50.799353Z,1502197726,5468
2026-03-04T17:50:57.846853Z,1502202104,5475
2026-03-04T18:01:04.113538Z,1502206257,5540
2026-03-04T18:10:53.572793Z,1502210528,5573
2026-03-04T18:20:59.372281Z,1502215343,5534
2026-03-04T18:30:53.179758Z,1502219675,5561
2026-03-04T18:40:59.390958Z,1502224212,5670
2026-03-04T18:50:55.864941Z,1502228863,5765
2026-03-04T19:00:57.818322Z,1502233663,5800
2026-03-04T19:10:55.523052Z,1502238598,5953
2026-03-04T19:20:56.127544Z,1502243122,5911
2026-03-04T19:30:53.191910Z,1502247852,5983
2026-03-04T19:40:52.709802Z,1502252964,5976
2026-03-04T19:50:57.486720Z,1502257814,5976
2026-03-04T20:00:53.546073Z,1502262254,5969
2026-03-04T20:10:53.532046Z,1502267583,6008
2026-03-04T20:20:52.920941Z,1502272993,6044
2026-03-04T20:31:00.327962Z,1502278142,6138
2026-03-04T20:40:55.014939Z,1502283664,6332
2026-03-04T20:51:00.611199Z,1502288709,6289
2026-03-04T21:00:56.589786Z,1502293962,6334
2026-03-04T21:10:58.863412Z,1502299731,6413
2026-03-04T21:20:51.047650Z,1502305035,6367
2026-03-04T21:30:56.615211Z,1502310221,6320
2026-03-04T21:40:54.010072Z,1502315403,6342
2026-03-04T21:50:55.422968Z,1502320536,6262
2026-03-04T22:00:57.943009Z,1502325854,6230
2026-03-04T22:10:56.758491Z,1502331124,6313
2026-03-04T22:20:54.695207Z,1502336022,6190
2026-03-04T22:30:55.519868Z,1502340763,6188
2026-03-04T22:40:56.919838Z,1502346338,6151
2026-03-04T22:50:56.163801Z,1502351336,6030
2026-03-04T23:00:56.745894Z,1502356436,6049
2026-03-04T23:10:54.301439Z,1502361654,6033
2026-03-04T23:20:53.159028Z,1502366751,6017
2026-03-04T23:30:54.737406Z,1502372131,5985
2026-03-04T23:40:56.622585Z,1502377494,6023
2026-03-04T23:50:50.304789Z,1502381904,5888
2026-03-05T00:00:51.683230Z,1502387106,5901
2026-03-05T00:10:51.359686Z,1502391842,5894
2026-03-05T00:20:49.292974Z,1502396998,5899
2026-03-05T00:30:56.354143Z,1502401796,5823
2026-03-05T00:40:50.544523Z,1502406567,5839
2026-03-05T00:50:50.916201Z,1502411522,5898
2026-03-05T01:00:54.144647Z,1502416539,5901
2026-03-05T01:10:53.035367Z,1502421600,5944
2026-03-05T01:20:52.016168Z,1502426281,5887
2026-03-05T01:30:57.873210Z,1502431171,5979
2026-03-05T01:40:50.597998Z,1502436571,5857
2026-03-05T01:50:52.948854Z,1502441491,5915
2026-03-05T02:00:53.074149Z,1502446267,5831
2026-03-05T02:10:53.129323Z,1502450906,5827
2026-03-05T02:20:54.142946Z,1502455529,5715
2026-03-05T02:30:56.385315Z,1502460205,5647
2026-03-05T02:40:53.907571Z,1502464913,5737
2026-03-05T02:50:55.280274Z,1502469441,5592
2026-03-05T03:00:56.763940Z,1502474140,5393
2026-03-05T03:10:56.202624Z,1502478533,5246
2026-03-05T03:20:55.360449Z,1502482798,5116
2026-03-05T03:30:57.535352Z,1502486960,4996
2026-03-05T03:40:53.145015Z,1502491101,4915
2026-03-05T03:50:52.328872Z,1502494979,4793
2026-03-05T04:00:56.646732Z,1502499081,4765
2026-03-05T04:10:54.811909Z,1502503107,4631
2026-03-05T04:20:53.756293Z,1502506839,4440
2026-03-05T04:30:55.378689Z,1502510426,4378
2026-03-05T04:40:53.625006Z,1502513961,4257
2026-03-05T04:50:52.868364Z,1502517562,4128
2026-03-05T05:01:00.497111Z,1502521066,3962
2026-03-05T05:10:51.949802Z,1502524182,3860
2026-03-05T05:20:54.487342Z,1502527641,3783
2026-03-05T05:31:00.117157Z,1502530744,3719
2026-03-05T05:40:53.501433Z,1502533789,3620
2026-03-05T05:51:00.486056Z,1502536437,3539
2026-03-05T06:01:01.105808Z,1502539449,3423
2026-03-05T06:10:56.562294Z,1502542096,3309
2026-03-05T06:20:53.809027Z,1502544672,3242
2026-03-05T06:30:57.665364Z,1502547263,3116
2026-03-05T06:40:54.594646Z,1502549797,3036
2026-03-05T06:50:53.914129Z,1502552092,2952
2026-03-05T07:00:56.197976Z,1502554653,2882
2026-03-05T07:10:52.841060Z,1502557044,2824
2026-03-05T07:20:54.258870Z,1502559281,2770
2026-03-05T07:30:53.419102Z,1502561533,2677
2026-03-05T07:40:55.521910Z,1502563720,2621
2026-03-05T07:50:52.491968Z,1502565744,2584
2026-03-05T08:00:55.149823Z,1502567694,2501
2026-03-05T08:10:55.494021Z,1502569467,2464
2026-03-05T08:20:52.770571Z,1502571733,2441
2026-03-05T08:30:52.909996Z,1502573660,2433
2026-03-05T08:40:49.614186Z,1502575607,2472
2026-03-05T08:50:52.678403Z,1502577446,2439
2026-03-05T09:00:51.544712Z,1502579578,2438
2026-03-05T09:10:50.772210Z,1502581655,2428
2026-03-05T09:20:51.144947Z,1502583654,2417
2026-03-05T09:30:50.801246Z,1502585507,2434
2026-03-05T09:40:50.749698Z,1502587438,2453
2026-03-05T09:50:52.812951Z,1502589491,2400
2026-03-05T10:00:53.494639Z,1502591460,2405
2026-03-05T10:10:53.135908Z,1502593471,2429
2026-03-05T10:20:50.272634Z,1502595285,2396
2026-03-05T10:30:53.076901Z,1502597215,2422
2026-03-05T10:40:49.148938Z,1502599193,2439
2026-03-05T10:50:56.141528Z,1502601176,2442
2026-03-05T11:00:55.358103Z,1502603000,2524
2026-03-05T11:10:51.052805Z,1502605016,2533
2026-03-05T11:20:50.359186Z,1502607007,2575
2026-03-05T11:30:54.362965Z,1502609086,2662
2026-03-05T11:40:51.329469Z,1502611377,2662
2026-03-05T11:50:55.688701Z,1502613363,2671
2026-03-05T12:00:51.235946Z,1502615630,2717
2026-03-05T12:10:52.425153Z,1502618139,2820
2026-03-05T12:20:53.362450Z,1502620494,2880
2026-03-05T12:30:51.869038Z,1502622910,2950
2026-03-05T12:40:53.535017Z,1502625455,3040
2026-03-05T12:50:50.478484Z,1502627865,3092
2026-03-05T13:00:57.646797Z,1502630587,3148
2026-03-05T13:10:52.619864Z,1502633642,3227
2026-03-05T13:20:54.030958Z,1502636194,3306
2026-03-05T13:30:53.072562Z,1502639068,3406
2026-03-05T13:40:51.263727Z,1502642187,3506
2026-03-05T13:50:58.998656Z,1502645137,3559
2026-03-05T14:00:52.273063Z,1502648246,3626
2026-03-05T14:10:52.521869Z,1502651275,3652
2026-03-05T14:20:54.178926Z,1502654593,3764
2026-03-05T14:30:53.841035Z,1502657862,3822
2026-03-05T14:40:52.534625Z,1502661311,3926
2026-03-05T14:50:54.162908Z,1502664535,3936
2026-03-05T15:00:54.188998Z,1502667804,3995
2026-03-05T15:10:53.277745Z,1502671335,4073
2026-03-05T15:20:53.951923Z,1502674613,4109
2026-03-05T15:30:57.443818Z,1502678086,4172
2026-03-05T15:40:53.701810Z,1502681636,4259
2026-03-05T15:50:49.080419Z,1502685004,4323
2026-03-05T16:00:54.471574Z,1502688601,4443
2026-03-05T16:10:54.796843Z,1502692856,4479
2026-03-05T16:20:50.762239Z,1502696393,4548
2026-03-05T17:22:48.094320Z,1502720426,4851
2026-03-05T17:31:15.247353Z,1502723814,4861
2026-03-05T17:41:23.133589Z,1502728215,4894
2026-03-05T17:51:01.878288Z,1502731994,4958
2026-03-05T18:01:14.681240Z,1502736088,5074
2026-03-05T18:10:58.692667Z,1502740210,5104
2026-03-05T18:21:06.370330Z,1502744288,5249
2026-03-05T18:30:58.615360Z,1502748483,5258
2026-03-05T18:40:59.839307Z,1502752523,5313
2026-03-05T18:51:01.079657Z,1502756941,5411
2026-03-05T19:00:59.551167Z,1502761172,5551
2026-03-05T19:10:59.636925Z,1502766270,5580
2026-03-05T19:21:14.844667Z,1502770776,5594
2026-03-05T19:31:13.987783Z,1502775304,5634
2026-03-05T19:40:59.400811Z,1502779970,5690
2026-03-05T19:50:59.554548Z,1502784327,5731
2026-03-05T20:01:06.495125Z,1502788742,5777
2026-03-05T20:10:57.172958Z,1502793171,5780
2026-03-05T20:20:58.447009Z,1502797427,5871
2026-03-05T20:31:01.151106Z,1502802268,5913
2026-03-05T20:41:02.916289Z,1502807384,6020
2026-03-05T20:50:57.761710Z,1502811939,6072
2026-03-05T21:01:05.164416Z,1502816803,6064
2026-03-05T21:10:57.474197Z,1502822057,6078
2026-03-05T21:20:58.686834Z,1502826934,6061
2026-03-05T21:30:58.230535Z,1502831485,6088
2026-03-05T21:40:54.377187Z,1502836887,6125
2026-03-05T21:50:56.354915Z,1502841838,6132
2026-03-05T22:00:57.203359Z,1502846696,6256
2026-03-05T22:10:56.342713Z,1502852147,6209
2026-03-05T22:20:57.736594Z,1502856799,6117
2026-03-05T22:30:59.913050Z,1502861626,6088
2026-03-05T23:06:07.360989Z,1502878404,6024
2026-03-05T23:11:12.534378Z,1502880779,5979
2026-03-05T23:31:16.954216Z,1502890254,6024
2026-03-05T23:45:55.415464Z,1502897466,6069
2026-03-05T23:50:55.380719Z,1502899946,5997
2026-03-06T00:00:57.066855Z,1502904554,6035
2026-03-06T00:10:55.928677Z,1502909573,5963
2026-03-06T00:20:55.442361Z,1502914143,5982
2026-03-06T00:30:54.927583Z,1502918550,5994
2026-03-06T00:41:16.257767Z,1502923276,6055
2026-03-06T00:51:09.911813Z,1502927501,6002
2026-03-06T01:01:11.639443Z,1502932667,6059
2026-03-06T01:11:09.854176Z,1502937457,6112
2026-03-06T01:21:10.065411Z,1502942086,6035
2026-03-06T01:31:12.383805Z,1502946995,6081
2026-03-06T01:41:13.509366Z,1502952441,5978
2026-03-06T01:51:08.321240Z,1502956937,5955
2026-03-06T02:01:13.130190Z,1502961478,5855
2026-03-06T02:11:13.601427Z,1502966214,5696
2026-03-06T02:21:11.709316Z,1502970497,5696
2026-03-06T02:31:09.544240Z,1502974728,5771
2026-03-06T02:41:12.067501Z,1502979102,5755
2026-03-06T02:51:08.660613Z,1502983483,5741
2026-03-06T03:01:14.225424Z,1502988070,5583
2026-03-06T03:11:11.306741Z,1502992354,5452
2026-03-06T03:21:11.766479Z,1502996319,5354
2026-03-06T03:31:10.575479Z,1502999886,5166
2026-03-06T03:41:15.215650Z,1503004249,5117
2026-03-06T03:51:11.389260Z,1503007778,4989
2026-03-06T04:01:10.696642Z,1503011550,4894
2026-03-06T04:11:11.130980Z,1503015546,4759
2026-03-06T04:21:11.744203Z,1503019057,4672
2026-03-06T04:31:12.430962Z,1503022430,4581
2026-03-06T04:41:12.770752Z,1503025877,4475
2026-03-06T04:51:13.290787Z,1503029123,4366
2026-03-06T05:01:11.913139Z,1503032498,4176
2026-03-06T05:11:11.245996Z,1503035631,4108
2026-03-06T05:21:10.742019Z,1503038811,3993
2026-03-06T05:31:14.095525Z,1503041816,3937
2026-03-06T05:41:13.228816Z,1503044870,3806
2026-03-06T05:51:11.379169Z,1503047543,3752
2026-03-06T06:01:14.677205Z,1503050528,3654
2026-03-06T06:11:11.833545Z,1503053376,3552
2026-03-06T06:21:11.139154Z,1503055944,3465
2026-03-06T06:31:13.662804Z,1503058573,3410
2026-03-06T06:41:10.842724Z,1503061007,3365
2026-03-06T06:51:13.956249Z,1503063478,3312
2026-03-06T07:01:10.273968Z,1503065974,3292
2026-03-06T07:11:11.587489Z,1503068443,3249
2026-03-06T07:21:10.455750Z,1503070658,3136
2026-03-06T07:31:13.120776Z,1503073140,3056
2026-03-06T07:41:11.149840Z,1503075459,2991
2026-03-06T07:51:11.578702Z,1503077430,2980
2026-03-06T08:01:12.538854Z,1503079593,2875
2026-03-06T08:11:11.640404Z,1503081694,2787
2026-03-06T08:21:10.913083Z,1503083600,2789
2026-03-06T08:31:11.084315Z,1503085627,2798
2026-03-06T08:41:09.874649Z,1503087868,2792
2026-03-06T08:51:09.062336Z,1503089852,2764
2026-03-06T09:01:11.944559Z,1503091810,2722
2026-03-06T09:11:10.259552Z,1503093960,2687
2026-03-06T09:21:12.854548Z,1503096009,2730
2026-03-06T09:31:09.860282Z,1503098037,2695
2026-03-06T09:41:11.482612Z,1503100001,2672
2026-03-06T09:51:10.268093Z,1503102179,2701
2026-03-06T10:01:11.606675Z,1503104277,2724
2026-03-06T10:11:12.782149Z,1503106608,2751
2026-03-06T10:21:11.747368Z,1503108769,2777
2026-03-06T10:31:12.149557Z,1503111015,2841
2026-03-06T10:41:13.168183Z,1503113406,2857
2026-03-06T10:51:12.944867Z,1503115614,2913
2026-03-06T11:01:13.360191Z,1503117804,2899
2026-03-06T11:11:09.227397Z,1503119929,2922
2026-03-06T11:21:09.934300Z,1503122200,2936
2026-03-06T11:31:14.843218Z,1503124566,3000
2026-03-06T11:41:12.759759Z,1503126942,3120
2026-03-06T11:51:18.034625Z,1503129236,3170
2026-03-06T12:01:18.664863Z,1503131866,3260
2026-03-06T12:11:08.823828Z,1503134423,3348
2026-03-06T12:21:11.214602Z,1503137021,3393
2026-03-06T12:31:17.997260Z,1503139695,3462
2026-03-06T12:41:13.273253Z,1503142438,3523
2026-03-06T12:51:12.588379Z,1503145199,3645
2026-03-06T13:01:21.793366Z,1503148245,3746
2026-03-06T13:11:17.107334Z,1503151327,3825
2026-03-06T13:21:12.876253Z,1503154394,3941
2026-03-06T13:31:14.335920Z,1503157642,3990
2026-03-06T13:41:11.551782Z,1503160853,4079
2026-03-06T13:51:11.399128Z,1503164221,4119
2026-03-06T14:01:12.730907Z,1503167688,4242
2026-03-06T14:11:10.740739Z,1503171197,4343
2026-03-06T14:21:12.873935Z,1503174527,4458
2026-03-06T14:31:13.533312Z,1503178280,4595
2026-03-06T14:41:12.321185Z,1503182034,4681
2026-03-06T14:51:13.017465Z,1503185424,4705
2026-03-06T15:01:15.942954Z,1503189177,4763
2026-03-06T15:11:12.197963Z,1503193106,4847
2026-03-06T15:21:12.944490Z,1503196967,4878
2026-03-06T15:31:16.555446Z,1503200818,4897
2026-03-06T15:41:13.721249Z,1503204569,4976
2026-03-06T15:51:11.443408Z,1503208173,5053
2026-03-06T16:01:13.324752Z,1503212209,5168
2026-03-06T16:11:13.098463Z,1503216593,5305
2026-03-06T16:20:23.179673Z,1503220317,5450
2026-03-06T16:30:24.339340Z,1503224712,5464
2026-03-06T16:40:20.202262Z,1503229132,5549
2026-03-06T16:50:23.361211Z,1503233454,5592
2026-03-06T17:00:30.315992Z,1503237908,5755
2026-03-06T17:10:21.621397Z,1503242275,5749
2026-03-06T17:20:21.829914Z,1503246845,5743
2026-03-06T17:30:25.126359Z,1503251120,5778
2026-03-06T17:40:27.432257Z,1503256016,5853
2026-03-06T17:50:22.552899Z,1503260709,5790
2026-03-06T18:00:25.919663Z,1503265086,5865
2026-03-06T18:10:27.200605Z,1503270274,5968
2026-03-06T18:20:22.489497Z,1503274874,5994
2026-03-06T18:30:25.155379Z,1503279599,6062
2026-03-06T18:40:21.842573Z,1503284326,6140
2026-03-06T18:50:22.248606Z,1503289096,6204
2026-03-06T19:00:29.921184Z,1503294271,6280
2026-03-06T19:10:21.565305Z,1503299292,6349
2026-03-06T19:20:24.933101Z,1503304302,6444
2026-03-06T19:30:22.198167Z,1503309163,6480
2026-03-06T19:40:22.867379Z,1503314173,6562
2026-03-06T19:50:22.998489Z,1503319266,6571
2026-03-06T20:00:30.790301Z,1503324275,6688
2026-03-06T20:10:38.248177Z,1503329613,6742
2026-03-06T20:20:18.802018Z,1503334753,6784
2026-03-06T20:30:25.663020Z,1503340330,6993
2026-03-06T20:40:21.227103Z,1503346322,7122
2026-03-06T20:50:19.460549Z,1503351548,7254
2026-03-06T21:00:23.646926Z,1503356660,7347
2026-03-06T21:10:21.531845Z,1503363533,7492
2026-03-06T21:20:21.759045Z,1503369331,7568
2026-03-06T21:30:23.663666Z,1503375356,7600
2026-03-06T21:40:19.817883Z,1503381116,7706
2026-03-06T21:50:21.459402Z,1503387145,7719
2026-03-06T22:00:19.711754Z,1503392935,7721
2026-03-06T22:10:19.149377Z,1503399639,7731
2026-03-06T22:20:20.124808Z,1503405239,7836
2026-03-06T22:30:21.640641Z,1503411291,7788
2026-03-06T22:40:20.735564Z,1503417518,7773
2026-03-06T22:50:18.432259Z,1503423142,7688
2026-03-06T23:00:21.325042Z,1503428966,7713
2026-03-06T23:10:18.359187Z,1503434946,7580
2026-03-06T23:20:16.637333Z,1503440798,7625
2026-03-06T23:30:20.612878Z,1503446865,7586
2026-03-06T23:40:18.181627Z,1503452991,7584
2026-03-06T23:50:17.169654Z,1503458985,7579
2026-03-07T00:00:21.594244Z,1503464935,7601
2026-03-07T00:10:18.390062Z,1503470748,7526
2026-03-07T00:20:40.637611Z,1503477043,7459
2026-03-07T00:30:41.508075Z,1503482682,7456
2026-03-07T00:40:41.312707Z,1503488535,7485
2026-03-07T00:50:41.537509Z,1503494177,7437
2026-03-07T01:00:39.739955Z,1503499920,7534
2026-03-07T01:10:46.522025Z,1503506172,7544
2026-03-07T01:20:41.314195Z,1503511963,7582
2026-03-07T01:30:45.156420Z,1503517755,7581
2026-03-07T01:40:43.081060Z,1503523767,7516
2026-03-07T01:50:41.620857Z,1503529399,7430
2026-03-07T02:00:40.034743Z,1503535153,7457
2026-03-07T02:10:39.427125Z,1503540858,7369
2026-03-07T02:20:41.759755Z,1503546337,7320
2026-03-07T02:30:36.834607Z,1503551951,7425
2026-03-07T02:40:43.788566Z,1503558585,7448
2026-03-07T02:50:42.486537Z,1503564058,7384
2026-03-07T03:00:56.913850Z,1503569806,7397
2026-03-07T03:10:43.652220Z,1503576129,7337
2026-03-07T03:20:45.705954Z,1503581780,7279
2026-03-07T03:30:51.155296Z,1503587365,7271
2026-03-07T03:40:41.150662Z,1503592662,7241
2026-03-07T03:50:42.285631Z,1503598272,7169
2026-03-07T04:00:40.955174Z,1503603543,7061
2026-03-07T04:10:44.071908Z,1503609634,6933
2026-03-07T04:20:49.361224Z,1503614784,6757
2026-03-07T04:30:45.541728Z,1503619668,6658
2026-03-07T04:40:46.497947Z,1503625060,6566
2026-03-07T04:50:46.493692Z,1503630385,6477
2026-03-07T05:00:54.770224Z,1503635322,6331
2026-03-07T05:10:37.206231Z,1503640084,6217
2026-03-07T05:20:37.879076Z,1503644753,6154
2026-03-07T05:30:47.230269Z,1503649340,6110
2026-03-07T05:40:45.248477Z,1503654432,6146
2026-03-07T05:50:43.514757Z,1503659265,6040
2026-03-07T06:00:46.146372Z,1503663893,5953
2026-03-07T06:10:44.316362Z,1503668426,5749
2026-03-07T06:20:45.028884Z,1503672784,5602
2026-03-07T06:30:44.103929Z,1503676923,5492
2026-03-07T06:40:39.163035Z,1503680794,5372
2026-03-07T06:50:40.557154Z,1503684607,5257
2026-03-07T07:00:38.106998Z,1503688700,5232
2026-03-07T07:10:35.726403Z,1503692949,5188
2026-03-07T07:20:37.230782Z,1503696694,5068
2026-03-07T07:30:40.692369Z,1503700602,4971
2026-03-07T07:40:37.755088Z,1503704508,4791
2026-03-07T07:50:22.320628Z,1503707875,4665
2026-03-07T08:00:23.207667Z,1503711537,4625
2026-03-07T08:10:23.186836Z,1503715082,4514
2026-03-07T08:20:23.179877Z,1503718239,4520
2026-03-07T08:30:25.012633Z,1503721876,4413
2026-03-07T08:40:21.341150Z,1503725116,4366
2026-03-07T08:50:21.161682Z,1503728247,4287
2026-03-07T09:00:22.491285Z,1503731760,4254
2026-03-07T09:10:21.854679Z,1503735037,4289
2026-03-07T09:20:24.094596Z,1503738288,4225
2026-03-07T09:30:21.846792Z,1503741464,4249
2026-03-07T09:40:21.839902Z,1503744570,4229
2026-03-07T09:50:23.009685Z,1503747646,4257
2026-03-07T10:00:22.441705Z,1503750622,4316
2026-03-07T10:10:22.330746Z,1503754450,4343
2026-03-07T10:20:22.056181Z,1503757633,4405
2026-03-07T10:30:25.355875Z,1503760910,4353
2026-03-07T10:40:23.050345Z,1503764373,4429
2026-03-07T10:50:21.691138Z,1503767864,4518
2026-03-07T11:00:24.232162Z,1503771532,4551
2026-03-07T11:10:22.738829Z,1503775024,4614
2026-03-07T11:20:21.279491Z,1503778558,4709
2026-03-07T11:30:22.502695Z,1503782141,4846
2026-03-07T11:40:21.696558Z,1503786132,4891
2026-03-07T11:50:20.993583Z,1503789706,5014
2026-03-07T12:00:23.279408Z,1503793632,5036
2026-03-07T12:10:22.045593Z,1503797796,5140
2026-03-07T12:20:21.841987Z,1503801858,5186
2026-03-07T12:30:23.505206Z,1503806152,5275
2026-03-07T12:40:21.812845Z,1503810366,5385
2026-03-07T12:50:24.892202Z,1503814503,5474
2026-03-07T13:00:22.165997Z,1503818736,5651
2026-03-07T13:10:20.368936Z,1503823631,5703
2026-03-07T13:20:22.660183Z,1503828178,5893
2026-03-07T13:30:23.101025Z,1503832906,5952
2026-03-07T13:40:20.542588Z,1503837861,6101
2026-03-07T13:50:23.074541Z,1503841888,6162
2026-03-07T14:00:22.229856Z,1503847676,6300
2026-03-07T14:10:22.268935Z,1503852741,6362
2026-03-07T14:20:21.772234Z,1503857579,6557
2026-03-07T14:30:20.320321Z,1503862435,6592
2026-03-07T14:40:21.960354Z,1503867997,6789
2026-03-07T14:50:21.397701Z,1503873215,6908
2026-03-07T15:02:37.363663Z,1503879470,7071
2026-03-07T15:10:24.172676Z,1503884199,7154
2026-03-07T15:20:21.647627Z,1503889745,7114
2026-03-07T15:30:21.433383Z,1503895330,7239
2026-03-07T15:40:29.498397Z,1503901013,7369
2026-03-07T15:50:29.319870Z,1503906801,7517
2026-03-07T16:00:32.491420Z,1503912877,7705
2026-03-07T16:10:30.964472Z,1503919331,7750
2026-03-07T16:20:29.848035Z,1503925333,7800
2026-03-07T16:30:30.202816Z,1503931284,7984
2026-03-07T16:40:30.510557Z,1503938402,8121
2026-03-07T16:50:32.059034Z,1503944931,8197
2026-03-07T17:00:32.414596Z,1503951645,8340
2026-03-07T17:10:29.411314Z,1503958189,8390
2026-03-07T17:20:31.358419Z,1503965215,8435
2026-03-07T17:30:32.214723Z,1503972183,8512
2026-03-07T17:40:29.953703Z,1503979206,8638
2026-03-07T17:50:30.166552Z,1503985998,8655
2026-03-07T18:00:31.766312Z,1503993151,8756
2026-03-07T18:10:28.369952Z,1504000467,8673
2026-03-07T18:20:32.307353Z,1504007685,8733
2026-03-07T18:30:30.333090Z,1504015130,8955
2026-03-07T18:40:31.446415Z,1504022722,9110
2026-03-07T18:50:27.730853Z,1504029938,9193
2026-03-07T19:00:33.278319Z,1504037845,9290
2026-03-07T19:10:30.582166Z,1504045418,9428
2026-03-07T19:20:34.785089Z,1504052557,9490
2026-03-07T19:30:31.397437Z,1504059837,9621
2026-03-07T19:40:31.038539Z,1504068827,9596
2026-03-07T19:50:28.525298Z,1504076157,9702
2026-03-07T20:00:34.496653Z,1504083817,9732
2026-03-07T20:10:30.122867Z,1504091664,9633
2026-03-07T20:20:29.928513Z,1504099433,9634
2026-03-07T20:30:30.554137Z,1504107329,9711
2026-03-07T20:40:28.082556Z,1504115143,9798
2026-03-07T20:50:29.062651Z,1504122502,9771
2026-03-07T21:00:34.174068Z,1504130311,9732
2026-03-07T21:10:31.879081Z,1504138834,9831
2026-03-07T21:20:31.288713Z,1504146482,9798
2026-03-07T21:30:32.198689Z,1504154431,9788
2026-03-07T21:40:31.676785Z,1504161989,9739
2026-03-07T21:50:29.503949Z,1504169736,9723
2026-03-07T22:00:33.870623Z,1504177330,9793
2026-03-07T22:10:29.021578Z,1504185506,9733
2026-03-07T22:20:30.580358Z,1504192711,9685
2026-03-07T22:30:31.686496Z,1504200037,9596
2026-03-07T22:40:29.855528Z,1504208021,9569
2026-03-07T22:50:28.364580Z,1504215228,9471
2026-03-07T23:00:31.869139Z,1504222510,9407
2026-03-07T23:10:29.265570Z,1504229554,9205
2026-03-07T23:20:28.502699Z,1504236636,9126
2026-03-07T23:30:26.690757Z,1504243645,9003
2026-03-07T23:40:29.221409Z,1504250960,8983
2026-03-07T23:50:25.996708Z,1504257346,8936
2026-03-08T00:00:26.676134Z,1504264271,8782
2026-03-08T00:10:29.075246Z,1504271476,8812
2026-03-08T00:20:26.108768Z,1504278236,8692
2026-03-08T00:30:24.344875Z,1504284885,8569
2026-03-08T00:40:25.825034Z,1504291151,8461
2026-03-08T00:50:26.174239Z,1504298144,8457
2026-03-08T01:00:29.750821Z,1504305043,8416
2026-03-08T01:10:27.207733Z,1504312431,8433
2026-03-08T01:20:26.019650Z,1504318917,8409
2026-03-08T01:30:29.519629Z,1504325644,8301
2026-03-08T01:40:27.549753Z,1504332817,8155
2026-03-08T01:50:25.175102Z,1504339134,8177
2026-03-08T02:00:29.372193Z,1504345802,8153
2026-03-08T02:10:29.072816Z,1504352176,8168
2026-03-08T02:20:25.848883Z,1504358409,8090
2026-03-08T02:30:28.261200Z,1504364782,7987
2026-03-08T02:40:27.836687Z,1504371309,7888
2026-03-08T02:50:29.301915Z,1504377715,7824
2026-03-08T03:00:28.621328Z,1504384155,7778
2026-03-08T03:10:29.833744Z,1504391634,7706
2026-03-08T03:20:28.167529Z,1504398029,7612
2026-03-08T03:30:28.311297Z,1504404540,7622
2026-03-08T03:40:26.731966Z,1504410787,7632
2026-03-08T03:50:28.520041Z,1504416835,7577
2026-03-08T04:00:30.873919Z,1504423091,7524
2026-03-08T04:10:29.827707Z,1504429553,7444
2026-03-08T04:20:27.027840Z,1504435020,7306
2026-03-08T04:30:26.882350Z,1504441395,7189
2026-03-08T04:40:25.874657Z,1504447460,6991
2026-03-08T04:50:26.938632Z,1504454126,7018
2026-03-08T05:00:30.793986Z,1504460170,7016
2026-03-08T05:10:25.620543Z,1504466192,6872
2026-03-08T05:20:26.823685Z,1504471624,6699
2026-03-08T05:30:30.071773Z,1504477458,6702
2026-03-08T05:40:26.503916Z,1504483565,6583
2026-03-08T05:50:30.745767Z,1504488946,6452
2026-03-08T06:00:32.360086Z,1504494103,6380
2026-03-08T06:10:27.872007Z,1504499748,6164
2026-03-08T06:20:29.925747Z,1504504367,6097
2026-03-08T06:30:27.594465Z,1504509326,6034
2026-03-08T06:40:27.252060Z,1504514268,5938
2026-03-08T06:50:30.065633Z,1504518865,5844
2026-03-08T07:00:29.189642Z,1504523575,5730
2026-03-08T07:10:30.173771Z,1504528598,5525
2026-03-08T07:20:28.920007Z,1504532828,5318
2026-03-08T07:30:27.655505Z,1504536862,5234
2026-03-08T07:40:28.119700Z,1504541323,5127
2026-03-08T07:50:27.303089Z,1504545647,5077
2026-03-08T08:00:30.738474Z,1504549708,5027
2026-03-08T08:10:27.560581Z,1504554010,4937
2026-03-08T08:20:30.510444Z,1504557828,4843
2026-03-08T08:30:29.386207Z,1504561577,4794
2026-03-08T08:40:29.357564Z,1504565574,4817
2026-03-08T08:50:30.741634Z,1504569338,4804
2026-03-08T09:00:31.055197Z,1504573098,4761
2026-03-08T09:10:30.228592Z,1504576867,4718
2026-03-08T09:20:29.544498Z,1504580615,4721
2026-03-08T09:30:29.528206Z,1504584367,4647
2026-03-08T09:40:32.559376Z,1504587885,4674
2026-03-08T09:50:29.946096Z,1504591492,4704
2026-03-08T10:00:30.627790Z,1504595156,4702
2026-03-08T10:10:30.121119Z,1504598857,4730
2026-03-08T10:20:30.967211Z,1504602484,4703
2026-03-08T10:30:32.636443Z,1504606033,4713
2026-03-08T10:40:32.615924Z,1504609965,4703
2026-03-08T10:50:30.651888Z,1504613626,4642
2026-03-08T11:00:34.457034Z,1504617311,4654
2026-03-08T11:20:31.542138Z,1504624794,4777
2026-03-08T11:30:33.136828Z,1504628542,4870
2026-03-08T11:40:31.708436Z,1504632491,4946
2026-03-08T11:50:31.488380Z,1504636122,5025
2026-03-08T12:00:34.148887Z,1504640025,5173
2026-03-08T12:10:31.491350Z,1504644068,5247
2026-03-08T12:20:32.889333Z,1504648232,5349
2026-03-08T12:30:35.349308Z,1504652491,5361
2026-03-08T12:40:34.008146Z,1504656743,5464
2026-03-08T12:50:30.245809Z,1504660885,5603
2026-03-08T13:00:33.826558Z,1504665487,5749
2026-03-08T13:10:33.248029Z,1504670092,5871
2026-03-08T13:20:36.002597Z,1504674504,6010
2026-03-08T13:30:34.244562Z,1504679117,6035
2026-03-08T13:40:33.904939Z,1504683766,6134
2026-03-08T13:50:32.397430Z,1504688528,6161
2026-03-08T14:00:36.619935Z,1504693314,6365
2026-03-08T14:10:33.204590Z,1504698023,6474
2026-03-08T14:20:31.833447Z,1504703342,6563
2026-03-08T14:30:31.040074Z,1504708396,6637
2026-03-08T14:40:30.737504Z,1504714232,6759
2026-03-08T14:50:33.540108Z,1504719408,6886
2026-03-08T15:00:32.131381Z,1504724515,7028
2026-03-08T15:10:26.527502Z,1504730815,7084
2026-03-08T15:20:25.618122Z,1504736510,7233
2026-03-08T15:30:28.974314Z,1504742354,7443
2026-03-08T15:40:26.553635Z,1504748490,7499
2026-03-08T15:50:27.272242Z,1504754150,7479
2026-03-08T16:00:32.698788Z,1504760094,7649
2026-03-08T16:10:26.148447Z,1504766869,7740
2026-03-08T16:20:27.635649Z,1504773270,7869
2026-03-08T16:30:32.682114Z,1504779708,8017
2026-03-08T16:40:28.246034Z,1504786720,8110
2026-03-08T16:50:27.174825Z,1504793124,8285
2026-03-08T17:00:32.133843Z,1504799836,8537
2026-03-08T17:10:28.422345Z,1504806667,8707
2026-03-08T17:20:29.581263Z,1504813551,8822
2026-03-08T17:30:33.400172Z,1504820507,8886
2026-03-08T17:40:30.155667Z,1504828388,9010
2026-03-08T17:50:30.993783Z,1504835877,9086
2026-03-08T18:00:38.776506Z,1504843436,9298
2026-03-08T18:10:30.463939Z,1504851464,9398
2026-03-08T18:20:30.741549Z,1504859013,9478
2026-03-08T18:30:30.269444Z,1504866397,9547
2026-03-08T18:40:32.030056Z,1504874418,9638
2026-03-08T18:50:30.335109Z,1504882028,9871
2026-03-08T19:00:32.338126Z,1504889693,9927
2026-03-08T19:10:29.836045Z,1504898417,9972
2026-03-08T19:20:29.296153Z,1504906001,9978
2026-03-08T19:30:32.563344Z,1504913986,10066
2026-03-08T19:40:30.747438Z,1504922376,10155
2026-03-08T19:50:28.863615Z,1504930298,10197
2026-03-08T20:00:31.034702Z,1504938271,10209
2026-03-08T20:10:29.536189Z,1504946398,10213
2026-03-08T20:20:29.142927Z,1504954148,10147
2026-03-08T20:30:33.305986Z,1504962095,10060
2026-03-08T20:40:31.159974Z,1504970934,10018
2026-03-08T20:50:35.057458Z,1504978697,9978
2026-03-08T21:00:35.022395Z,1504986142,9989
2026-03-08T21:10:29.177400Z,1504994692,9718
2026-03-08T21:20:26.390610Z,1505002243,9604
2026-03-08T21:30:28.320884Z,1505009151,9559
2026-03-08T21:40:26.427827Z,1505017358,9450
2026-03-08T21:50:27.496358Z,1505024571,9295
2026-03-08T22:00:35.192783Z,1505031415,9144
2026-03-08T22:10:28.949552Z,1505039402,8999
2026-03-08T22:20:26.039363Z,1505045865,8874
2026-03-08T22:30:27.785680Z,1505052279,8636
2026-03-08T22:40:28.361565Z,1505059504,8548
2026-03-08T22:50:29.459810Z,1505065972,8397
2026-03-08T23:00:28.935397Z,1505072464,8286
2026-03-08T23:10:28.071159Z,1505078916,8245
2026-03-08T23:20:27.765260Z,1505085114,8010
2026-03-08T23:30:29.540645Z,1505091358,7945
2026-03-08T23:40:26.707175Z,1505097662,7953
2026-03-08T23:50:28.858505Z,1505103637,7747
2026-03-09T00:00:28.348482Z,1505109540,7698
2026-03-09T00:10:28.470764Z,1505115764,7563
2026-03-09T00:20:29.268327Z,1505121603,7450
2026-03-09T00:30:29.106193Z,1505127426,7416
2026-03-09T00:40:26.856254Z,1505132903,7372
2026-03-09T00:50:26.093424Z,1505138576,7342
2026-03-09T01:00:27.646051Z,1505143967,7226
2026-03-09T01:10:28.340734Z,1505149669,7180
2026-03-09T01:20:27.234228Z,1505154906,7083
2026-03-09T01:30:28.574513Z,1505159875,6893
2026-03-09T01:40:26.758956Z,1505166061,6688
2026-03-09T01:50:28.650511Z,1505171349,6581
2026-03-09T02:00:28.221003Z,1505176334,6396
2026-03-09T02:10:27.391465Z,1505181556,6296
2026-03-09T02:20:27.616046Z,1505186045,6194
2026-03-09T02:30:27.821498Z,1505190776,6020
2026-03-09T02:40:29.023206Z,1505196342,5957
2026-03-09T02:50:28.087498Z,1505200876,5852
2026-03-09T03:00:28.140467Z,1505205124,5703
2026-03-09T03:10:27.534330Z,1505209888,5569
2026-03-09T03:20:28.375037Z,1505213971,5396
2026-03-09T03:30:28.228996Z,1505217982,5279
2026-03-09T03:40:30.707924Z,1505222047,5049
2026-03-09T03:50:29.404985Z,1505225655,4886
2026-03-09T04:00:30.106989Z,1505229396,4768
2026-03-09T04:10:33.289904Z,1505233635,4581
2026-03-09T04:20:28.272309Z,1505236981,4448
2026-03-09T04:30:26.279974Z,1505240230,4323
2026-03-09T04:40:27.535332Z,1505243440,4220
2026-03-09T04:50:29.544338Z,1505246575,4064
2026-03-09T05:00:28.154774Z,1505249422,3955
2026-03-09T05:10:28.392768Z,1505252211,3828
2026-03-09T05:20:28.507595Z,1505255060,3668
2026-03-09T05:30:30.230492Z,1505257741,3578
2026-03-09T05:40:28.023140Z,1505260284,3517
2026-03-09T05:50:28.961356Z,1505262979,3462
2026-03-09T06:00:28.093304Z,1505265339,3433
2026-03-09T06:10:27.798347Z,1505268104,3282
2026-03-09T06:20:28.769958Z,1505270690,3292
2026-03-09T06:30:28.768348Z,1505273130,3189
2026-03-09T06:40:31.717916Z,1505275623,3130
2026-03-09T06:50:29.362743Z,1505277905,3079
2026-03-09T07:00:26.577519Z,1505280158,3039
2026-03-09T07:10:27.694919Z,1505282376,2983
2026-03-09T07:20:27.686934Z,1505284366,2904
2026-03-09T07:30:28.304089Z,1505286613,2881
2026-03-09T07:40:28.364232Z,1505288964,2890
2026-03-09T07:50:29.465056Z,1505291065,2844
2026-03-09T08:00:29.666803Z,1505293249,2840
2026-03-09T08:10:28.298310Z,1505295365,2857
2026-03-09T08:20:30.914697Z,1505297472,2803
2026-03-09T08:30:26.401454Z,1505299343,2768
2026-03-09T08:40:28.192756Z,1505301680,2756
2026-03-09T08:50:29.422728Z,1505303574,2743
2026-03-09T09:00:31.513190Z,1505305618,2716
2026-03-09T09:10:28.535425Z,1505307826,2682
2026-03-09T09:20:28.242960Z,1505309904,2669
2026-03-09T09:30:31.198248Z,1505311899,2669
2026-03-09T09:40:35.547225Z,1505313976,2650
2026-03-09T09:50:26.582485Z,1505316042,2673
2026-03-09T10:00:30.654494Z,1505318198,2734
2026-03-09T10:10:30.867282Z,1505320380,2759
2026-03-09T10:20:31.846536Z,1505322515,2709
2026-03-09T10:30:30.098372Z,1505324623,2727
2026-03-09T10:40:28.881068Z,1505326514,2712
2026-03-09T10:50:33.298495Z,1505328997,2792
2026-03-09T11:00:31.204353Z,1505331259,2811
2026-03-09T11:10:30.627449Z,1505333351,2810
2026-03-09T11:20:30.984610Z,1505335595,2885
2026-03-09T11:30:31.903742Z,1505337914,2889
2026-03-09T11:40:31.156168Z,1505340335,2965
2026-03-09T11:50:28.544135Z,1505342550,2953
2026-03-09T12:00:33.036028Z,1505344826,3017
2026-03-09T12:10:30.079709Z,1505347383,3035
2026-03-09T12:20:30.661994Z,1505349795,3100
2026-03-09T12:30:30.496045Z,1505352252,3143
2026-03-09T12:40:32.269596Z,1505354911,3241
2026-03-09T12:50:30.376677Z,1505357453,3287
2026-03-09T13:00:38.347883Z,1505360158,3344
2026-03-09T13:10:31.857404Z,1505362882,3429
2026-03-09T13:20:27.880781Z,1505365473,3496
2026-03-09T13:30:29.533583Z,1505368422,3630
2026-03-09T13:40:33.672237Z,1505371426,3699
2026-03-09T13:50:29.653024Z,1505374302,3736
2026-03-09T14:00:33.359664Z,1505377159,3818
2026-03-09T14:10:31.745804Z,1505380230,3911
2026-03-09T14:20:34.616858Z,1505383307,3963
2026-03-09T14:30:34.156439Z,1505386297,4023
2026-03-09T14:40:31.196890Z,1505389498,4039
2026-03-09T14:50:32.084570Z,1505392545,4093
2026-03-09T15:00:36.411626Z,1505396019,4179
2026-03-09T15:10:36.789630Z,1505399573,4240
2026-03-09T15:20:31.663439Z,1505402870,4261
2026-03-09T15:30:32.824796Z,1505406318,4320
2026-03-09T15:40:33.220989Z,1505409604,4389
2026-03-09T15:50:33.348153Z,1505412965,4458
2026-03-09T16:00:31.959182Z,1505416487,4558
2026-03-09T16:10:37.599651Z,1505420590,4733
2026-03-09T16:20:32.337920Z,1505424302,4830
2026-03-09T16:30:57.249849Z,1505428359,4926
2026-03-09T16:40:41.033287Z,1505432932,5062
2026-03-09T16:50:42.720385Z,1505437145,5191
2026-03-09T17:00:36.378800Z,1505441385,5308
2026-03-09T17:10:33.238983Z,1505445880,5365
2026-03-09T17:20:35.029191Z,1505450470,5366
2026-03-09T17:30:34.908390Z,1505455091,5486
2026-03-09T17:40:55.176072Z,1505459513,5602
2026-03-09T17:50:38.008475Z,1505463963,5668
2026-03-09T18:00:35.930793Z,1505468314,5716
2026-03-09T18:10:32.447002Z,1505473489,5655
2026-03-09T18:20:34.298988Z,1505477979,5715
2026-03-09T18:30:35.476430Z,1505482890,5829
2026-03-09T18:40:34.946272Z,1505487330,5902
2026-03-09T18:50:35.535866Z,1505492370,5986
2026-03-09T19:00:39.940495Z,1505497466,6164
2026-03-09T19:10:33.173509Z,1505502809,6286
2026-03-09T19:20:35.399132Z,1505508106,6332
2026-03-09T19:30:39.831420Z,1505513420,6465
2026-03-09T19:40:34.001269Z,1505518780,6545
2026-03-09T19:50:32.433797Z,1505524154,6600
2026-03-09T20:00:33.700546Z,1505529721,6619
2026-03-09T20:10:32.433773Z,1505535355,6636
2026-03-09T20:20:33.957016Z,1505540373,6729
2026-03-09T20:30:35.290454Z,1505546549,6834
2026-03-09T20:40:39.632229Z,1505552385,6840
2026-03-09T20:50:34.076652Z,1505558013,6850
2026-03-09T21:00:35.974718Z,1505563568,6873
2026-03-09T21:10:37.948083Z,1505569559,6878
2026-03-09T21:20:35.998696Z,1505575365,6878
2026-03-09T21:30:36.434990Z,1505581200,6903
2026-03-09T21:40:35.482953Z,1505586705,6864
2026-03-09T21:50:34.680710Z,1505592098,6763
2026-03-09T22:00:36.529480Z,1505597294,6645
2026-03-09T22:10:31.339926Z,1505603009,6690
2026-03-09T22:20:32.307586Z,1505608274,6646
2026-03-09T22:30:33.990620Z,1505613556,6651
2026-03-09T22:40:30.842248Z,1505619167,6551
2026-03-09T22:50:34.925537Z,1505624643,6502
2026-03-09T23:00:36.330324Z,1505629700,6448
2026-03-09T23:10:33.197059Z,1505635166,6409
2026-03-09T23:21:04.476792Z,1505640417,6421
2026-03-09T23:31:03.562434Z,1505645753,6408
2026-03-09T23:41:05.891364Z,1505651288,6429
2026-03-09T23:51:06.557139Z,1505656802,6423
2026-03-10T00:01:04.094671Z,1505661827,6418
2026-03-10T00:11:06.117416Z,1505667024,6327
2026-03-10T00:21:04.862872Z,1505672252,6221
2026-03-10T00:31:05.354725Z,1505677160,6219
2026-03-10T00:41:02.867960Z,1505682069,6130
2026-03-10T00:51:04.109378Z,1505686887,6140
2026-03-10T01:01:07.065234Z,1505691541,6131
2026-03-10T01:11:04.847543Z,1505696604,6171
2026-03-10T01:21:03.775037Z,1505701190,6038
2026-03-10T01:31:08.751679Z,1505705878,5949
2026-03-10T01:41:04.566214Z,1505710435,5900
2026-03-10T01:51:03.997663Z,1505714764,5837
2026-03-10T02:01:07.047657Z,1505718934,5693
2026-03-10T02:11:04.119780Z,1505723553,5559
2026-03-10T02:21:04.795234Z,1505727706,5478
2026-03-10T02:31:05.375457Z,1505731795,5369
2026-03-10T02:41:04.925127Z,1505736129,5354
2026-03-10T02:51:05.728474Z,1505740120,5147
2026-03-10T03:01:09.306077Z,1505744124,5047
2026-03-10T03:11:07.911939Z,1505747611,4910
2026-03-10T03:21:05.686453Z,1505751319,4738
2026-03-10T03:31:07.654404Z,1505755069,4671
2026-03-10T03:41:05.927864Z,1505758309,4558
2026-03-10T03:51:05.449453Z,1505761945,4451
2026-03-10T04:01:11.098027Z,1505765287,4372
2026-03-10T04:11:07.024474Z,1505768780,4186
2026-03-10T04:21:05.339733Z,1505771760,4035
2026-03-10T04:31:08.837069Z,1505774572,3915
2026-03-10T04:41:07.384971Z,1505777578,3794
2026-03-10T04:51:04.969604Z,1505780150,3629
2026-03-10T05:01:11.650225Z,1505782857,3526
2026-03-10T05:11:07.010533Z,1505785505,3440
2026-03-10T05:21:05.398039Z,1505787912,3266
2026-03-10T05:31:08.232709Z,1505790543,3176
2026-03-10T05:41:08.233555Z,1505793026,3124
2026-03-10T05:51:05.904902Z,1505795211,3054
2026-03-10T06:01:11.832879Z,1505797554,2963
2026-03-10T06:11:06.812477Z,1505799833,2900
2026-03-10T06:21:07.105753Z,1505801900,2798
2026-03-10T06:31:05.554539Z,1505803926,2741
2026-03-10T06:41:07.432662Z,1505805889,2706
2026-03-10T06:51:07.266567Z,1505807791,2594
2026-03-10T07:01:13.598089Z,1505809732,2538
2026-03-10T07:11:05.827715Z,1505811690,2496
2026-03-10T07:20:12.450708Z,1505813225,2495
2026-03-10T07:30:10.717700Z,1505815115,2430
2026-03-10T07:40:11.929811Z,1505817058,2418
2026-03-10T07:50:12.188760Z,1505818712,2441
2026-03-10T08:00:12.190198Z,1505820624,2459
2026-03-10T08:10:14.051476Z,1505822274,2411
2026-03-10T08:20:14.680180Z,1505823995,2364
2026-03-10T08:30:12.342614Z,1505825655,2361
2026-03-10T08:40:13.262158Z,1505827527,2342
2026-03-10T08:50:13.614131Z,1505829298,2326
2026-03-10T09:00:12.003156Z,1505831050,2349
2026-03-10T09:10:12.526409Z,1505833068,2344
2026-03-10T09:20:12.163697Z,1505834811,2368
2026-03-10T09:30:10.979608Z,1505836696,2416
2026-03-10T09:40:13.661925Z,1505838511,2391
2026-03-10T09:50:13.058624Z,1505840487,2422
2026-03-10T10:00:11.029352Z,1505842355,2454
2026-03-10T10:10:13.289176Z,1505844529,2436
2026-03-10T10:20:13.675137Z,1505846389,2433
2026-03-10T10:30:15.640681Z,1505848402,2506
2026-03-10T10:40:12.422131Z,1505850488,2456
2026-03-10T10:50:13.609066Z,1505852503,2511
2026-03-10T11:00:13.280376Z,1505854879,2549
2026-03-10T11:10:12.880025Z,1505857184,2576
2026-03-10T11:20:15.901304Z,1505859395,2589
2026-03-10T11:30:12.548164Z,1505861749,2649
2026-03-10T11:40:09.887561Z,1505864183,2669
2026-03-10T11:50:12.098883Z,1505866433,2698
2026-03-10T12:00:13.944656Z,1505868642,2768
2026-03-10T12:10:13.402049Z,1505871283,2872
2026-03-10T12:20:14.256757Z,1505873696,2909
2026-03-10T12:30:11.528068Z,1505876115,2887
2026-03-10T12:40:14.237612Z,1505878792,3052
2026-03-10T12:50:11.516421Z,1505881291,3149
2026-03-10T13:00:12.545013Z,1505883836,3270
2026-03-10T13:10:15.437118Z,1505886652,3297
2026-03-10T13:20:12.137108Z,1505889289,3387
2026-03-10T13:30:12.808208Z,1505892035,3475
2026-03-10T13:40:12.669041Z,1505895246,3478
2026-03-10T13:50:12.860833Z,1505898253,3517
2026-03-10T14:00:12.679225Z,1505901070,3611
2026-03-10T14:10:13.022757Z,1505904290,3727
2026-03-10T14:20:15.095942Z,1505907484,3809
2026-03-10T14:30:16.618664Z,1505910564,3833
2026-03-10T14:40:15.195277Z,1505913662,3906
2026-03-10T14:50:13.757543Z,1505916780,3949
2026-03-10T15:00:12.409006Z,1505919747,4047
2026-03-10T15:10:12.992497Z,1505923455,4105
2026-03-10T15:22:39.227948Z,1505927613,4199
2026-03-10T15:31:17.941167Z,1505930650,4328
2026-03-10T15:41:28.866831Z,1505933963,4413
2026-03-10T15:51:02.724508Z,1505937397,4462
2026-03-10T16:01:08.296280Z,1505940964,4558
2026-03-10T16:11:07.089831Z,1505945087,4588
2026-03-10T16:21:05.770359Z,1505948828,4706
2026-03-10T16:31:06.981849Z,1505952850,4782
2026-03-10T16:41:05.662765Z,1505957059,4878
2026-03-10T16:51:05.634361Z,1505961217,4940
2026-03-10T17:01:09.741332Z,1505965375,5047
2026-03-10T17:11:04.624342Z,1505969614,5085
2026-03-10T17:21:05.775321Z,1505973771,5205
2026-03-10T17:31:07.639714Z,1505978459,5228
2026-03-10T17:41:09.323174Z,1505982918,5411
2026-03-10T17:51:05.590836Z,1505987313,5365
2026-03-10T18:01:11.971526Z,1505991897,5461
2026-03-10T18:11:06.554922Z,1505996100,5531
2026-03-10T18:21:05.421121Z,1506001098,5515
2026-03-10T18:31:11.607235Z,1506006009,5695
2026-03-10T18:41:06.209304Z,1506010505,5777
2026-03-10T18:51:07.957125Z,1506015574,5856
2026-03-10T19:01:09.816395Z,1506020808,5914
2026-03-10T19:11:13.694765Z,1506026222,6079
2026-03-10T19:21:10.333172Z,1506031254,6100
2026-03-10T19:31:14.312530Z,1506036465,6288
2026-03-10T19:41:10.825231Z,1506042109,6402
2026-03-10T19:51:07.894611Z,1506047693,6425
2026-03-10T20:01:23.724350Z,1506053387,6515
2026-03-10T20:11:12.974801Z,1506059157,6542
2026-03-10T20:21:12.579218Z,1506064798,6675
2026-03-10T20:31:11.635608Z,1506070305,6745
2026-03-10T20:41:08.476838Z,1506075948,6729
2026-03-10T20:51:18.367196Z,1506081601,6811
2026-03-10T21:01:15.536948Z,1506087264,6777
2026-03-10T21:11:12.170819Z,1506093152,6770
2026-03-10T21:21:17.557004Z,1506098654,6745
2026-03-10T21:31:15.989363Z,1506104111,6674
2026-03-10T21:41:09.475054Z,1506109431,6631
2026-03-10T21:51:13.622197Z,1506114907,6625
2026-03-10T22:01:13.758094Z,1506119749,6589
2026-03-10T22:11:09.062975Z,1506125789,6604
2026-03-10T22:21:09.172810Z,1506131447,6615
2026-03-10T22:31:17.357628Z,1506136903,6620
2026-03-10T22:41:11.195666Z,1506142263,6481
2026-03-10T22:51:12.723105Z,1506147098,6384
2026-03-10T23:01:10.274614Z,1506152255,6426
2026-03-10T23:11:10.642297Z,1506157348,6375
2026-03-10T23:21:10.667011Z,1506162694,6372
2026-03-10T23:31:13.147061Z,1506167795,6365
2026-03-10T23:41:11.783897Z,1506173049,6435
2026-03-10T23:50:59.849355Z,1506177847,6435
2026-03-11T00:01:04.050622Z,1506182963,6409
2026-03-11T00:11:00.174122Z,1506188283,6335
2026-03-11T00:20:59.522963Z,1506193304,6223
2026-03-11T00:30:58.215195Z,1506198095,6167
2026-03-11T00:40:59.119216Z,1506202940,6172
2026-03-11T00:51:01.481420Z,1506207745,6115
2026-03-11T01:00:58.817978Z,1506212608,6067
2026-03-11T01:10:58.555618Z,1506217599,6150
2026-03-11T01:20:59.023820Z,1506222142,6096
2026-03-11T01:31:00.802772Z,1506226974,6060
2026-03-11T01:40:59.597267Z,1506232015,5994
2026-03-11T01:50:59.706055Z,1506236453,5872
2026-03-11T02:01:00.811681Z,1506241094,5709
2026-03-11T02:10:59.670898Z,1506245434,5575
2026-03-11T02:20:58.508737Z,1506249788,5457
2026-03-11T02:30:59.530729Z,1506253930,5453
2026-03-11T02:41:00.959193Z,1506258280,5320
2026-03-11T02:50:58.823028Z,1506262473,5239
2026-03-11T03:01:02.157744Z,1506266468,5170
2026-03-11T03:11:00.812272Z,1506270648,5094
2026-03-11T03:20:59.759000Z,1506274272,4898
2026-03-11T03:31:00.387556Z,1506278023,4700
2026-03-11T03:41:02.902248Z,1506281647,4591
2026-03-11T03:50:59.504356Z,1506285018,4516
2026-03-11T04:01:03.304878Z,1506288428,4371
2026-03-11T04:11:00.612196Z,1506291773,4241
2026-03-11T04:21:00.892257Z,1506294867,4093
2026-03-11T04:31:00.929932Z,1506297761,3994
2026-03-11T04:40:58.839312Z,1506300802,3863
2026-03-11T04:51:02.343107Z,1506303658,3717
2026-03-11T05:00:58.736410Z,1506306452,3610
2026-03-11T05:11:00.970173Z,1506309277,3515
2026-03-11T05:20:58.820825Z,1506311831,3394
2026-03-11T05:31:00.749814Z,1506314349,3350
2026-03-11T05:41:01.692051Z,1506317050,3302
2026-03-11T05:50:59.341187Z,1506319457,3212
2026-03-11T06:01:03.621089Z,1506321827,3130
2026-03-11T06:11:01.858110Z,1506324355,3056
2026-03-11T06:21:01.532511Z,1506326559,2952
2026-03-11T06:31:01.812426Z,1506328632,2887
2026-03-11T06:40:58.794925Z,1506330904,2787
2026-03-11T06:51:00.472393Z,1506333134,2791
2026-03-11T07:01:02.466874Z,1506335284,2763
2026-03-11T07:10:59.044189Z,1506337532,2680
2026-03-11T07:21:00.297302Z,1506339564,2648
2026-03-11T07:31:00.614418Z,1506341698,2609
2026-03-11T07:40:59.192222Z,1506343726,2530
2026-03-11T07:50:59.944320Z,1506345754,2507
2026-03-11T08:00:57.617276Z,1506347712,2471
2026-03-11T08:11:00.506163Z,1506349566,2424
2026-03-11T08:21:03.555210Z,1506351459,2389
2026-03-11T08:31:00.759560Z,1506353243,2368
2026-03-11T08:40:59.459227Z,1506355176,2327
2026-03-11T08:50:59.399782Z,1506356897,2304
2026-03-11T09:01:02.317373Z,1506358704,2324
2026-03-11T09:11:18.013783Z,1506360761,2330
2026-03-11T09:20:58.841024Z,1506362566,2357
2026-03-11T09:30:59.483169Z,1506364491,2349
2026-03-11T09:41:00.785858Z,1506366435,2369
2026-03-11T09:51:00.818941Z,1506368171,2358
2026-03-11T10:01:02.827214Z,1506369929,2393
2026-03-11T10:11:00.814559Z,1506372053,2416
2026-03-11T10:21:01.740829Z,1506373871,2448
2026-03-11T10:31:01.632291Z,1506375874,2413
2026-03-11T10:41:00.483413Z,1506377933,2464
2026-03-11T10:51:02.012475Z,1506379823,2484
2026-03-11T11:01:02.881612Z,1506382020,2532
2026-03-11T11:11:00.721944Z,1506384019,2537
2026-03-11T11:21:01.381456Z,1506386012,2580
2026-03-11T11:31:03.125828Z,1506388248,2599
2026-03-11T11:41:00.759937Z,1506390528,2679
2026-03-11T11:51:01.417081Z,1506392560,2714
2026-03-11T12:01:04.287908Z,1506395052,2821
2026-03-11T12:11:02.810582Z,1506397478,2903
2026-03-11T12:21:02.563897Z,1506399854,3015
2026-03-11T12:31:05.323785Z,1506402448,3126
2026-03-11T12:41:01.218939Z,1506405101,3223
2026-03-11T12:51:03.445645Z,1506407865,3269
2026-03-11T13:01:03.336711Z,1506410669,3372
2026-03-11T13:11:04.008779Z,1506413735,3501
2026-03-11T13:21:03.415096Z,1506416714,3549
2026-03-11T13:31:02.591399Z,1506419694,3601
2026-03-11T13:41:05.041043Z,1506422716,3697
2026-03-11T13:51:06.214525Z,1506425939,3838
2026-03-11T14:01:14.937502Z,1506429436,3929
2026-03-11T14:11:03.086148Z,1506432581,4021
2026-03-11T14:21:03.254822Z,1506434064,4064
2026-03-11T14:31:04.924072Z,1506439443,4189
2026-03-11T14:41:01.388874Z,1506442963,4252
2026-03-11T14:51:05.102673Z,1506446614,4320
2026-03-11T15:01:08.436096Z,1506450224,4349
2026-03-11T15:11:02.802842Z,1506454091,4474
2026-03-11T15:21:03.227898Z,1506457806,4540
2026-03-11T15:31:03.187224Z,1506461352,4594
2026-03-11T15:41:01.825525Z,1506465300,4702
2026-03-11T15:51:03.492845Z,1506469129,4763
2026-03-11T16:01:04.129617Z,1506472982,4789
2026-03-11T16:11:05.597553Z,1506477042,4925
2026-03-11T16:21:06.069013Z,1506480982,4964
2026-03-11T16:31:11.216180Z,1506485005,5024
2026-03-11T16:41:07.183925Z,1506489490,5076
2026-03-11T16:51:13.112705Z,1506493239,5145
2026-03-11T17:01:13.359584Z,1506498214,5245
2026-03-11T17:11:05.124353Z,1506502641,5242
2026-03-11T17:21:07.132899Z,1506507116,5318
2026-03-11T17:31:09.186355Z,1506511541,5399
2026-03-11T17:41:06.545419Z,1506515881,5456
2026-03-11T17:51:06.972152Z,1506520475,5453
2026-03-11T18:01:13.820232Z,1506525200,5536
2026-03-11T18:11:09.684150Z,1506529810,5617
2026-03-11T18:21:09.878271Z,1506534498,5680
2026-03-11T18:31:14.240365Z,1506539194,5815
2026-03-11T18:41:08.922702Z,1506544134,5885
2026-03-11T18:51:07.309307Z,1506549313,5998
2026-03-11T19:01:17.589673Z,1506554786,6011
2026-03-11T19:11:08.647243Z,1506559622,6152
2026-03-11T19:21:07.434370Z,1506565062,6241
2026-03-11T19:31:13.842591Z,1506570118,6258
2026-03-11T19:41:08.793717Z,1506575780,6443
2026-03-11T19:51:05.727573Z,1506580912,6513
2026-03-11T20:01:09.127850Z,1506586387,6542
2026-03-11T20:11:06.638375Z,1506591756,6592
2026-03-11T20:21:08.805390Z,1506597020,6632
2026-03-11T20:31:16.502922Z,1506602362,6677
2026-03-11T20:41:06.747583Z,1506607965,6774
2026-03-11T20:51:06.719222Z,1506613051,6800
2026-03-11T21:01:12.356703Z,1506618700,6822
2026-03-11T21:11:06.243741Z,1506624568,6817
2026-03-11T21:21:08.361240Z,1506629881,6793
2026-03-11T21:31:03.626575Z,1506635360,6719
2026-03-11T21:41:04.892435Z,1506640669,6746
2026-03-11T21:51:04.765820Z,1506646066,6792
2026-03-11T22:01:10.300573Z,1506651791,6812
2026-03-11T22:11:04.315976Z,1506657425,6819
2026-03-11T22:21:04.391728Z,1506662658,6678
2026-03-11T22:31:07.775614Z,1506668092,6641
2026-03-11T22:41:04.225162Z,1506673469,6636
2026-03-11T22:50:59.919381Z,1506678507,6537
2026-03-11T23:01:06.905021Z,1506683749,6540
2026-03-11T23:11:01.614744Z,1506688752,6507
2026-03-11T23:21:03.265667Z,1506693675,6468
2026-03-11T23:31:02.272401Z,1506698699,6441
2026-03-11T23:41:02.127022Z,1506704105,6489
2026-03-11T23:51:03.445300Z,1506708845,6449
2026-03-12T00:01:04.504355Z,1506713611,6471
2026-03-12T00:11:04.095808Z,1506719153,6382
2026-03-12T00:21:01.566249Z,1506724139,6328
2026-03-12T00:31:04.431561Z,1506729155,6369
2026-03-12T00:41:00.509376Z,1506734386,6239
2026-03-12T00:51:00.020409Z,1506739364,6227
2026-03-12T01:00:59.049875Z,1506744146,6186
2026-03-12T01:10:59.867674Z,1506749499,6145
2026-03-12T01:20:59.105371Z,1506754231,6098
2026-03-12T01:30:59.422646Z,1506759030,5947
2026-03-12T01:41:00.443924Z,1506763796,5801
2026-03-12T01:51:03.097112Z,1506768269,5654
2026-03-12T02:01:02.008358Z,1506772702,5613
2026-03-12T02:10:59.814755Z,1506776817,5428
2026-03-12T02:21:02.972329Z,1506780962,5368
2026-03-12T02:31:00.663710Z,1506785107,5314
2026-03-12T02:40:59.922273Z,1506789318,5298
2026-03-12T02:50:59.351333Z,1506793112,5158
2026-03-12T03:01:01.872743Z,1506797073,5012
2026-03-12T03:11:01.372155Z,1506801150,4824
2026-03-12T03:20:58.082281Z,1506804787,4710
2026-03-12T03:31:00.798761Z,1506808492,4651
2026-03-12T03:40:59.102228Z,1506811923,4538
2026-03-12T03:51:00.412328Z,1506815552,4372
2026-03-12T04:01:04.195798Z,1506818963,4312
2026-03-12T04:11:01.143998Z,1506822472,4187
2026-03-12T04:21:13.317795Z,1506825816,4061
2026-03-12T04:31:03.609637Z,1506828733,3933
2026-03-12T04:41:01.470038Z,1506831753,3749
2026-03-12T04:51:04.506084Z,1506834643,3726
2026-03-12T05:01:00.386920Z,1506837437,3635
2026-03-12T05:21:01.677195Z,1506842836,3413
2026-03-12T05:31:05.040942Z,1506845576,3335
2026-03-12T05:41:04.083731Z,1506848127,3267
2026-03-12T05:51:04.103397Z,1506850512,3154
2026-03-12T06:01:04.111040Z,1506852854,3122
2026-03-12T06:11:03.144468Z,1506855375,3024
2026-03-12T06:21:00.170914Z,1506857600,2932
2026-03-12T06:31:04.454529Z,1506859828,2858
2026-03-12T06:41:02.996038Z,1506862071,2813
2026-03-12T06:51:02.788015Z,1506864145,2719
2026-03-12T07:01:06.629463Z,1506866202,2695
2026-03-12T07:11:01.878472Z,1506868356,2651
2026-03-12T07:21:03.668357Z,1506870332,2568
2026-03-12T07:31:04.692676Z,1506872416,2545
2026-03-12T07:41:02.600125Z,1506874348,2526
2026-03-12T07:51:01.422896Z,1506876279,2479
2026-03-12T08:01:01.588992Z,1506878076,2476
2026-03-12T08:11:02.004047Z,1506879988,2496
2026-03-12T08:20:59.981196Z,1506881904,2428
2026-03-12T08:30:57.597262Z,1506883786,2446
2026-03-12T08:40:57.212179Z,1506885710,2456
2026-03-12T08:50:57.412822Z,1506887648,2485
2026-03-12T09:00:57.833082Z,1506889542,2435
2026-03-12T09:10:57.775373Z,1506891741,2468
2026-03-12T09:20:57.303502Z,1506893637,2450
2026-03-12T09:30:56.589499Z,1506895501,2467
2026-03-12T09:40:57.176521Z,1506897391,2494
2026-03-12T09:50:57.218883Z,1506899253,2478
2026-03-12T10:00:59.305107Z,1506901164,2494
2026-03-12T10:11:04.441335Z,1506903102,2461
2026-03-12T10:20:56.756825Z,1506904844,2438
2026-03-12T10:30:56.953193Z,1506906909,2485
2026-03-12T10:40:58.689453Z,1506909013,2489
2026-03-12T10:50:59.729164Z,1506910954,2502
2026-03-12T11:00:58.162282Z,1506913108,2504
2026-03-12T11:10:57.127105Z,1506915168,2534
2026-03-12T11:20:57.659686Z,1506917333,2510
2026-03-12T11:30:58.297594Z,1506919541,2579
2026-03-12T11:40:58.598158Z,1506921846,2631
2026-03-12T11:50:57.579367Z,1506923881,2692
2026-03-12T12:00:59.226703Z,1506926129,2726
2026-03-12T12:10:56.884237Z,1506928549,2749
2026-03-12T12:21:03.530936Z,1506930986,2786
2026-03-12T12:30:58.951431Z,1506933370,2843
2026-03-12T12:40:56.264474Z,1506935705,2926
2026-03-12T12:50:56.421153Z,1506938223,3054
2026-03-12T13:00:59.012010Z,1506940790,3141
2026-03-12T13:10:58.484928Z,1506943654,3279
2026-03-12T13:20:57.533585Z,1506946414,3353
2026-03-12T13:30:59.547875Z,1506949213,3459
2026-03-12T13:40:59.519308Z,1506952263,3577
2026-03-12T13:50:56.105421Z,1506955190,3687
2026-03-12T14:00:58.760252Z,1506957779,3710
2026-03-12T14:11:00.416285Z,1506961269,3785
2026-03-12T14:21:02.264455Z,1506964426,3826
2026-03-12T14:30:59.709903Z,1506967617,3908
2026-03-12T14:41:01.423414Z,1506970966,4037
2026-03-12T14:51:02.230015Z,1506974194,4177
2026-03-12T15:00:59.488569Z,1506977495,4234
2026-03-12T15:10:57.792775Z,1506981319,4272
2026-03-12T15:20:57.666950Z,1506984907,4274
2026-03-12T15:31:02.960855Z,1506988557,4314
2026-03-12T15:40:57.856972Z,1506992043,4425
2026-03-12T15:50:59.080168Z,1506995486,4472
2026-03-12T16:00:58.407481Z,1506999241,4532
2026-03-12T16:11:00.041452Z,1507003104,4659
2026-03-12T16:21:01.829680Z,1507006770,4710
2026-03-12T16:30:58.920820Z,1507010732,4905
2026-03-12T16:40:58.853398Z,1507015620,4971
2026-03-12T16:50:58.521813Z,1507019656,5031
2026-03-12T17:01:10.045138Z,1507023678,5135
2026-03-12T17:11:07.969198Z,1507027970,5210
2026-03-12T17:21:03.822158Z,1507032392,5202
2026-03-12T17:31:08.873696Z,1507036740,5287
2026-03-12T17:41:07.312073Z,1507042111,5413
2026-03-12T17:51:04.941815Z,1507046702,5365
2026-03-12T18:01:13.335142Z,1507051366,5419
2026-03-12T18:11:06.962545Z,1507056149,5451
2026-03-12T18:21:04.886349Z,1507060329,5509
2026-03-12T18:31:08.081635Z,1507065489,5585
2026-03-12T18:41:02.888747Z,1507070298,5677
2026-03-12T18:51:04.735761Z,1507075104,5749
2026-03-12T19:01:13.451745Z,1507080202,5771
2026-03-12T19:11:05.984161Z,1507085305,5987
2026-03-12T19:21:04.536476Z,1507090442,6079
2026-03-12T19:31:07.610908Z,1507095389,6215
2026-03-12T19:41:06.498455Z,1507100918,6330
2026-03-12T19:51:03.697253Z,1507106040,6394
2026-03-12T20:01:09.382078Z,1507111750,6459
2026-03-12T20:11:07.034458Z,1507116990,6520
2026-03-12T20:21:04.514777Z,1507122365,6570
2026-03-12T20:31:05.755486Z,1507127956,6664
2026-03-12T20:41:03.668598Z,1507133916,6853
2026-03-12T20:51:04.437550Z,1507139419,6832
2026-03-12T21:01:10.399557Z,1507144948,6892
2026-03-12T21:11:03.570698Z,1507151426,6774
2026-03-12T21:21:04.654129Z,1507156851,6826
2026-03-12T21:31:03.810179Z,1507162540,6884
2026-03-12T21:41:04.550864Z,1507168335,6874
2026-03-12T21:51:05.117687Z,1507173688,6863
2026-03-12T22:01:03.810295Z,1507179401,6832
2026-03-12T22:11:08.248964Z,1507185578,6715
2026-03-12T22:21:02.703561Z,1507190660,6657
2026-03-12T22:31:03.357461Z,1507195287,6655
2026-03-12T22:41:03.296032Z,1507201527,6491
2026-03-12T22:51:02.927542Z,1507206671,6440
2026-03-12T23:01:03.642595Z,1507211737,6329
2026-03-12T23:11:03.697535Z,1507216491,6338
2026-03-12T23:21:03.598369Z,1507221548,6334
2026-03-12T23:31:02.898003Z,1507226586,6314
2026-03-12T23:41:01.472307Z,1507232060,6245
2026-03-12T23:51:02.457189Z,1507237286,6262
2026-03-13T00:01:06.785117Z,1507242083,6197
2026-03-13T00:11:03.296158Z,1507247183,6118
2026-03-13T00:21:03.169431Z,1507251816,6080
2026-03-13T00:31:04.735205Z,1507256085,6019
2026-03-13T00:41:04.624076Z,1507261515,6094
2026-03-13T00:51:03.422818Z,1507266443,6045
2026-03-13T01:01:04.255266Z,1507271319,6078
2026-03-13T01:11:02.387344Z,1507276347,6010
2026-03-13T01:20:35.564365Z,1507280998,5978
2026-03-13T01:30:37.756996Z,1507285820,5922
2026-03-13T01:40:36.936180Z,1507290401,5930
2026-03-13T01:50:38.326255Z,1507295560,5847
2026-03-13T02:00:38.508844Z,1507300092,5827
2026-03-13T02:10:38.520825Z,1507304977,5665
2026-03-13T02:20:37.807307Z,1507309419,5502
2026-03-13T02:30:36.805929Z,1507313899,5437
2026-03-13T02:40:38.821591Z,1507318340,5381
2026-03-13T02:50:36.661746Z,1507322452,5253
2026-03-13T03:00:40.536799Z,1507326663,5155
2026-03-13T03:10:39.255577Z,1507330675,5056
2026-03-13T03:20:37.370572Z,1507334621,4978
2026-03-13T03:30:43.944599Z,1507338414,4939
2026-03-13T03:40:41.010207Z,1507341987,4790
2026-03-13T03:50:35.564692Z,1507345477,4663
2026-03-13T04:00:40.226456Z,1507348910,4509
2026-03-13T04:10:39.093330Z,1507352472,4429
2026-03-13T04:20:39.191660Z,1507355845,4302
2026-03-13T04:30:36.901880Z,1507358957,4224
2026-03-13T04:40:38.735210Z,1507362284,4125
2026-03-13T04:50:37.548033Z,1507365541,3997
2026-03-13T05:00:40.433307Z,1507368582,3858
2026-03-13T05:10:37.461511Z,1507371404,3714
2026-03-13T05:20:39.347468Z,1507374018,3592
2026-03-13T05:30:40.877649Z,1507376798,3536
2026-03-13T05:40:38.493792Z,1507379468,3498
2026-03-13T05:50:36.100721Z,1507382176,3386
2026-03-13T06:00:48.439888Z,1507384745,3284
2026-03-13T06:10:38.234155Z,1507387128,3175
2026-03-13T06:20:39.343229Z,1507389393,3110
2026-03-13T06:30:36.818957Z,1507391780,3045
2026-03-13T06:40:40.109188Z,1507394034,2993
2026-03-13T06:50:42.196251Z,1507396443,2917
2026-03-13T07:00:45.218481Z,1507398779,2897
2026-03-13T07:10:36.746892Z,1507401141,2871
2026-03-13T07:20:39.151426Z,1507403245,2819
2026-03-13T07:30:38.327454Z,1507405408,2801
2026-03-13T07:40:39.626373Z,1507407713,2740
2026-03-13T07:50:39.736496Z,1507409910,2692
2026-03-13T08:00:41.122055Z,1507411971,2666
2026-03-13T08:10:38.535427Z,1507413972,2631
2026-03-13T08:20:37.005769Z,1507415981,2572
2026-03-13T08:30:35.916652Z,1507417947,2563
2026-03-13T08:40:36.108938Z,1507420005,2561
2026-03-13T08:50:37.923183Z,1507422169,2581
2026-03-13T09:00:39.183940Z,1507424136,2615
2026-03-13T09:10:39.980114Z,1507426404,2604
2026-03-13T09:20:38.153881Z,1507428454,2592
2026-03-13T09:30:35.123597Z,1507430375,2595
2026-03-13T09:40:38.366986Z,1507432576,2621
2026-03-13T09:50:35.890710Z,1507434635,2664
2026-03-13T10:00:35.154331Z,1507436879,2707
2026-03-13T10:10:37.048433Z,1507439190,2754
2026-03-13T10:20:36.298655Z,1507441441,2790
2026-03-13T10:30:44.557867Z,1507443688,2795
2026-03-13T10:40:35.496932Z,1507445997,2780
2026-03-13T10:50:36.212209Z,1507448330,2777
2026-03-13T11:00:36.921095Z,1507450447,2840
2026-03-13T11:10:36.561415Z,1507452777,2807
2026-03-13T11:20:36.941716Z,1507455139,2831
2026-03-13T11:30:36.753392Z,1507457295,2884
2026-03-13T11:40:35.473837Z,1507459724,2969
2026-03-13T11:50:35.966028Z,1507462186,2948
2026-03-13T12:00:37.675539Z,1507464684,2963
2026-03-13T12:10:35.377671Z,1507467171,3030
2026-03-13T12:20:36.037435Z,1507469911,3125
2026-03-13T12:30:37.883818Z,1507472685,3188
2026-03-13T12:40:35.513550Z,1507475532,3286
2026-03-13T12:50:37.574317Z,1507478609,3414
2026-03-13T13:00:39.553970Z,1507481780,3551
2026-03-13T13:10:36.823282Z,1507485177,3701
2026-03-13T13:20:36.710229Z,1507488544,3691
2026-03-13T13:30:37.543163Z,1507491908,3844
2026-03-13T13:40:35.944258Z,1507495521,3993
2026-03-13T13:50:36.548355Z,1507499043,4086
2026-03-13T14:00:37.549650Z,1507502520,4255
2026-03-13T14:10:36.166931Z,1507506603,4357
2026-03-13T14:20:38.641946Z,1507510471,4397
2026-03-13T14:30:36.717740Z,1507514596,4530
2026-03-13T14:40:40.783966Z,1507518615,4667
2026-03-13T14:50:37.385925Z,1507522808,4692
2026-03-13T15:10:35.869737Z,1507531199,4926
2026-03-13T15:20:38.452841Z,1507535323,5029
2026-03-13T15:30:36.832966Z,1507539575,5113
2026-03-13T15:40:35.554824Z,1507543884,5262
2026-03-13T15:50:36.515051Z,1507548361,5325
2026-03-13T16:00:39.564232Z,1507552688,5419
2026-03-13T16:10:36.707100Z,1507557313,5461
2026-03-13T16:20:37.145519Z,1507561860,5500
2026-03-13T16:30:35.390946Z,1507566383,5591
2026-03-13T16:40:37.095669Z,1507571411,5689
2026-03-13T16:50:36.917730Z,1507576096,5830
2026-03-13T17:00:35.939174Z,1507580690,5879
2026-03-13T17:10:37.403044Z,1507586278,6024
2026-03-13T17:20:37.172423Z,1507591438,6103
2026-03-13T17:30:38.846245Z,1507596584,6204
2026-03-13T17:40:36.158062Z,1507601588,6279
2026-03-13T17:50:36.993083Z,1507606803,6350
2026-03-13T18:00:43.100465Z,1507612201,6319
2026-03-13T18:10:40.535802Z,1507617717,6340
2026-03-13T18:20:39.437846Z,1507622988,6431
2026-03-13T18:30:41.252084Z,1507628140,6469
2026-03-13T18:40:38.357173Z,1507633304,6501
2026-03-13T18:50:41.252942Z,1507638620,6541
2026-03-13T19:00:44.569302Z,1507644336,6754
2026-03-13T19:10:42.779526Z,1507651136,6811
2026-03-13T19:20:42.285000Z,1507656775,6968
2026-03-13T19:30:42.674435Z,1507662225,7151
2026-03-13T19:40:40.696010Z,1507668917,7278
2026-03-13T19:50:38.609088Z,1507674822,7356
2026-03-13T20:00:43.533474Z,1507680747,7423
2026-03-13T20:10:41.387950Z,1507686716,7568
2026-03-13T20:20:41.559759Z,1507692832,7639
2026-03-13T20:30:43.343240Z,1507698991,7737
2026-03-13T20:40:43.498633Z,1507705756,7892
2026-03-13T20:50:42.556381Z,1507712035,7992
2026-03-13T21:00:41.600691Z,1507718141,8091
2026-03-13T21:10:42.906632Z,1507725451,8193
2026-03-13T21:20:41.387896Z,1507732412,8146
2026-03-13T21:30:40.624748Z,1507738996,8289
2026-03-13T21:40:38.407145Z,1507745464,8200
2026-03-13T21:50:40.629104Z,1507752674,8244
2026-03-13T22:00:43.517208Z,1507759641,8410
2026-03-13T22:10:39.669822Z,1507766614,8250
2026-03-13T22:20:40.884180Z,1507773135,8221
2026-03-13T22:30:40.651547Z,1507779581,8236
2026-03-13T22:40:39.847011Z,1507786446,8261
2026-03-13T22:50:38.742083Z,1507793400,8205
2026-03-13T23:00:41.500472Z,1507799969,8206
2026-03-13T23:10:39.249084Z,1507806507,8102
2026-03-13T23:20:43.989218Z,1507812972,8060
2026-03-13T23:30:39.452026Z,1507819453,7932
2026-03-13T23:40:40.785792Z,1507826091,8023
2026-03-13T23:50:40.471128Z,1507831909,7978
2026-03-14T00:00:41.549238Z,1507838378,7927
2026-03-14T00:10:40.327502Z,1507845089,7853
2026-03-14T00:20:38.442991Z,1507851476,7898
2026-03-14T00:30:41.596002Z,1507857849,7747
2026-03-14T00:40:40.655211Z,1507864202,7702
2026-03-14T00:50:40.558499Z,1507870317,7698
2026-03-14T01:00:41.986540Z,1507876454,7576
2026-03-14T01:10:39.061529Z,1507882900,7507
2026-03-14T01:20:39.544794Z,1507888998,7441
2026-03-14T01:30:39.923006Z,1507895141,7413
2026-03-14T01:40:40.176237Z,1507901447,7391
2026-03-14T01:50:39.660092Z,1507907333,7392
2026-03-14T02:00:38.321242Z,1507913184,7333
2026-03-14T02:10:52.572928Z,1507919179,7299
2026-03-14T02:20:51.924443Z,1507925159,7240
2026-03-14T02:30:57.175202Z,1507931449,7327
2026-03-14T02:40:51.557659Z,1507937614,7245
2026-03-14T02:50:50.042391Z,1507943325,7226
2026-03-14T03:00:53.006260Z,1507948750,7105
2026-03-14T03:10:52.349149Z,1507954977,7085
2026-03-14T03:20:50.703685Z,1507960498,7003
2026-03-14T03:30:52.913165Z,1507965938,6954
2026-03-14T03:40:53.450188Z,1507971592,6899
2026-03-14T03:50:53.512763Z,1507977014,6786
2026-03-14T04:00:51.068861Z,1507982408,6715
2026-03-14T04:10:52.735759Z,1507988015,6590
2026-03-14T04:20:50.258675Z,1507993198,6413
2026-03-14T04:30:55.254488Z,1507998102,6321
2026-03-14T04:40:52.005178Z,1508003205,6175
2026-03-14T04:50:51.659074Z,1508007873,6108
2026-03-14T05:00:51.966231Z,1508012567,5923
2026-03-14T05:10:50.497700Z,1508017277,5764
2026-03-14T05:20:53.363801Z,1508021535,5656
2026-03-14T05:30:53.128562Z,1508025902,5621
2026-03-14T05:40:50.215618Z,1508030559,5516
2026-03-14T05:50:51.597257Z,1508034620,5325
2026-03-14T06:00:54.268880Z,1508038902,5235
2026-03-14T06:10:54.902741Z,1508042781,5161
2026-03-14T06:20:53.318382Z,1508046810,4925
2026-03-14T06:30:51.918296Z,1508050509,4807
2026-03-14T06:40:52.153207Z,1508054245,4628
2026-03-14T06:50:52.212087Z,1508057824,4570
2026-03-14T07:00:53.567641Z,1508061368,4450
2026-03-14T07:10:52.596053Z,1508064738,4393
2026-03-14T07:20:52.505855Z,1508068021,4235
2026-03-14T07:30:54.024116Z,1508071107,4267
2026-03-14T07:40:52.439564Z,1508074477,4199
2026-03-14T07:50:53.470391Z,1508077841,4085
2026-03-14T08:00:53.193258Z,1508081038,3997
2026-03-14T08:10:53.906286Z,1508084280,3990
2026-03-14T08:20:52.873585Z,1508087465,3974
2026-03-14T08:30:52.968183Z,1508090393,3933
2026-03-14T08:40:52.329994Z,1508093823,3989
2026-03-14T08:50:52.018448Z,1508096820,3938
2026-03-14T09:00:50.525685Z,1508099975,3946
2026-03-14T09:10:53.055319Z,1508103191,3956
2026-03-14T09:20:53.140570Z,1508106235,3918
2026-03-14T09:30:52.751643Z,1508109339,4014
2026-03-14T09:40:52.661605Z,1508112608,4064
2026-03-14T09:50:52.833090Z,1508115691,4093
2026-03-14T10:00:52.482797Z,1508119285,4128
2026-03-14T10:11:02.061359Z,1508122854,4196
2026-03-14T10:21:04.942891Z,1508126226,4193
2026-03-14T10:31:11.314268Z,1508129662,4262
2026-03-14T10:41:06.780013Z,1508133329,4323
2026-03-14T10:51:05.299618Z,1508136843,4397
2026-03-14T11:01:16.572684Z,1508140286,4450
2026-03-14T11:11:03.904382Z,1508144160,4525
2026-03-14T11:21:08.139239Z,1508147864,4573
2026-03-14T11:31:15.401446Z,1508151896,4658
2026-03-14T11:41:04.700240Z,1508155816,4730
2026-03-14T11:51:08.819391Z,1508159561,4801
2026-03-14T12:01:26.409528Z,1508163448,4861
2026-03-14T12:11:08.101681Z,1508167612,4958
2026-03-14T12:21:08.083266Z,1508171569,5008
2026-03-14T12:31:15.303599Z,1508175589,5188
2026-03-14T12:41:06.982165Z,1508179945,5246
2026-03-14T12:51:10.723827Z,1508184493,5503
2026-03-14T13:01:21.786511Z,1508189118,5653
2026-03-14T13:11:04.748352Z,1508193943,5830
2026-03-14T13:21:07.463042Z,1508198648,5855
2026-03-14T13:31:09.025177Z,1508203682,6074
2026-03-14T13:41:08.676781Z,1508208975,6132
2026-03-14T13:51:08.100228Z,1508213981,6254
2026-03-14T14:01:26.338158Z,1508219355,6400
2026-03-14T14:11:04.881118Z,1508224450,6513
2026-03-14T14:21:06.747389Z,1508229666,6594
2026-03-14T14:31:15.133739Z,1508235377,6714
2026-03-14T14:41:02.739724Z,1508241020,6968
2026-03-14T14:51:06.864743Z,1508246518,7019
2026-03-14T15:01:12.198631Z,1508252300,7208
2026-03-14T15:11:06.200314Z,1508258347,7269
2026-03-14T15:21:02.084583Z,1508263778,7371
2026-03-14T15:31:14.391839Z,1508270448,7460
2026-03-14T15:41:04.340965Z,1508276269,7554
2026-03-14T15:51:01.119299Z,1508282439,7584
2026-03-14T16:01:07.745577Z,1508288590,7689
2026-03-14T16:11:03.960704Z,1508295990,7871
2026-03-14T16:21:08.210341Z,1508302826,7949
2026-03-14T16:31:03.836834Z,1508309662,8037
2026-03-14T16:41:02.616838Z,1508316656,8164
2026-03-14T16:51:02.949444Z,1508323482,8304
2026-03-14T17:01:10.984627Z,1508330881,8423
2026-03-14T17:11:01.643267Z,1508337816,8535
2026-03-14T17:21:00.529856Z,1508345210,8595
2026-03-14T17:30:59.829442Z,1508352503,8774
2026-03-14T17:41:05.379485Z,1508359996,8868
2026-03-14T17:51:01.386214Z,1508367154,8916
2026-03-14T18:01:03.407184Z,1508374498,9008
2026-03-14T18:11:00.966585Z,1508382680,8952
2026-03-14T18:20:54.051223Z,1508389748,8982
2026-03-14T18:30:53.949601Z,1508397240,9035
2026-03-14T18:40:51.583549Z,1508404537,9117
2026-03-14T18:50:54.054666Z,1508412455,9233
2026-03-14T19:00:53.165052Z,1508420826,9215
2026-03-14T19:10:53.791831Z,1508431940,8990
2026-03-14T19:20:54.190070Z,1508441444,8918
2026-03-14T19:30:54.658680Z,1508449735,9047
2026-03-14T19:40:55.207767Z,1508458479,9070
2026-03-14T19:50:53.526332Z,1508466466,9216
2026-03-14T20:00:55.255060Z,1508474153,9407
2026-03-14T20:10:53.452626Z,1508482039,9454
2026-03-14T20:20:54.329246Z,1508489681,9558
2026-03-14T20:30:56.284566Z,1508497761,9523
2026-03-14T20:40:55.100904Z,1508506694,9575
2026-03-14T20:50:53.849083Z,1508514863,9669
2026-03-14T21:00:56.263435Z,1508522403,9550
2026-03-14T21:10:53.059882Z,1508531927,9574
2026-03-14T21:20:53.080083Z,1508539676,9593
2026-03-14T21:30:55.503292Z,1508547187,9585
2026-03-14T21:40:53.711363Z,1508555241,9557
2026-03-14T21:50:53.192470Z,1508562584,9566
2026-03-14T22:00:53.494910Z,1508570378,9477
2026-03-14T22:10:54.318969Z,1508578209,9458
2026-03-14T22:20:53.245015Z,1508585731,9461
2026-03-14T22:30:54.676149Z,1508593144,9452
2026-03-14T22:40:53.467387Z,1508600531,9472
2026-03-14T22:50:54.252152Z,1508607896,9397
2026-03-14T23:00:54.969371Z,1508615233,9284
2026-03-14T23:10:53.013833Z,1508622550,9155
2026-03-14T23:20:52.424619Z,1508629364,8948
2026-03-14T23:30:52.591356Z,1508636482,8875
2026-03-14T23:40:53.588439Z,1508643111,8827
2026-03-14T23:50:54.837831Z,1508650627,8735
2026-03-15T00:00:52.651788Z,1508657326,8651
2026-03-15T00:10:52.577480Z,1508664324,8625
2026-03-15T00:20:52.486929Z,1508671069,8546
2026-03-15T00:30:52.416418Z,1508677697,8427
2026-03-15T00:40:53.705995Z,1508684293,8388
2026-03-15T00:50:53.291464Z,1508690828,8372
2026-03-15T01:00:53.354461Z,1508697322,8319
2026-03-15T01:10:55.698205Z,1508704582,8436
2026-03-15T01:20:52.868112Z,1508711177,8335
2026-03-15T01:30:52.556479Z,1508717881,8338
2026-03-15T01:40:52.743904Z,1508724865,8219
2026-03-15T01:50:52.312412Z,1508731004,8152
2026-03-15T02:00:53.420315Z,1508737340,8011
2026-03-15T02:10:52.155133Z,1508743337,7988
2026-03-15T02:21:04.733741Z,1508749788,7965
2026-03-15T02:31:08.604748Z,1508755636,7927
2026-03-15T02:41:06.913568Z,1508762354,7938
2026-03-15T02:51:03.499857Z,1508768600,7866
2026-03-15T03:01:15.996493Z,1508774899,7836
2026-03-15T03:11:03.806817Z,1508780907,7788
2026-03-15T03:21:05.894486Z,1508786813,7733
2026-03-15T03:31:09.703419Z,1508792762,7639
2026-03-15T03:41:07.253023Z,1508798818,7499
2026-03-15T03:51:06.396703Z,1508804614,7400
2026-03-15T04:01:18.403559Z,1508810385,7309
2026-03-15T04:11:05.369198Z,1508816339,7357
2026-03-15T04:21:07.848996Z,1508822103,7191
2026-03-15T04:31:13.902133Z,1508827653,7130
2026-03-15T04:41:07.569493Z,1508833454,7007
2026-03-15T04:51:05.500798Z,1508838724,6795
2026-03-15T05:01:16.410523Z,1508844061,6599
2026-03-15T05:11:08.535262Z,1508849012,6482
2026-03-15T05:21:05.888251Z,1508853909,6370
2026-03-15T05:31:11.095513Z,1508858783,6232
2026-03-15T05:41:05.756013Z,1508863806,6095
2026-03-15T05:51:08.642326Z,1508868386,6031
2026-03-15T06:01:19.067279Z,1508873250,5903
2026-03-15T06:11:06.228423Z,1508877925,5764
2026-03-15T06:21:06.843436Z,1508882247,5768
2026-03-15T06:31:10.640208Z,1508886533,5578
2026-03-15T06:41:09.256546Z,1508890775,5478
2026-03-15T06:51:07.554911Z,1508894925,5347
2026-03-15T07:01:17.955407Z,1508899223,5262
2026-03-15T07:11:06.084849Z,1508903490,5186
2026-03-15T07:21:08.200781Z,1508907245,4995
2026-03-15T07:31:12.396132Z,1508911153,4925
2026-03-15T07:41:05.731935Z,1508915100,4861
2026-03-15T07:51:05.214171Z,1508918886,4821
2026-03-15T08:01:13.469665Z,1508922726,4697
2026-03-15T08:11:06.251549Z,1508926380,4603
2026-03-15T08:21:02.758687Z,1508930062,4547
2026-03-15T08:31:07.912842Z,1508933556,4492
2026-03-15T08:41:05.230431Z,1508936994,4494
2026-03-15T08:51:04.232552Z,1508940474,4451
2026-03-15T09:01:06.220054Z,1508943945,4397
2026-03-15T09:11:05.414547Z,1508947581,4407
2026-03-15T09:21:03.941384Z,1508951065,4379
2026-03-15T09:31:07.013211Z,1508954516,4379
2026-03-15T09:41:06.263632Z,1508957962,4305
2026-03-15T09:51:02.373736Z,1508961313,4326
2026-03-15T10:01:07.200697Z,1508964770,4346
2026-03-15T10:11:03.938201Z,1508968308,4454
2026-03-15T10:20:50.346940Z,1508971698,4467
2026-03-15T10:30:50.417135Z,1508975085,4526
2026-03-15T10:40:49.889395Z,1508978841,4537
2026-03-15T10:51:02.595716Z,1508982455,4576
2026-03-15T11:00:47.927019Z,1508986062,4604
2026-03-15T11:10:49.680826Z,1508989755,4654
2026-03-15T11:20:50.119053Z,1508993702,4729
2026-03-15T11:30:49.675143Z,1508997469,4881
2026-03-15T11:40:49.505970Z,1509001684,4957
2026-03-15T11:50:52.137252Z,1509005589,5026
2026-03-15T12:00:50.670297Z,1509009684,5125
2026-03-15T12:10:49.134745Z,1509014043,5138
2026-03-15T12:20:49.452521Z,1509017970,5153
2026-03-15T12:30:50.222035Z,1509022261,5272
2026-03-15T12:40:51.322668Z,1509026628,5387
2026-03-15T12:50:50.073051Z,1509030756,5594
2026-03-15T13:00:50.720703Z,1509035638,5696
2026-03-15T13:10:50.888255Z,1509040470,5859
2026-03-15T13:20:49.385876Z,1509045358,5904
2026-03-15T13:30:51.283784Z,1509050352,5977
2026-03-15T13:40:49.021079Z,1509055485,6123
2026-03-15T13:50:51.118480Z,1509060387,6254
2026-03-15T14:00:49.776063Z,1509065470,6437
2026-03-15T14:10:50.057165Z,1509070796,6599
2026-03-15T14:20:51.309413Z,1509076033,6791
2026-03-15T14:30:52.160850Z,1509081500,6870
2026-03-15T14:40:48.538272Z,1509087260,7047
2026-03-15T14:50:50.613146Z,1509092979,7197
2026-03-15T15:00:50.609255Z,1509098703,7283
2026-03-15T15:10:52.587456Z,1509105315,7431
2026-03-15T15:20:48.210214Z,1509111457,7426
2026-03-15T15:30:50.910098Z,1509117670,7565
2026-03-15T15:40:51.224514Z,1509124055,7566
2026-03-15T15:50:50.673964Z,1509130519,7829
2026-03-15T16:00:49.879747Z,1509137012,8042
2026-03-15T16:10:50.683569Z,1509144404,8125
2026-03-15T16:20:50.242989Z,1509150908,8212
2026-03-15T16:30:50.714476Z,1509157450,8347
2026-03-15T16:40:51.283997Z,1509165452,8439
2026-03-15T16:50:51.640992Z,1509172634,8566
2026-03-15T17:00:52.650110Z,1509179860,8758
2026-03-15T17:10:50.424475Z,1509187249,8937
2026-03-15T17:20:49.574691Z,1509194732,9040
2026-03-15T17:30:49.816930Z,1509201975,9155
2026-03-15T17:40:48.551194Z,1509210095,9210
2026-03-15T17:50:49.604773Z,1509217689,9204
2026-03-15T18:00:49.984466Z,1509225077,9325
2026-03-15T18:10:49.888387Z,1509233555,9363
2026-03-15T18:20:50.882632Z,1509241087,9496
2026-03-15T18:30:49.542959Z,1509248893,9514
2026-03-15T18:41:00.912290Z,1509256988,9639
2026-03-15T18:51:06.294235Z,1509264857,9751
2026-03-15T19:01:05.681996Z,1509272994,9858
2026-03-15T19:11:06.046709Z,1509281769,9928
2026-03-15T19:21:04.756432Z,1509289887,9940
2026-03-15T19:31:06.341409Z,1509297906,10018
2026-03-15T19:41:02.766938Z,1509306975,10065
2026-03-15T19:51:06.753254Z,1509314959,10115
2026-03-15T20:01:15.109773Z,1509323202,10088
2026-03-15T20:11:03.075980Z,1509331196,9966
2026-03-15T20:21:08.881070Z,1509338520,9857
2026-03-15T20:31:08.068592Z,1509347071,9795
2026-03-15T20:41:06.326040Z,1509355455,9805
2026-03-15T20:51:04.352224Z,1509363113,9853
2026-03-15T21:01:11.093875Z,1509371397,9793
2026-03-15T21:11:05.775070Z,1509379086,9735
2026-03-15T21:21:02.929063Z,1509386524,9556
2026-03-15T21:31:03.719990Z,1509393850,9544
2026-03-15T21:41:02.984843Z,1509401545,9389
2026-03-15T21:51:03.399904Z,1509408840,9229
2026-03-15T22:01:05.880873Z,1509416298,9166
2026-03-15T22:11:03.691096Z,1509423610,9091
2026-03-15T22:21:07.246771Z,1509430507,8953
2026-03-15T22:31:06.294221Z,1509436700,8817
2026-03-15T22:41:03.490492Z,1509444354,8645
2026-03-15T22:51:02.957072Z,1509451060,8521
2026-03-15T23:01:08.050222Z,1509457736,8376
2026-03-15T23:11:03.276912Z,1509464321,8279
2026-03-15T23:21:01.478407Z,1509470696,8195
2026-03-15T23:31:05.762934Z,1509476777,8071
2026-03-15T23:41:01.908245Z,1509482531,7938
2026-03-15T23:51:01.823293Z,1509488280,7868
2026-03-16T00:01:05.783140Z,1509495180,7856
2026-03-16T00:11:02.308443Z,1509501376,7772
2026-03-16T00:21:02.128522Z,1509507568,7664
2026-03-16T00:31:03.804835Z,1509513816,7552
2026-03-16T00:41:02.681565Z,1509519833,7539
2026-03-16T00:51:02.061845Z,1509525907,7523
2026-03-16T01:01:02.626673Z,1509532002,7453
2026-03-16T01:11:03.653196Z,1509538341,7417
2026-03-16T01:21:00.554383Z,1509544102,7263
2026-03-16T01:31:02.249955Z,1509550152,7242
2026-03-16T01:41:02.899235Z,1509556686,7107
2026-03-16T01:51:06.826641Z,1509562350,7001
2026-03-16T02:01:06.409881Z,1509567971,6871
2026-03-16T02:11:00.545151Z,1509573220,6682
2026-03-16T02:21:02.908368Z,1509578569,6520
2026-03-16T02:31:00.384564Z,1509583708,6444
2026-03-16T02:41:01.548908Z,1509589289,6330
2026-03-16T02:51:01.366467Z,1509594219,6137
2026-03-16T03:01:02.125827Z,1509598902,5969
2026-03-16T03:11:02.388547Z,1509603871,5824
2026-03-16T03:21:00.878649Z,1509608673,5737
2026-03-16T03:31:01.863587Z,1509613231,5636
2026-03-16T03:40:59.097014Z,1509617423,5536
2026-03-16T03:51:01.528784Z,1509621738,5324
2026-03-16T04:01:04.938122Z,1509625706,5199
2026-03-16T04:10:58.240285Z,1509629712,5061
2026-03-16T04:21:00.511414Z,1509633781,4843
2026-03-16T04:31:03.864565Z,1509637747,4733
2026-03-16T04:41:02.614496Z,1509641377,4623
2026-03-16T04:50:59.544653Z,1509644857,4493
2026-03-16T05:01:04.011642Z,1509648469,4432
2026-03-16T05:11:02.199952Z,1509651679,4381
2026-03-16T05:21:01.276409Z,1509654989,4257
2026-03-16T05:31:00.175145Z,1509658199,4146
2026-03-16T05:40:59.943343Z,1509661630,4057
2026-03-16T05:50:58.796665Z,1509664751,3936
2026-03-16T06:01:01.927426Z,1509667703,3886
2026-03-16T06:11:00.437566Z,1509670813,3792
2026-03-16T06:20:58.142164Z,1509673555,3619
2026-03-16T06:30:59.882486Z,1509676120,3466
2026-03-16T06:40:58.454295Z,1509678900,3411
2026-03-16T06:51:03.647567Z,1509681491,3297
2026-03-16T07:01:07.234232Z,1509684157,3212
2026-03-16T07:11:00.691686Z,1509686755,3178
2026-03-16T07:21:01.109413Z,1509689102,3052
2026-03-16T07:31:02.948353Z,1509691505,2930
2026-03-16T07:40:59.294111Z,1509693987,2896
2026-03-16T07:50:59.975949Z,1509696289,2913
2026-03-16T08:01:01.890033Z,1509698478,2860
2026-03-16T08:11:01.164222Z,1509700896,2850
2026-03-16T08:21:02.524047Z,1509703144,2765
2026-03-16T08:30:59.836558Z,1509705405,2763
2026-03-16T08:41:00.723039Z,1509707694,2757
2026-03-16T08:50:58.733159Z,1509709959,2727
2026-03-16T09:01:02.156245Z,1509712185,2708
2026-03-16T09:11:00.407655Z,1509714431,2733
2026-03-16T09:21:01.257855Z,1509716640,2724
2026-03-16T09:30:58.989848Z,1509719001,2743
2026-03-16T09:40:58.628266Z,1509721220,2724
2026-03-16T09:51:00.210941Z,1509723473,2753
2026-03-16T10:01:00.046379Z,1509725795,2737
2026-03-16T10:10:59.671609Z,1509728102,2762
2026-03-16T10:20:58.633110Z,1509730449,2765
2026-03-16T10:31:05.018896Z,1509732618,2743
2026-03-16T10:40:59.808215Z,1509735024,2770
2026-03-16T10:51:03.061996Z,1509737313,2693
2026-03-16T11:01:01.079237Z,1509739533,2718
2026-03-16T11:11:00.687718Z,1509741752,2734
2026-03-16T11:21:00.396979Z,1509744059,2777
2026-03-16T11:30:00Z,NaN,NaN
2026-03-16T11:40:00Z,NaN,NaN
2026-03-16T11:50:00Z,NaN,NaN
2026-03-16T12:00:00Z,NaN,NaN
2026-03-16T12:10:00Z,NaN,NaN
2026-03-16T12:20:00Z,NaN,NaN
2026-03-16T12:30:00Z,NaN,NaN
2026-03-16T12:40:00Z,NaN,NaN
2026-03-16T12:50:00Z,NaN,NaN
2026-03-16T13:00:00Z,NaN,NaN
2026-03-16T13:10:00Z,NaN,NaN
2026-03-16T13:20:00Z,NaN,NaN
2026-03-16T13:30:00Z,NaN,NaN
2026-03-16T13:40:00Z,NaN,NaN
2026-03-16T13:50:00Z,NaN,NaN
2026-03-16T14:00:00Z,NaN,NaN
2026-03-16T14:10:00Z,NaN,NaN
2026-03-16T14:20:00Z,NaN,NaN
2026-03-16T14:30:00Z,NaN,NaN
2026-03-16T14:40:00Z,NaN,NaN
2026-03-16T14:50:00Z,NaN,NaN
2026-03-16T15:00:00Z,NaN,NaN
2026-03-16T15:10:00Z,NaN,NaN
2026-03-16T15:20:00Z,NaN,NaN
2026-03-16T15:30:00Z,NaN,NaN
2026-03-16T15:40:00Z,NaN,NaN
2026-03-16T15:50:00Z,NaN,NaN
2026-03-16T16:00:00Z,NaN,NaN
2026-03-16T16:10:00Z,NaN,NaN
2026-03-16T16:20:00Z,NaN,NaN
2026-03-16T16:30:00Z,NaN,NaN
2026-03-16T16:40:00Z,NaN,NaN
2026-03-16T16:50:00Z,NaN,NaN
2026-03-16T17:00:00Z,NaN,NaN
2026-03-16T17:10:00Z,NaN,NaN
2026-03-16T17:20:00Z,NaN,NaN
2026-03-16T17:30:00Z,NaN,NaN
2026-03-16T17:40:00Z,NaN,NaN
2026-03-16T17:50:00Z,NaN,NaN
2026-03-16T18:00:00Z,NaN,NaN
2026-03-16T18:10:00Z,NaN,NaN
2026-03-16T18:20:00Z,NaN,NaN
2026-03-16T18:30:00Z,NaN,NaN
2026-03-16T18:40:00Z,NaN,NaN
2026-03-16T18:50:00Z,NaN,NaN
2026-03-16T19:00:00Z,NaN,NaN
2026-03-16T19:10:00Z,NaN,NaN
2026-03-16T19:20:00Z,NaN,NaN
2026-03-16T19:30:00Z,NaN,NaN
2026-03-16T19:40:00Z,NaN,NaN
2026-03-16T19:50:00Z,NaN,NaN
2026-03-16T20:00:00Z,NaN,NaN
2026-03-16T20:11:15.110823Z,1509983414,7772
2026-03-16T20:21:11.797502Z,1509989487,7821
2026-03-16T20:31:16.236944Z,1509996865,7792
2026-03-16T20:41:08.957509Z,1510003520,7908
2026-03-16T20:51:12.523950Z,1510009546,7859
2026-03-16T21:01:22.371501Z,1510016662,7907
2026-03-16T21:11:12.954831Z,1510023890,7852
2026-03-16T21:21:14.086213Z,1510030438,7818
2026-03-16T21:31:15.396602Z,1510037651,7829
2026-03-16T21:41:11.491330Z,1510044196,7800
2026-03-16T21:51:07.622881Z,1510050714,7801
2026-03-16T22:01:16.928174Z,1510057237,7695
2026-03-16T22:11:12.165373Z,1510063662,7634
2026-03-16T22:21:16.115652Z,1510070062,7556
2026-03-16T22:31:13.555049Z,1510076085,7450
2026-03-16T22:41:05.273883Z,1510082339,7338
2026-03-16T22:51:08.323738Z,1510088217,7310
2026-03-16T23:01:13.463970Z,1510094438,7291
2026-03-16T23:11:08.562851Z,1510100426,7183
2026-03-16T23:21:08.719037Z,1510106539,7145
2026-03-16T23:31:09.489903Z,1510112646,7144
2026-03-16T23:41:04.592926Z,1510118771,7125
2026-03-16T23:51:07.885014Z,1510124458,7102
2026-03-17T00:01:17.566801Z,1510130427,7013
2026-03-17T00:11:07.448402Z,1510136537,6880
2026-03-17T00:21:06.316524Z,1510142034,6770
2026-03-17T00:31:08.616722Z,1510147574,6730
2026-03-17T00:41:04.841053Z,1510153377,6638
2026-03-17T00:51:07.306686Z,1510158482,6650
2026-03-17T01:01:06.961740Z,1510164167,6694
2026-03-17T01:11:10.100477Z,1510170584,6661
2026-03-17T01:21:08.508223Z,1510175934,6505
2026-03-17T01:31:08.474345Z,1510181340,6412
2026-03-17T01:41:03.130966Z,1510187095,6230
2026-03-17T01:51:05.775542Z,1510192084,6219
2026-03-17T02:01:09.669985Z,1510197350,6074
2026-03-17T02:11:03.803159Z,1510202591,5927
2026-03-17T02:21:06.786416Z,1510207556,5781
2026-03-17T02:31:07.297807Z,1510212149,5728
2026-03-17T02:41:05.462632Z,1510217261,5597
2026-03-17T02:51:03.259623Z,1510221476,5529
2026-03-17T03:01:04.998915Z,1510226166,5369
2026-03-17T03:11:06.094122Z,1510230812,5205
2026-03-17T03:21:04.943494Z,1510234842,5123
2026-03-17T03:31:06.727010Z,1510239015,5049
2026-03-17T03:41:05.256784Z,1510243021,4907
2026-03-17T03:51:05.662877Z,1510246625,4752
2026-03-17T04:01:04.548341Z,1510250562,4700
2026-03-17T04:11:08.225691Z,1510254221,4492
2026-03-17T04:21:05.916215Z,1510257471,4346
2026-03-17T04:31:06.855044Z,1510261156,4275
2026-03-17T04:41:02.527021Z,1510264541,4131
2026-03-17T04:51:05.342113Z,1510267757,4024
2026-03-17T05:01:12.364671Z,1510270920,3899
2026-03-17T05:11:06.099159Z,1510274001,3795
2026-03-17T05:21:03.021296Z,1510277023,3753
2026-03-17T05:31:08.484492Z,1510279827,3665
2026-03-17T05:41:07.473451Z,1510283094,3628
2026-03-17T05:51:06.954083Z,1510285832,3502
2026-03-17T06:01:15.587006Z,1510288554,3427
2026-03-17T06:11:06.874930Z,1510291526,3321
2026-03-17T06:21:06.427979Z,1510294149,3252
2026-03-17T06:31:08.850927Z,1510296708,3187
2026-03-17T06:41:05.702065Z,1510299294,3157
2026-03-17T06:51:07.386019Z,1510301811,3112
2026-03-17T07:01:07.945816Z,1510304266,3051
2026-03-17T07:11:04.960028Z,1510306693,3053
2026-03-17T07:21:06.940116Z,1510309273,3002
2026-03-17T07:31:05.302541Z,1510311599,2957
2026-03-17T07:41:04.640385Z,1510313947,2873
2026-03-17T07:51:06.906080Z,1510316225,2797
2026-03-17T08:01:07.336090Z,1510318121,2748
2026-03-17T08:11:05.352792Z,1510320547,2743
2026-03-17T08:21:07.459729Z,1510322754,2696
2026-03-17T08:31:09.147574Z,1510325000,2708
2026-03-17T08:41:05.527543Z,1510327182,2706
2026-03-17T08:51:06.270702Z,1510329298,2680
2026-03-17T09:01:06.508419Z,1510331433,2648
2026-03-17T09:11:02.910143Z,1510333731,2639
2026-03-17T09:21:09.584770Z,1510335820,2632
2026-03-17T09:31:07.126990Z,1510338120,2632
2026-03-17T09:41:04.417333Z,1510340227,2673
2026-03-17T09:51:03.703968Z,1510342603,2671
2026-03-17T10:01:07.090663Z,1510344935,2651
2026-03-17T10:11:04.546090Z,1510347215,2718
2026-03-17T10:21:03.858696Z,1510349343,2692
2026-03-17T10:31:03.244684Z,1510351611,2757
2026-03-17T10:41:03.381609Z,1510354096,2749
2026-03-17T10:51:06.066005Z,1510356366,2754
2026-03-17T11:01:04.901521Z,1510358620,2800
2026-03-17T11:11:03.701879Z,1510361160,2827
2026-03-17T11:21:03.634974Z,1510363674,2863
2026-03-17T11:31:03.393756Z,1510366159,2858
2026-03-17T11:41:01.602356Z,1510368627,2878
2026-03-17T11:50:59.714973Z,1510370982,2952
2026-03-17T12:01:16.304089Z,1510373459,2949
2026-03-17T12:11:06.535000Z,1510376005,2988
2026-03-17T12:21:02.035556Z,1510378426,3032
2026-03-17T12:31:14.477607Z,1510381200,3140
2026-03-17T12:41:02.548216Z,1510383780,3277
2026-03-17T12:50:53.132718Z,1510386594,3326
2026-03-17T13:01:01.199013Z,1510389528,3444
2026-03-17T13:10:53.169564Z,1510392310,3559
2026-03-17T13:20:52.701693Z,1510395348,3680
2026-03-17T13:30:55.028985Z,1510398548,3754
2026-03-17T13:40:59.258635Z,1510401868,3811
2026-03-17T13:50:51.779971Z,1510405174,3973
2026-03-17T14:00:53.450542Z,1510408519,4133
2026-03-17T14:10:54.835690Z,1510411906,4189
2026-03-17T14:20:53.729413Z,1510415343,4328
2026-03-17T14:30:55.875955Z,1510419048,4401
2026-03-17T14:40:53.337522Z,1510422760,4548
2026-03-17T14:50:56.138594Z,1510426769,4567
2026-03-17T15:00:56.821665Z,1510430642,4644
2026-03-17T15:10:56.821304Z,1510434878,4672
2026-03-17T15:20:54.138321Z,1510438967,4802
2026-03-17T15:30:58.582570Z,1510442818,4878
2026-03-17T15:40:52.873846Z,1510447106,5005
2026-03-17T15:50:52.131849Z,1510451794,5089
2026-03-17T16:00:56.031174Z,1510456039,5135
2026-03-17T16:10:54.547706Z,1510460852,5173
2026-03-17T16:20:54.046443Z,1510465130,5308
2026-03-17T16:30:53.413430Z,1510469648,5375
2026-03-17T16:40:55.215050Z,1510474667,5471
2026-03-17T16:50:51.315309Z,1510479201,5633
2026-03-17T17:00:54.864928Z,1510484103,5808
2026-03-17T17:10:51.295194Z,1510489411,5889
2026-03-17T17:20:54.138596Z,1510494617,5976
2026-03-17T17:30:51.894029Z,1510499816,6120
2026-03-17T17:40:52.580723Z,1510505689,6209
2026-03-17T18:00:55.162078Z,1510515656,6209
2026-03-17T18:10:53.260206Z,1510521082,6236
2026-03-17T18:20:52.775296Z,1510526168,6260
2026-03-17T18:30:52.928240Z,1510531429,6298
2026-03-17T18:40:56.995455Z,1510536369,6376
2026-03-17T18:50:49.938586Z,1510541882,6464
2026-03-17T19:00:57.289524Z,1510547395,6641
2026-03-17T19:10:52.648523Z,1510553072,6840
2026-03-17T19:20:54.116286Z,1510558665,6870
2026-03-17T19:30:54.477288Z,1510564699,7014
2026-03-17T19:40:52.415226Z,1510570634,7064
2026-03-17T19:50:52.482841Z,1510576524,7164
2026-03-17T20:00:53.225930Z,1510582181,7202
2026-03-17T20:10:56.344348Z,1510588923,7316
2026-03-17T20:20:52.763370Z,1510595000,7346
2026-03-17T20:30:54.589256Z,1510601100,7401
2026-03-17T20:40:55.599425Z,1510607268,7486
2026-03-17T20:50:51.235482Z,1510613587,7509
2026-03-17T21:00:53.738890Z,1510620151,7468
2026-03-17T21:10:53.330549Z,1510626361,7393
2026-03-17T21:20:54.804311Z,1510632348,7394
2026-03-17T21:31:04.999365Z,1510638229,7392
2026-03-17T21:41:04.655109Z,1510644376,7354
2026-03-17T21:51:06.179574Z,1510650409,7350
2026-03-17T22:01:06.696264Z,1510656432,7233
2026-03-17T22:11:05.679757Z,1510663697,7184
2026-03-17T22:21:11.387031Z,1510670051,7059
2026-03-17T22:31:05.607162Z,1510675882,7021
2026-03-17T22:41:06.106791Z,1510682599,6974
2026-03-17T22:51:07.658447Z,1510688079,6918
2026-03-17T23:01:08.455776Z,1510693895,6927
2026-03-17T23:11:06.822011Z,1510699779,6863
2026-03-17T23:21:05.436582Z,1510705376,6822
2026-03-17T23:31:08.638391Z,1510710718,6834
2026-03-17T23:41:05.416154Z,1510716389,6837
2026-03-17T23:51:06.478221Z,1510721787,6798
2026-03-18T00:01:09.473968Z,1510727056,6719
2026-03-18T00:11:05.824316Z,1510732841,6681
2026-03-18T00:21:04.424888Z,1510738060,6658
2026-03-18T00:31:06.874201Z,1510743463,6614
2026-03-18T00:41:12.203493Z,1510748940,6691
2026-03-18T00:51:06.637749Z,1510754117,6660
2026-03-18T01:01:06.141696Z,1510759510,6678
2026-03-18T01:11:09.473213Z,1510765299,6561
2026-03-18T01:21:05.129652Z,1510770292,6431
2026-03-18T01:31:07.793676Z,1510775425,6352
2026-03-18T01:41:04.528134Z,1510780490,6318
2026-03-18T01:51:06.454806Z,1510784935,6212
2026-03-18T02:01:07.913137Z,1510790129,6028
2026-03-18T02:11:05.567504Z,1510794961,5980
2026-03-18T02:21:05.937680Z,1510799543,5912
2026-03-18T02:31:09.404239Z,1510804176,5859
2026-03-18T02:41:04.048417Z,1510808701,5736
2026-03-18T02:51:05.342369Z,1510812971,5665
2026-03-18T03:01:14.488091Z,1510817547,5519
2026-03-18T03:11:06.501988Z,1510821664,5407
2026-03-18T03:21:06.805741Z,1510825937,5315
2026-03-18T03:31:09.805034Z,1510830063,5194
2026-03-18T03:41:07.803814Z,1510834058,4969
2026-03-18T03:51:07.571629Z,1510838232,4848
2026-03-18T04:01:09.744641Z,1510842143,4798
2026-03-18T04:11:09.948372Z,1510845904,4648
2026-03-18T04:21:06.155478Z,1510849602,4431
2026-03-18T04:31:14.013094Z,1510853021,4333
2026-03-18T04:41:05.084199Z,1510856423,4211
2026-03-18T04:51:06.827308Z,1510859638,4087
2026-03-18T05:01:10.999918Z,1510862963,3989
2026-03-18T05:11:08.939323Z,1510866044,3997
2026-03-18T05:21:07.416779Z,1510869152,3852
2026-03-18T05:31:11.554357Z,1510872162,3769
2026-03-18T05:41:06.876839Z,1510875031,3722
2026-03-18T05:51:06.993903Z,1510877836,3536
2026-03-18T06:01:09.088610Z,1510880349,3462
2026-03-18T06:11:04.872228Z,1510882957,3401
2026-03-18T06:21:10.241470Z,1510885321,3308
2026-03-18T06:31:03.666619Z,1510887874,3248
2026-03-18T06:41:06.081570Z,1510890400,3164
2026-03-18T06:51:06.484064Z,1510892806,3118
2026-03-18T07:01:05.528265Z,1510895292,3114
2026-03-18T07:11:03.457177Z,1510897916,3074
2026-03-18T07:21:06.187457Z,1510900253,3040
2026-03-18T07:31:07.530814Z,1510902697,2912
2026-03-18T07:41:05.370086Z,1510905014,2859
2026-03-18T07:51:03.981540Z,1510907272,2830
2026-03-18T08:01:04.681048Z,1510909506,2802
2026-03-18T08:11:05.987860Z,1510911807,2773
2026-03-18T08:21:06.881328Z,1510914155,2723
2026-03-18T08:31:05.675116Z,1510916283,2687
2026-03-18T08:41:06.604783Z,1510918459,2699
2026-03-18T08:51:05.822875Z,1510920605,2633
2026-03-18T09:01:06.365221Z,1510922787,2624
2026-03-18T09:11:09.165205Z,1510925016,2607
2026-03-18T09:21:06.480189Z,1510926994,2591
2026-03-18T09:31:06.110644Z,1510929113,2610
2026-03-18T09:41:04.709990Z,1510931132,2617
2026-03-18T09:51:12.324662Z,1510933310,2618
2026-03-18T10:01:08.794657Z,1510935351,2622
2026-03-18T10:11:07.226382Z,1510937612,2617
2026-03-18T10:21:07.895825Z,1510939630,2604
2026-03-18T10:31:04.361280Z,1510941975,2620
2026-03-18T10:41:04.956454Z,1510944280,2654
2026-03-18T10:51:08.155604Z,1510946535,2689
2026-03-18T11:01:08.648146Z,1510948635,2696
2026-03-18T11:10:52.693612Z,1510950889,2727
2026-03-18T11:20:54.621709Z,1510952972,2785
2026-03-18T11:30:52.877583Z,1510955238,2779
2026-03-18T11:40:52.386464Z,1510957771,2875
2026-03-18T11:50:53.523894Z,1510960067,2922
2026-03-18T12:00:56.501938Z,1510962556,2971
2026-03-18T12:10:55.658138Z,1510965222,2999
2026-03-18T12:20:51.878229Z,1510967813,3083
2026-03-18T12:30:54.158147Z,1510970486,3167
2026-03-18T12:40:51.879965Z,1510973313,3267
2026-03-18T12:50:53.885030Z,1510976101,3344
2026-03-18T13:00:55.372949Z,1510979088,3458
2026-03-18T13:10:53.514459Z,1510982375,3601
2026-03-18T13:20:53.023313Z,1510985625,3790
2026-03-18T13:30:54.316331Z,1510988745,3876
2026-03-18T14:51:11.195836Z,1511018552,4543
2026-03-18T15:01:11.250498Z,1511022373,4681
2026-03-18T15:11:09.599365Z,1511026332,4795
2026-03-18T15:21:10.472126Z,1511030383,4837
2026-03-18T15:31:11.282506Z,1511034427,4851
2026-03-18T15:41:06.435174Z,1511038439,4947
2026-03-18T15:51:08.033489Z,1511042593,5023
2026-03-18T16:01:05.564070Z,1511046560,5151
2026-03-18T16:11:06.711068Z,1511051306,5254
2026-03-18T16:21:06.776520Z,1511055614,5246
2026-03-18T16:31:07.446067Z,1511059783,5348
2026-03-18T16:41:06.297184Z,1511064445,5441
2026-03-18T16:51:05.188629Z,1511068859,5530
2026-03-18T17:01:09.694830Z,1511073525,5577
2026-03-18T17:11:12.835123Z,1511078246,5688
2026-03-18T17:21:07.296628Z,1511083112,5748
2026-03-18T17:31:05.802678Z,1511088296,5848
2026-03-18T17:41:09.906792Z,1511093605,5960
2026-03-18T17:51:07.007326Z,1511098602,5953
2026-03-18T18:01:09.944344Z,1511103589,5993
2026-03-18T18:11:04.947850Z,1511109384,5942
2026-03-18T18:21:05.940574Z,1511114409,6006
2026-03-18T18:31:06.187318Z,1511119823,6072
2026-03-18T18:41:05.836630Z,1511124969,6163
2026-03-18T18:51:05.349035Z,1511130178,6304
2026-03-18T19:01:09.695436Z,1511135694,6416
2026-03-18T19:11:05.642386Z,1511141473,6619
2026-03-18T19:21:03.470137Z,1511146804,6612
2026-03-18T19:31:07.522391Z,1511152007,6709
2026-03-18T19:41:06.269805Z,1511157547,6818
2026-03-18T19:51:08.491972Z,1511163427,6895
2026-03-18T20:01:11.205015Z,1511169022,6938
2026-03-18T20:11:06.209601Z,1511175200,7013
2026-03-18T20:21:06.671827Z,1511181141,7130
2026-03-18T20:31:04.966499Z,1511186983,7141
2026-03-18T20:41:08.195683Z,1511193111,7204
2026-03-18T20:51:06.822109Z,1511198989,7243
2026-03-18T21:01:14.781392Z,1511205069,7281
2026-03-18T21:11:05.475899Z,1511211173,7298
2026-03-18T21:21:06.682791Z,1511217343,7284
2026-03-18T21:31:07.848440Z,1511223360,7202
2026-03-18T21:41:04.468611Z,1511229250,7106
2026-03-18T21:51:07.555397Z,1511235272,7195
2026-03-18T22:01:09.923667Z,1511241238,7169
2026-03-18T22:11:04.461839Z,1511247345,7010
2026-03-18T22:21:05.630460Z,1511252851,6973
2026-03-18T22:31:08.568703Z,1511258416,6798
2026-03-18T22:41:08.654763Z,1511263906,6743
2026-03-18T22:51:05.349268Z,1511269379,6708
2026-03-18T23:01:07.781090Z,1511274956,6674
2026-03-18T23:11:04.456008Z,1511280256,6700
2026-03-18T23:21:03.678875Z,1511285685,6603
2026-03-18T23:31:06.451713Z,1511290963,6586
2026-03-18T23:40:58.564641Z,1511296315,6558
2026-03-18T23:50:57.983782Z,1511301364,6482
2026-03-19T00:00:59.372200Z,1511306409,6388
2026-03-19T00:10:55.978646Z,1511311803,6387
2026-03-19T00:20:58.107918Z,1511317081,6415
2026-03-19T00:30:56.796789Z,1511322373,6413
2026-03-19T00:40:58.202157Z,1511327538,6389
2026-03-19T00:50:58.525951Z,1511332889,6378
2026-03-19T01:00:58.243015Z,1511338046,6290
2026-03-19T01:10:56.941609Z,1511343371,6227
2026-03-19T01:20:56.009949Z,1511347716,6161
2026-03-19T01:31:01.543703Z,1511353137,6085
2026-03-19T01:40:57.255265Z,1511359031,5916
2026-03-19T01:50:58.948181Z,1511364323,5858
2026-03-19T02:00:56.603189Z,1511369067,5786
2026-03-19T02:10:56.745947Z,1511373883,5665
2026-03-19T02:20:57.848800Z,1511378379,5541
2026-03-19T02:30:56.504746Z,1511382736,5455
2026-03-19T02:40:56.160059Z,1511387340,5370
2026-03-19T02:50:58.642432Z,1511391553,5335
2026-03-19T03:00:58.182993Z,1511395869,5176
2026-03-19T03:10:56.177391Z,1511400388,5145
2026-03-19T03:20:56.193546Z,1511404605,4986
2026-03-19T03:30:57.132441Z,1511408693,4918
2026-03-19T03:40:56.336120Z,1511412611,4814
2026-03-19T03:50:56.202956Z,1511416275,4681
2026-03-19T04:00:57.044257Z,1511419960,4619
2026-03-19T04:10:58.930794Z,1511423624,4542
2026-03-19T04:20:57.720831Z,1511426983,4366
2026-03-19T04:30:58.109395Z,1511430407,4235
2026-03-19T04:40:55.855181Z,1511433787,4155
2026-03-19T04:50:56.669500Z,1511436949,3999
2026-03-19T05:00:55.365048Z,1511440158,3788
2026-03-19T05:10:54.575406Z,1511443178,3784
2026-03-19T05:20:56.576155Z,1511445968,3734
2026-03-19T05:30:56.439823Z,1511448673,3628
2026-03-19T05:40:56.797697Z,1511451429,3568
2026-03-19T05:50:56.943532Z,1511454062,3453
2026-03-19T06:00:57.409445Z,1511456760,3402
2026-03-19T06:10:57.124140Z,1511459335,3263
2026-03-19T06:20:56.504598Z,1511462083,3195
2026-03-19T06:30:56.396525Z,1511464477,3134
2026-03-19T06:40:58.105999Z,1511466874,3011
2026-03-19T06:50:58.100301Z,1511469202,2902
2026-03-19T07:00:57.557677Z,1511471549,2842
2026-03-19T07:10:57.550148Z,1511473704,2833
2026-03-19T07:20:57.276309Z,1511475908,2699
2026-03-19T07:30:56.474677Z,1511478124,2631
2026-03-19T07:40:54.174452Z,1511480338,2587
2026-03-19T07:51:00.244158Z,1511482432,2545
2026-03-19T08:00:56.795169Z,1511484340,2529
2026-03-19T08:10:27.332139Z,1511486213,2554
2026-03-19T08:20:24.255212Z,1511488298,2468
2026-03-19T08:30:24.665830Z,1511490219,2458
2026-03-19T08:40:25.185451Z,1511492305,2453
2026-03-19T08:50:22.161738Z,1511494400,2408
2026-03-19T09:00:31.921964Z,1511496458,2479
2026-03-19T09:10:26.476809Z,1511498643,2505
2026-03-19T09:20:26.154298Z,1511500668,2469
2026-03-19T09:30:29.152766Z,1511502582,2507
2026-03-19T09:40:23.671094Z,1511504687,2536
2026-03-19T09:50:24.676793Z,1511506797,2528
2026-03-19T10:00:28.465728Z,1511509043,2556
2026-03-19T10:10:22.667892Z,1511511330,2564
2026-03-19T10:20:25.793005Z,1511513354,2544
2026-03-19T10:30:31.498370Z,1511515421,2543
2026-03-19T10:40:24.006620Z,1511517704,2523
2026-03-19T10:50:24.932765Z,1511519866,2480
2026-03-19T11:00:36.555794Z,1511522022,2523
2026-03-19T11:10:27.750463Z,1511524151,2551
2026-03-19T11:20:26.513907Z,1511526321,2557
2026-03-19T11:30:34.195304Z,1511528599,2648
2026-03-19T11:40:28.297521Z,1511531116,2713
2026-03-19T11:50:28.572485Z,1511533359,2739
2026-03-19T12:00:33.350457Z,1511535610,2745
2026-03-19T12:10:27.679856Z,1511538233,2816
2026-03-19T12:20:24.899293Z,1511540545,2866
2026-03-19T12:30:33.991301Z,1511542881,2916
2026-03-19T12:40:24.999088Z,1511545254,3001
2026-03-19T12:50:27.658057Z,1511547869,3105
2026-03-19T13:00:30.620978Z,1511550425,3174
2026-03-19T13:10:27.916998Z,1511553873,3413
2026-03-19T13:20:28.423922Z,1511556621,3487
2026-03-19T13:30:35.379001Z,1511559537,3572
2026-03-19T13:40:30.340089Z,1511562881,3601
2026-03-19T13:50:28.128361Z,1511566024,3780
2026-03-19T14:00:32.942217Z,1511568982,3797
2026-03-19T14:10:29.804182Z,1511572414,3813
2026-03-19T14:20:31.031451Z,1511575547,3936
2026-03-19T14:30:34.629011Z,1511578827,4023
2026-03-19T14:40:30.413408Z,1511582462,4143
2026-03-19T14:50:26.527809Z,1511585654,4191
2026-03-19T15:00:31.304998Z,1511589244,4210
2026-03-19T15:10:28.239806Z,1511593038,4282
2026-03-19T15:20:31.402883Z,1511596624,4354
2026-03-19T15:30:33.297932Z,1511600465,4435
2026-03-19T15:40:32.832876Z,1511604236,4570
2026-03-19T15:50:25.498441Z,1511607874,4589
2026-03-19T16:00:32.661191Z,1511611952,4732
2026-03-19T16:10:30.400537Z,1511616426,4804
2026-03-19T16:20:25.605031Z,1511620341,4838
2026-03-19T16:30:32.443973Z,1511624422,4876
2026-03-19T16:40:28.941777Z,1511628501,4960
2026-03-19T16:50:29.568326Z,1511632779,5121
2026-03-19T17:00:51.108160Z,1511637229,5253
2026-03-19T17:10:39.635646Z,1511641327,5317
2026-03-19T17:20:37.546606Z,1511646485,5380
2026-03-19T17:30:41.634012Z,1511651261,5584
2026-03-19T17:40:37.903752Z,1511655878,5644
2026-03-19T17:50:37.357851Z,1511660474,5737
2026-03-19T18:00:52.538881Z,1511665371,5757
2026-03-19T18:10:37.405474Z,1511669784,5777
2026-03-19T18:20:39.608544Z,1511674884,5789
2026-03-19T18:30:41.907007Z,1511679598,5835
2026-03-19T18:40:36.841449Z,1511684546,5943
2026-03-19T18:50:39.689800Z,1511689270,6052
2026-03-19T19:00:53.084483Z,1511694486,6137
2026-03-19T19:10:35.966745Z,1511699561,6241
2026-03-19T19:20:38.075299Z,1511704732,6311
2026-03-19T19:30:44.970198Z,1511710002,6389
2026-03-19T19:40:39.343259Z,1511715360,6461
2026-03-19T19:50:39.565863Z,1511720783,6534
2026-03-19T20:00:46.268700Z,1511726033,6627
2026-03-19T20:10:41.199901Z,1511731358,6653
2026-03-19T20:20:39.717667Z,1511736673,6718
2026-03-19T20:30:51.150392Z,1511742326,6709
2026-03-19T20:40:44.403342Z,1511747901,6776
2026-03-19T20:50:37.830467Z,1511753491,6713
2026-03-19T21:00:54.494081Z,1511759068,6784
2026-03-19T21:10:38.637585Z,1511764595,6779
2026-03-19T21:20:36.168400Z,1511770087,6777
2026-03-19T21:30:39.353396Z,1511775655,6740
2026-03-19T21:40:35.373249Z,1511781045,6726
2026-03-19T21:50:34.981882Z,1511786575,6691
2026-03-19T22:00:49.370641Z,1511792282,6638
2026-03-19T22:10:33.866526Z,1511797610,6590
2026-03-19T22:20:35.291171Z,1511802955,6539
2026-03-19T22:30:42.170400Z,1511808226,6530
2026-03-19T22:40:32.958618Z,1511813455,6467
2026-03-19T22:50:34.573611Z,1511818432,6454
2026-03-19T23:00:40.476943Z,1511823882,6399
2026-03-19T23:10:32.701522Z,1511829192,6402
2026-03-19T23:20:31.346844Z,1511834202,6351
2026-03-19T23:30:38.606775Z,1511839494,6256
2026-03-19T23:40:32.683646Z,1511844592,6239
2026-03-19T23:50:32.993652Z,1511849360,6142
2026-03-20T00:00:47.820124Z,1511854431,6147
2026-03-20T00:10:31.431124Z,1511859498,6177
2026-03-20T00:20:30.314587Z,1511864453,6103
2026-03-20T00:30:39.337614Z,1511869296,6081
2026-03-20T00:40:31.826034Z,1511873902,6071
2026-03-20T00:50:32.318483Z,1511878808,6119
2026-03-20T01:00:37.750893Z,1511883680,6007
2026-03-20T01:10:32.541555Z,1511888753,5926
2026-03-20T01:20:32.936323Z,1511893413,5806
2026-03-20T01:30:30.514161Z,1511898074,5789
2026-03-20T01:40:42.603643Z,1511902816,5774
2026-03-20T01:50:45.354606Z,1511907457,5730
2026-03-20T02:01:03.630714Z,1511912422,5685
2026-03-20T02:10:53.730915Z,1511916867,5586
2026-03-20T02:20:56.653155Z,1511921596,5604
2026-03-20T02:30:59.787470Z,1511926122,5446
2026-03-20T02:40:56.338920Z,1511930328,5355
2026-03-20T02:50:59.937886Z,1511934454,5275
2026-03-20T03:01:03.455276Z,1511938343,5170
2026-03-20T03:10:56.857443Z,1511942683,5161
2026-03-20T03:20:55.935656Z,1511946844,5071
2026-03-20T03:31:00.242186Z,1511950676,4964
2026-03-20T03:40:56.103618Z,1511954452,4887
2026-03-20T03:50:57.222855Z,1511958289,4832
2026-03-20T04:00:59.358739Z,1511962096,4669
2026-03-20T04:10:57.445849Z,1511965788,4635
2026-03-20T04:21:00.247314Z,1511969512,4489
2026-03-20T04:31:05.294493Z,1511973305,4394
2026-03-20T04:40:59.184807Z,1511976676,4290
2026-03-20T04:51:00.741589Z,1511980052,4170
2026-03-20T05:01:10.857302Z,1511983485,4172
2026-03-20T05:11:00.828284Z,1511986640,4076
2026-03-20T05:20:57.070003Z,1511989978,4029
2026-03-20T05:30:59.636519Z,1511993137,3996
2026-03-20T05:41:03.940827Z,1511996457,3834
2026-03-20T05:50:57.154150Z,1511999497,3785
2026-03-20T06:01:05.939029Z,1512002543,3629
2026-03-20T06:10:59.753155Z,1512005363,3589
2026-03-20T06:21:00.177295Z,1512008090,3461
2026-03-20T06:31:03.762651Z,1512010778,3380
2026-03-20T06:40:57.892224Z,1512013393,3323
2026-03-20T06:50:57.132169Z,1512015994,3253
2026-03-20T07:01:07.099292Z,1512018540,3131
2026-03-20T07:10:58.697360Z,1512021058,3086
2026-03-20T07:20:59.285168Z,1512023529,3026
2026-03-20T07:31:00.248053Z,1512025883,2971
2026-03-20T07:40:57.181266Z,1512028414,2930
2026-03-20T07:50:59.337499Z,1512030761,2874
2026-03-20T08:01:04.547118Z,1512033073,2778
2026-03-20T08:10:57.677131Z,1512035310,2801
2026-03-20T08:20:58.570147Z,1512037553,2741
2026-03-20T08:30:58.603821Z,1512039739,2714
2026-03-20T08:40:56.387256Z,1512041903,2687
2026-03-20T08:50:55.716213Z,1512044063,2690
2026-03-20T09:00:56.572889Z,1512046118,2690
2026-03-20T09:10:55.533162Z,1512048375,2696
2026-03-20T09:20:56.996346Z,1512050716,2769
2026-03-20T09:30:59.427806Z,1512052867,2790
2026-03-20T09:40:53.877063Z,1512055296,2765
2026-03-20T09:50:54.083516Z,1512057680,2802
2026-03-20T10:00:57.029921Z,1512059930,2771
2026-03-20T10:10:53.955010Z,1512062481,2795
2026-03-20T10:20:54.404684Z,1512064848,2864
2026-03-20T10:30:47.239151Z,1512067191,2889
2026-03-20T10:40:47.469491Z,1512069839,2896
2026-03-20T10:50:47.468903Z,1512072303,2916
2026-03-20T11:00:49.648767Z,1512074886,2964
2026-03-20T11:10:49.187664Z,1512077397,3019
2026-03-20T11:20:52.004867Z,1512079908,3019
2026-03-20T11:30:48.045008Z,1512082650,3114
2026-03-20T11:40:53.022689Z,1512085202,3214
2026-03-20T11:50:49.448922Z,1512088164,3222
2026-03-20T12:00:51.118698Z,1512090876,3213
2026-03-20T12:10:48.973419Z,1512093711,3249
2026-03-20T12:20:49.705552Z,1512096712,3341
2026-03-20T12:30:52.021521Z,1512099503,3387
2026-03-20T12:40:51.624509Z,1512102801,3582
2026-03-20T12:50:50.059754Z,1512106009,3701
2026-03-20T13:00:51.163777Z,1512109147,3759
2026-03-20T13:10:50.595442Z,1512112564,3904
2026-03-20T13:20:50.703695Z,1512115773,4018
2026-03-20T13:30:49.748833Z,1512118890,4060
2026-03-20T13:40:48.843159Z,1512122447,4094
2026-03-20T13:50:51.432372Z,1512125896,4233
2026-03-20T14:00:50.847784Z,1512129317,4283
2026-03-20T14:10:52.843080Z,1512133057,4406
2026-03-20T14:20:50.457433Z,1512136480,4499
2026-03-20T14:30:58.950839Z,1512140282,4542
2026-03-20T14:40:55.307091Z,1512144152,4625
2026-03-20T14:50:49.766801Z,1512147766,4672
2026-03-20T15:00:53.176260Z,1512151718,4809
2026-03-20T15:11:09.214950Z,1512156229,4957
2026-03-20T15:20:54.295929Z,1512160331,5101
2026-03-20T15:30:51.134664Z,1512164576,5186
2026-03-20T15:40:51.604893Z,1512168872,5268
2026-03-20T15:50:49.458952Z,1512173225,5414
2026-03-20T16:00:51.395523Z,1512177625,5590
2026-03-20T16:10:51.141759Z,1512182506,5601
2026-03-20T16:20:49.339027Z,1512187034,5614
2026-03-20T16:30:49.666778Z,1512191814,5689
2026-03-20T16:40:49.676873Z,1512196943,5750
2026-03-20T16:50:51.078062Z,1512201460,5833
2026-03-20T17:00:51.335511Z,1512207034,5976
2026-03-20T17:10:50.163831Z,1512212170,6052
2026-03-20T17:20:51.393308Z,1512217495,6162
2026-03-20T17:30:49.708083Z,1512222242,6138
2026-03-20T17:40:52.363093Z,1512227778,6265
2026-03-20T17:50:48.752315Z,1512232598,6273
2026-03-20T18:00:49.551678Z,1512237856,6359
2026-03-20T18:10:52.741038Z,1512243506,6379
2026-03-20T18:20:57.905407Z,1512248623,6320
2026-03-20T18:30:51.530661Z,1512253741,6327
2026-03-20T18:40:47.977443Z,1512258981,6430
2026-03-20T18:50:52.321695Z,1512264376,6546
2026-03-20T19:00:50.506169Z,1512269954,6654
2026-03-20T19:10:48.741678Z,1512275975,6796
2026-03-20T19:20:48.807234Z,1512281751,6861
2026-03-20T19:30:54.325031Z,1512288007,6948
2026-03-20T19:40:51.386875Z,1512294162,6996
2026-03-20T19:50:52.709004Z,1512299762,6735
2026-03-20T20:00:55.108432Z,1512305121,6650
2026-03-20T20:10:51.321589Z,1512310393,6603
2026-03-20T20:20:50.896461Z,1512316160,6616
2026-03-20T20:30:54.200291Z,1512321582,6643
2026-03-20T20:40:52.471967Z,1512327493,6797
2026-03-20T20:50:51.036120Z,1512332893,6764
2026-03-20T21:00:55.687333Z,1512339035,6864
2026-03-20T21:10:51.070482Z,1512344670,6882
2026-03-20T21:20:52.376990Z,1512353026,7210
2026-03-20T21:30:49.375451Z,1512360049,7327
2026-03-20T21:40:51.016739Z,1512366905,7298
2026-03-20T21:50:52.163854Z,1512373509,7436
2026-03-20T22:00:52.495352Z,1512379978,7413
2026-03-20T22:10:52.446423Z,1512387060,7374
2026-03-20T22:20:51.340369Z,1512393363,7285
2026-03-20T22:30:52.433023Z,1512399508,7186
2026-03-20T22:40:53.003579Z,1512406148,7186
2026-03-20T22:50:51.174084Z,1512412392,7180
2026-03-20T23:00:55.457339Z,1512418493,7227
2026-03-20T23:10:52.007326Z,1512424493,7253
2026-03-20T23:20:50.934342Z,1512430610,7191
2026-03-20T23:30:52.059219Z,1512436610,7085
2026-03-20T23:40:50.894486Z,1512442798,7074
2026-03-20T23:50:52.015957Z,1512448741,7054
2026-03-21T00:00:53.269215Z,1512454674,7002
2026-03-21T00:10:50.892606Z,1512460887,7016
2026-03-21T00:20:50.688027Z,1512466762,6926
2026-03-21T00:30:50.717627Z,1512472579,6855
2026-03-21T00:40:52.175662Z,1512478415,6868
2026-03-21T00:50:48.572193Z,1512484449,6803
2026-03-21T01:00:50.955179Z,1512490474,6880
2026-03-21T01:10:51.010334Z,1512496627,6948
2026-03-21T01:20:51.834600Z,1512502214,6850
2026-03-21T01:30:49.879491Z,1512507857,6792
2026-03-21T01:40:51.735948Z,1512513831,6787
2026-03-21T01:50:51.120547Z,1512519190,6653
2026-03-21T02:00:49.567244Z,1512524700,6661
2026-03-21T02:10:51.783803Z,1512530645,6632
2026-03-21T02:20:51.929038Z,1512536109,6606
2026-03-21T02:30:51.878314Z,1512541773,6479
2026-03-21T02:40:51.160999Z,1512547631,6545
2026-03-21T02:50:49.994708Z,1512553241,6593
2026-03-21T03:00:51.715066Z,1512558674,6547
2026-03-21T03:10:52.010290Z,1512564121,6562
2026-03-21T03:20:50.908175Z,1512569621,6460
2026-03-21T03:30:54.109632Z,1512574801,6291
2026-03-21T03:40:52.019580Z,1512579978,6187
2026-03-21T03:50:29.995806Z,1512584966,6124
2026-03-21T04:00:36.042737Z,1512589860,6098
2026-03-21T04:10:32.196798Z,1512595001,5979
2026-03-21T04:20:28.837491Z,1512599940,5814
2026-03-21T04:30:32.337711Z,1512604616,5749
2026-03-21T04:40:29.585967Z,1512609555,5584
2026-03-21T04:50:28.145450Z,1512614300,5545
2026-03-21T05:00:32.697072Z,1512618937,5406
2026-03-21T05:10:28.935511Z,1512623074,5288
2026-03-21T05:20:30.921661Z,1512627189,5254
2026-03-21T05:30:30.069558Z,1512631712,5190
2026-03-21T05:40:29.142507Z,1512636149,5180
2026-03-21T05:50:28.440091Z,1512640142,5101
2026-03-21T06:00:34.641408Z,1512644106,4923
2026-03-21T06:10:27.616729Z,1512648047,4839
2026-03-21T06:20:29.259280Z,1512651875,4711
2026-03-21T06:30:33.761938Z,1512655788,4675
2026-03-21T06:40:29.676509Z,1512659399,4633
2026-03-21T06:50:29.614558Z,1512662884,4491
2026-03-21T07:00:42.546177Z,1512666341,4382
2026-03-21T07:10:29.330543Z,1512669937,4298
2026-03-21T07:20:29.520475Z,1512673235,4215
2026-03-21T07:30:31.653632Z,1512676472,4114
2026-03-21T07:40:29.169322Z,1512679849,3996
2026-03-21T07:50:27.915708Z,1512682987,3991
2026-03-21T08:00:42.294613Z,1512686131,3973
2026-03-21T08:10:27.802247Z,1512689236,3987
2026-03-21T08:20:29.533647Z,1512692180,3921
2026-03-21T08:30:30.127914Z,1512695516,3802
2026-03-21T08:40:27.199742Z,1512698773,3804
2026-03-21T08:50:29.445915Z,1512701773,3792
2026-03-21T09:00:31.388708Z,1512704742,3785
2026-03-21T09:10:28.006350Z,1512707989,3755
2026-03-21T09:20:26.479155Z,1512711092,3763
2026-03-21T09:30:29.521045Z,1512714206,3826
2026-03-21T09:40:28.282399Z,1512717424,3855
2026-03-21T09:50:29.790465Z,1512720622,3830
2026-03-21T10:00:27.210132Z,1512723816,3866
2026-03-21T10:10:25.210748Z,1512727108,3885
2026-03-21T10:20:30.189421Z,1512730167,3932
2026-03-21T10:30:29.476740Z,1512733386,3988
2026-03-21T10:40:28.538845Z,1512737009,4045
2026-03-21T10:50:29.205933Z,1512740365,4021
2026-03-21T11:00:29.888436Z,1512743771,4013
2026-03-21T11:10:27.874650Z,1512747488,4077
2026-03-21T11:20:29.194638Z,1512750995,4146
2026-03-21T11:30:27.630730Z,1512754521,4195
2026-03-21T11:40:26.646053Z,1512758345,4243
2026-03-21T11:50:28.022731Z,1512761954,4397
2026-03-21T12:00:28.243207Z,1512765526,4481
2026-03-21T12:10:20.903958Z,1512769714,4533
2026-03-21T12:20:21.478134Z,1512773525,4711
2026-03-21T12:30:19.212439Z,1512777267,4757
2026-03-21T12:40:19.746062Z,1512781483,4934
2026-03-21T12:50:18.884487Z,1512785701,4949
2026-03-21T13:00:20.818597Z,1512790089,5179
2026-03-21T13:10:21.169995Z,1512794894,5300
2026-03-21T13:20:18.616424Z,1512799355,5385
2026-03-21T13:30:20.735336Z,1512803624,5531
2026-03-21T13:40:21.323147Z,1512808639,5623
2026-03-21T13:50:20.991073Z,1512813816,5732
2026-03-21T14:00:21.351214Z,1512818766,5772
2026-03-21T14:10:20.163613Z,1512823814,5893
2026-03-21T14:20:20.749362Z,1512828796,5952
2026-03-21T14:30:19.244558Z,1512833747,6041
2026-03-21T14:40:21.603968Z,1512839311,6141
2026-03-21T14:50:19.306420Z,1512844241,6211
2026-03-21T15:00:19.377364Z,1512849138,6374
2026-03-21T15:10:20.367198Z,1512854723,6509
2026-03-21T15:20:20.884320Z,1512860406,6577
2026-03-21T15:30:18.749053Z,1512865605,6677
2026-03-21T15:40:20.616344Z,1512871534,6777
2026-03-21T15:50:19.950356Z,1512877022,6873
2026-03-21T16:00:18.285466Z,1512882977,7048
2026-03-21T16:10:20.519578Z,1512889939,7179
2026-03-21T16:20:20.215577Z,1512896255,7254
2026-03-21T16:30:18.231238Z,1512902389,7343
2026-03-21T16:40:21.762167Z,1512908827,7550
2026-03-21T16:50:17.140971Z,1512915273,7741
2026-03-21T17:00:24.294639Z,1512922096,7786
2026-03-21T17:10:19.270515Z,1512928913,7913
2026-03-21T17:20:20.548342Z,1512935949,8045
2026-03-21T17:30:22.093828Z,1512943706,8186
2026-03-21T17:40:19.480678Z,1512951406,8335
2026-03-21T17:50:20.778530Z,1512959010,8316
2026-03-21T18:00:21.931713Z,1512966136,8462
2026-03-21T18:10:18.337254Z,1512973531,8491
2026-03-21T18:20:22.229318Z,1512980950,8492
2026-03-21T18:30:20.373175Z,1512987996,8510
2026-03-21T18:40:21.094406Z,1512994682,8565
2026-03-21T18:50:20.687006Z,1513002709,8597
2026-03-21T19:00:19.529792Z,1513009974,8675
2026-03-21T19:10:17.472269Z,1513019173,8548
2026-03-21T19:20:19.712540Z,1513026967,8471
2026-03-21T19:30:22.076284Z,1513034569,8501
2026-03-21T19:40:19.983098Z,1513042793,8522
2026-03-21T19:50:23.196946Z,1513050356,8673
2026-03-21T20:00:20.061218Z,1513057610,8717
2026-03-21T20:10:20.091112Z,1513065615,8691
2026-03-21T20:20:19.405595Z,1513072751,8725
2026-03-21T20:30:21.474548Z,1513080040,8725
2026-03-21T20:40:17.938893Z,1513088292,8839
2026-03-21T20:50:27.358274Z,1513095488,8869
2026-03-21T21:00:27.990537Z,1513102840,8911
2026-03-21T21:10:28.012239Z,1513110752,8806
2026-03-21T21:20:27.827791Z,1513120163,8664
2026-03-21T21:30:26.325133Z,1513129264,8692
2026-03-21T21:40:26.279380Z,1513137509,8609
2026-03-21T21:50:27.472935Z,1513145900,8822
2026-03-21T22:00:28.894012Z,1513153773,9025
2026-03-21T22:10:27.689882Z,1513162008,9137
2026-03-21T22:20:26.492286Z,1513169208,9171
2026-03-21T22:30:27.210316Z,1513176437,9242
2026-03-21T22:40:26.180632Z,1513184464,9142
2026-03-21T22:50:26.398535Z,1513192202,9128
2026-03-21T23:00:25.429513Z,1513199652,9093
2026-03-21T23:10:25.875990Z,1513207142,9026
2026-03-21T23:20:26.457049Z,1513214301,8916
2026-03-21T23:30:29.147689Z,1513221123,8788
2026-03-21T23:40:29.386394Z,1513229326,8749
2026-03-21T23:50:26.164718Z,1513236181,8698
2026-03-22T00:00:31.077329Z,1513243525,8565
2026-03-22T00:10:25.966468Z,1513250381,8440
2026-03-22T00:20:28.046979Z,1513257196,8337
2026-03-22T00:30:27.372309Z,1513263851,8318
2026-03-22T00:40:30.042058Z,1513270569,8284
2026-03-22T00:50:24.592134Z,1513277169,8285
2026-03-22T01:00:31.807179Z,1513284019,8302
2026-03-22T01:10:26.486760Z,1513291584,8271
2026-03-22T01:20:28.572217Z,1513298179,8237
2026-03-22T01:30:27.411327Z,1513304279,8225
2026-03-22T01:40:28.277342Z,1513311574,8063
2026-03-22T01:50:27.066419Z,1513317912,8034
2026-03-22T02:00:27.933957Z,1513324306,7924
2026-03-22T02:10:27.506650Z,1513330561,7296
2026-03-22T02:20:27.837705Z,1513336473,7133
2026-03-22T02:30:28.406630Z,1513342226,7134
2026-03-22T02:40:26.827546Z,1513348273,7091
2026-03-22T02:50:26.923361Z,1513353599,7029
2026-03-22T03:00:29.760579Z,1513359129,7079
2026-03-22T03:10:27.197273Z,1513365037,7117
2026-03-22T03:20:26.174368Z,1513370673,7047
2026-03-22T03:30:25.736075Z,1513376449,7006
2026-03-22T03:40:29.906942Z,1513381794,6773
2026-03-22T03:50:28.532123Z,1513387288,6680
2026-03-22T04:00:32.722678Z,1513392611,6608
2026-03-22T04:10:28.020228Z,1513398270,6585
2026-03-22T04:20:29.318022Z,1513403448,6446
2026-03-22T04:30:31.611544Z,1513408902,6276
2026-03-22T04:40:26.855022Z,1513413953,6247
2026-03-22T04:50:27.481025Z,1513419084,6147
2026-03-22T05:00:51.983629Z,1513424350,6098
2026-03-22T05:10:28.314897Z,1513429233,5961
2026-03-22T05:20:27.571973Z,1513434039,5900
2026-03-22T05:30:30.556272Z,1513438495,5802
2026-03-22T05:40:29.595260Z,1513443266,5644
2026-03-22T05:50:29.067823Z,1513447389,5558
2026-03-22T06:00:35.043168Z,1513452125,5439
2026-03-22T06:10:27.520293Z,1513456432,5287
2026-03-22T06:20:27.866327Z,1513460456,5137
2026-03-22T06:30:31.584095Z,1513464531,5053
2026-03-22T06:40:28.502001Z,1513468521,5039
2026-03-22T06:50:27.828633Z,1513472400,4925
2026-03-22T07:00:28.138885Z,1513476265,4796
2026-03-22T07:10:24.905408Z,1513480164,4667
2026-03-22T07:20:27.135558Z,1513483725,4498
2026-03-22T07:30:25.681765Z,1513487221,4365
2026-03-22T07:40:27.733423Z,1513490904,4336
2026-03-22T07:50:27.795061Z,1513494181,4160
2026-03-22T08:00:32.248087Z,1513497662,4047
2026-03-22T08:10:24.526665Z,1513501058,4023
2026-03-22T08:20:27.635560Z,1513504387,3966
2026-03-22T08:30:26.635767Z,1513507578,3985
2026-03-22T08:40:29.917990Z,1513511256,4003
2026-03-22T08:50:28.534997Z,1513514491,3987
2026-03-22T09:00:25.915905Z,1513517715,3983
2026-03-22T09:10:28.295000Z,1513521215,3977
2026-03-22T09:20:27.953234Z,1513524587,3937
2026-03-22T09:30:26.153140Z,1513527688,3973
2026-03-22T09:40:26.032503Z,1513531207,3999
2026-03-22T09:50:26.276161Z,1513534474,4028
2026-03-22T10:00:30.425816Z,1513537890,4089
2026-03-22T10:10:26.560279Z,1513541508,4082
2026-03-22T10:20:25.128562Z,1513544913,4079
2026-03-22T10:30:27.864870Z,1513548297,4107
2026-03-22T10:40:26.574484Z,1513551980,4100
2026-03-22T10:50:27.244092Z,1513555543,4154
2026-03-22T11:00:28.214375Z,1513559029,4237
2026-03-22T11:10:26.435630Z,1513562652,4291
2026-03-22T11:20:27.407018Z,1513566045,4272
2026-03-22T11:30:25.578435Z,1513569429,4359
2026-03-22T11:40:28.271231Z,1513573229,4516
2026-03-22T11:50:26.111032Z,1513576843,4556
2026-03-22T12:00:27.445298Z,1513580696,4686
2026-03-22T12:10:28.144519Z,1513584766,4748
2026-03-22T12:20:24.655944Z,1513588667,4863
2026-03-22T12:30:34.760938Z,1513592894,4859
2026-03-22T12:40:27.515305Z,1513596936,4973
2026-03-22T12:50:24.231848Z,1513601226,5111
2026-03-22T13:00:28.144109Z,1513605710,5249
2026-03-22T13:10:27.323044Z,1513610614,5521
2026-03-22T13:20:27.576212Z,1513615122,5666
2026-03-22T13:30:25.450963Z,1513619911,5733
2026-03-22T13:40:24.472889Z,1513624701,5876
2026-03-22T13:50:21.818836Z,1513629599,5951
2026-03-22T14:00:24.134625Z,1513634672,6001
2026-03-22T14:10:25.111656Z,1513639598,6028
2026-03-22T14:20:24.234058Z,1513644584,6182
2026-03-22T14:30:24.992813Z,1513649738,6328
2026-03-22T14:40:24.686896Z,1513655492,6521
2026-03-22T14:50:23.176954Z,1513660989,6586
2026-03-22T15:00:24.335000Z,1513666657,6740
2026-03-22T15:10:21.361397Z,1513672328,6859
2026-03-22T15:20:23.698307Z,1513677818,6944
2026-03-22T15:30:23.512779Z,1513683634,7086
2026-03-22T15:40:23.374723Z,1513689310,7194
2026-03-22T15:50:22.076800Z,1513694966,7314
2026-03-22T16:00:25.237576Z,1513701226,7448
2026-03-22T16:10:28.380991Z,1513707531,7588
2026-03-22T16:20:23.951670Z,1513713781,7674
2026-03-22T16:30:25.456856Z,1513719910,7721
2026-03-22T16:40:24.198895Z,1513726320,7844
2026-03-22T16:50:22.358233Z,1513733129,7974
2026-03-22T17:00:24.329175Z,1513739762,8028
2026-03-22T17:10:25.075447Z,1513746170,8102
2026-03-22T17:20:23.994019Z,1513753179,8218
2026-03-22T17:30:22.419770Z,1513760101,8423
2026-03-22T17:40:24.336501Z,1513767439,8535
2026-03-22T17:50:23.668839Z,1513774358,8611
2026-03-22T18:00:25.180089Z,1513781370,8693
2026-03-22T18:10:23.381444Z,1513789483,8731
2026-03-22T18:20:22.197479Z,1513796541,8633
2026-03-22T18:30:25.350364Z,1513803846,8939
2026-03-22T18:40:22.379520Z,1513811206,8991
2026-03-22T18:50:24.837725Z,1513818262,9036
2026-03-22T19:00:26.540888Z,1513826289,9043
2026-03-22T19:10:25.140173Z,1513834483,9147
2026-03-22T19:20:23.803643Z,1513841418,9222
2026-03-22T19:30:25.660689Z,1513848692,9217
2026-03-22T19:40:23.190837Z,1513856959,9260
2026-03-22T19:50:23.837822Z,1513864513,9249
2026-03-22T20:00:25.771239Z,1513872023,9282
2026-03-22T20:10:24.262571Z,1513879338,9107
2026-03-22T20:20:23.116636Z,1513886493,8992
2026-03-22T20:30:25.325844Z,1513893385,8830
2026-03-22T20:40:29.253180Z,1513901238,8881
2026-03-22T20:50:23.858992Z,1513907405,8816
2026-03-22T21:00:26.104932Z,1513914853,8770
2026-03-22T21:10:28.896281Z,1513922244,8673
2026-03-22T21:20:26.755130Z,1513928790,8581
2026-03-22T21:30:26.196454Z,1513935455,8468
2026-03-22T21:40:24.381634Z,1513942187,8406
2026-03-22T21:50:23.379190Z,1513948766,8224
2026-03-22T22:00:24.309139Z,1513955383,8121
2026-03-22T22:10:24.433889Z,1513961979,8002
2026-03-22T22:20:22.104296Z,1513968388,7894
2026-03-22T22:30:25.234960Z,1513974551,7792
2026-03-22T22:40:24.514996Z,1513980955,7741
2026-03-22T22:50:26.104104Z,1513987123,7639
2026-03-22T23:00:25.907162Z,1513993226,7596
2026-03-22T23:10:25.454062Z,1513999132,7467
2026-03-22T23:20:28.069790Z,1514005136,7307
2026-03-22T23:30:26.844818Z,1514010990,7324
2026-03-22T23:40:26.433338Z,1514017044,7207
2026-03-22T23:50:27.054577Z,1514022666,7104
2026-03-23T00:00:27.594314Z,1514028450,7001
2026-03-23T00:10:40.188042Z,1514034774,6789
2026-03-23T00:20:27.348381Z,1514039938,6777
2026-03-23T00:30:26.766491Z,1514045405,6788
2026-03-23T00:40:25.275863Z,1514051081,6744
2026-03-23T00:50:23.763972Z,1514056520,6711
2026-03-23T01:00:27.736011Z,1514061620,6570
2026-03-23T01:10:25.307945Z,1514067508,6470
2026-03-23T01:20:25.058075Z,1514072684,6494
2026-03-23T01:30:25.901915Z,1514077356,6289
2026-03-23T01:40:25.144221Z,1514082489,6232
2026-03-23T01:50:25.907660Z,1514087570,6026
2026-03-23T02:00:28.236067Z,1514092211,5988
2026-03-23T02:10:25.984104Z,1514097090,5725
2026-03-23T02:20:26.689168Z,1514101645,5670
2026-03-23T02:30:27.759263Z,1514106032,5589
2026-03-23T02:40:25.795234Z,1514110608,5457
2026-03-23T02:50:26.841161Z,1514114815,5319
2026-03-23T03:00:43.441807Z,1514119172,5226
2026-03-23T03:10:26.330704Z,1514123179,5031
2026-03-23T03:20:28.703089Z,1514126929,4769
2026-03-23T03:30:29.529186Z,1514130666,4654
2026-03-23T03:40:24.775450Z,1514134291,4585
2026-03-23T03:50:26.828504Z,1514137710,4436
2026-03-23T04:00:30.202556Z,1514141267,4317
2026-03-23T04:10:27.350830Z,1514144787,4087
2026-03-23T04:20:26.799704Z,1514147744,3943
2026-03-23T04:30:29.602914Z,1514150858,3823
2026-03-23T04:40:26.956558Z,1514153806,3735
2026-03-23T04:50:27.392831Z,1514156739,3630
2026-03-23T05:00:33.925766Z,1514159593,3513
2026-03-23T05:10:24.726138Z,1514162172,3424
2026-03-23T05:20:27.567895Z,1514164657,3320
2026-03-23T05:30:26.943268Z,1514167093,3202
2026-03-23T05:40:27.966317Z,1514169709,3151
2026-03-23T05:50:27.113795Z,1514172177,3053
2026-03-23T06:00:39.866589Z,1514174418,2945
2026-03-23T06:10:27.469517Z,1514176650,2832
2026-03-23T06:20:26.859314Z,1514178784,2788
2026-03-23T06:30:27.975591Z,1514180861,2762
2026-03-23T06:40:28.098622Z,1514183196,2721
2026-03-23T06:50:29.050420Z,1514185271,2666
2026-03-23T07:00:30.359873Z,1514187342,2644
2026-03-23T07:10:15.155318Z,1514189524,2622
2026-03-23T07:20:12.505632Z,1514191284,2675
2026-03-23T07:30:15.092116Z,1514193452,2617
2026-03-23T07:40:14.379746Z,1514195480,2552
2026-03-23T07:50:14.020066Z,1514197470,2549
2026-03-23T08:00:14.454040Z,1514199515,2500
2026-03-23T08:10:16.932867Z,1514201548,2491
2026-03-23T08:20:11.580273Z,1514203350,2465
2026-03-23T08:30:16.395976Z,1514205355,2490
2026-03-23T08:40:20.250860Z,1514207227,2454
2026-03-23T08:50:13.621375Z,1514208971,2383
2026-03-23T09:00:13.652399Z,1514210835,2402
2026-03-23T09:10:14.047590Z,1514212768,2343
2026-03-23T09:20:14.816411Z,1514214641,2349
2026-03-23T09:30:18.835315Z,1514216383,2394
2026-03-23T09:40:13.862788Z,1514218200,2384
2026-03-23T09:50:18.141626Z,1514220109,2324
2026-03-23T10:00:13.443645Z,1514221933,2391
2026-03-23T10:10:11.540065Z,1514223956,2440
2026-03-23T10:20:14.641277Z,1514225855,2427
2026-03-23T10:30:13.132354Z,1514227718,2428
2026-03-23T10:40:15.522777Z,1514229834,2420
2026-03-23T10:50:13.545352Z,1514231789,2396
2026-03-23T11:00:12.976918Z,1514233809,2407
2026-03-23T11:10:14.754792Z,1514235843,2444
2026-03-23T11:20:17.708891Z,1514237835,2485
2026-03-23T11:30:16.798570Z,1514239782,2538
2026-03-23T11:40:12.758772Z,1514242173,2586
2026-03-23T11:50:12.933841Z,1514244240,2630
2026-03-23T12:00:13.436013Z,1514246328,2682
2026-03-23T12:10:14.136009Z,1514248588,2716
2026-03-23T12:20:14.028243Z,1514250612,2727
2026-03-23T12:30:13.966024Z,1514253191,2833
2026-03-23T12:40:15.782975Z,1514255648,2896
2026-03-23T12:50:14.538752Z,1514258468,2913
2026-03-23T13:00:17.600867Z,1514261635,2908
2026-03-23T13:10:14.731243Z,1514264522,2986
2026-03-23T13:20:14.599910Z,1514267255,3024
2026-03-23T13:30:15.123885Z,1514269915,3064
2026-03-23T13:40:17.002651Z,1514272761,3154
2026-03-23T13:50:14.723012Z,1514275623,3253
2026-03-23T14:00:13.911596Z,1514278441,3362
2026-03-23T14:10:16.592809Z,1514281543,3360
2026-03-23T14:20:15.637599Z,1514284641,3450
2026-03-23T14:30:15.690655Z,1514287875,3552
2026-03-23T14:40:16.402954Z,1514291371,3662
2026-03-23T14:50:14.431076Z,1514294596,3752
2026-03-23T15:00:14.987062Z,1514297872,3791
2026-03-23T15:10:14.130600Z,1514301491,3845
2026-03-23T15:20:14.940653Z,1514304835,3938
2026-03-23T15:30:13.622611Z,1514308227,4048
2026-03-23T15:40:15.376602Z,1514311787,4085
2026-03-23T15:50:14.229151Z,1514315391,4175
2026-03-23T16:00:15.472639Z,1514319003,4228
2026-03-23T16:10:15.317375Z,1514320380,4352
2026-03-23T16:20:49.749103Z,1514326990,4441
2026-03-23T16:30:45.123035Z,1514330912,4468
2026-03-23T16:40:44.463555Z,1514334842,4598
2026-03-23T16:50:45.362530Z,1514339166,4690
2026-03-23T17:00:44.426234Z,1514343340,4784
2026-03-23T17:10:47.572085Z,1514347627,4868
2026-03-23T17:20:53.527773Z,1514352252,4853
2026-03-23T17:30:47.148649Z,1514356599,4989
2026-03-23T17:40:45.986321Z,1514361344,5165
2026-03-23T17:50:46.625376Z,1514365979,5227
2026-03-23T18:00:45.327401Z,1514370486,5309
2026-03-23T18:10:46.248860Z,1514375242,5300
2026-03-23T18:20:47.779400Z,1514379769,5377
2026-03-23T18:30:45.031316Z,1514384202,5452
2026-03-23T18:40:48.450084Z,1514389217,5361
2026-03-23T18:50:47.237044Z,1514393923,5494
2026-03-23T19:00:45.411993Z,1514399006,5525
2026-03-23T19:10:44.218942Z,1514404141,5704
2026-03-23T19:20:44.946707Z,1514409225,5775
2026-03-23T19:30:47.754216Z,1514414495,5868
2026-03-23T19:40:44.473175Z,1514420119,5976
2026-03-23T19:50:44.045619Z,1514425326,6067
2026-03-23T20:00:44.309518Z,1514431074,6170
2026-03-23T20:10:45.810961Z,1514436390,6177
2026-03-23T20:20:46.354027Z,1514442118,6268
2026-03-23T20:30:43.753009Z,1514447702,6404
2026-03-23T20:40:46.444044Z,1514453799,6518
2026-03-23T20:50:43.434638Z,1514459210,6627
2026-03-23T21:00:49.041765Z,1514465022,6609
2026-03-23T21:10:46.804357Z,1514471100,6586
2026-03-23T21:20:43.812025Z,1514477086,6605
2026-03-23T21:30:45.323545Z,1514482843,6612
2026-03-23T21:40:44.531332Z,1514488724,6699
2026-03-23T21:50:44.440714Z,1514494350,6598
2026-03-23T22:00:44.408723Z,1514500358,6640
2026-03-23T22:10:47.833139Z,1514506294,6532
2026-03-23T22:20:45.805317Z,1514512161,6445
2026-03-23T22:30:44.082182Z,1514517460,6405
2026-03-23T22:40:45.679803Z,1514523092,6275
2026-03-23T22:50:44.600235Z,1514528167,6189
2026-03-23T23:00:48.929999Z,1514533656,6253
2026-03-23T23:10:46.571150Z,1514538694,6157
2026-03-23T23:20:45.090179Z,1514543666,6126
2026-03-23T23:30:46.666822Z,1514548884,6090
2026-03-23T23:40:46.751939Z,1514553982,6153
2026-03-23T23:50:45.790241Z,1514558801,6108
2026-03-24T00:00:45.474274Z,1514563977,6102
2026-03-24T00:10:46.549212Z,1514569175,5974
2026-03-24T00:20:45.969661Z,1514574287,5976
2026-03-24T00:30:44.934831Z,1514579403,5977
2026-03-24T00:40:46.654926Z,1514584444,6032
2026-03-24T00:50:44.551170Z,1514589407,5962
2026-03-24T01:00:44.606187Z,1514594340,5899
2026-03-24T01:10:44.558583Z,1514599227,5813
2026-03-24T01:20:43.414928Z,1514603744,5716
2026-03-24T01:30:37.756908Z,1514608310,5691
2026-03-24T01:40:39.320409Z,1514613067,5571
2026-03-24T01:50:35.110626Z,1514617447,5483
2026-03-24T02:00:39.633217Z,1514621777,5391
2026-03-24T02:10:36.779053Z,1514626104,5239
2026-03-24T02:20:33.180186Z,1514629996,5162
2026-03-24T02:30:42.863032Z,1514634246,5122
2026-03-24T02:40:35.060339Z,1514638257,5064
2026-03-24T02:50:33.891733Z,1514642088,4977
2026-03-24T03:00:44.879456Z,1514646223,4890
2026-03-24T03:10:37.214156Z,1514649872,4710
2026-03-24T03:20:36.826937Z,1514653724,4573
2026-03-24T03:30:36.408740Z,1514657207,4480
2026-03-24T03:40:34.210405Z,1514660878,4383
2026-03-24T03:50:34.323275Z,1514664393,4302
2026-03-24T04:00:49.594328Z,1514667648,4180
2026-03-24T04:10:33.528049Z,1514670968,4001
2026-03-24T04:20:37.228400Z,1514673886,3944
2026-03-24T04:30:40.574033Z,1514676833,3692
2026-03-24T04:40:37.184151Z,1514679700,3669
2026-03-24T04:50:40.175944Z,1514682583,3606
2026-03-24T05:00:46.797956Z,1514685323,3479
2026-03-24T05:10:35.909988Z,1514687727,3323
2026-03-24T05:20:39.282260Z,1514690019,3238
2026-03-24T05:30:43.218763Z,1514692793,3189
2026-03-24T05:40:40.801532Z,1514695239,3116
2026-03-24T05:50:43.997527Z,1514697602,3031
2026-03-24T06:00:46.015313Z,1514699858,2945
2026-03-24T06:10:39.529769Z,1514702241,2860
2026-03-24T06:20:34.410794Z,1514704318,2782
2026-03-24T06:30:45.225337Z,1514706501,2720
2026-03-24T06:40:37.174128Z,1514708565,2633
2026-03-24T06:50:39.925720Z,1514710642,2571
2026-03-24T07:00:39.421041Z,1514712564,2521
2026-03-24T07:10:36.767855Z,1514714823,2494
2026-03-24T07:20:37.106010Z,1514716669,2439
2026-03-24T07:30:41.807126Z,1514718610,2455
2026-03-24T07:40:38.106047Z,1514720493,2439
2026-03-24T07:50:36.810252Z,1514722447,2368
2026-03-24T08:00:42.252921Z,1514724342,2344
2026-03-24T08:10:38.875050Z,1514726079,2313
2026-03-24T08:20:37.367845Z,1514727995,2246
2026-03-24T08:30:38.489519Z,1514729806,2282
2026-03-24T08:40:44.760271Z,1514731716,2356
2026-03-24T08:50:36.458113Z,1514733517,2344
2026-03-24T09:00:50.917570Z,1514735371,2326
2026-03-24T09:10:36.824760Z,1514737214,2284
2026-03-24T09:20:37.956470Z,1514738970,2307
2026-03-24T09:30:40.278827Z,1514740862,2353
2026-03-24T09:40:37.049555Z,1514742653,2401
2026-03-24T09:50:36.603351Z,1514744636,2414
2026-03-24T10:00:40.369833Z,1514746700,2405
2026-03-24T10:10:35.177850Z,1514748837,2430
2026-03-24T10:20:36.115688Z,1514750891,2413
2026-03-24T10:30:37.692159Z,1514753006,2443
2026-03-24T10:40:29.316307Z,1514754954,2435
2026-03-24T10:50:30.783377Z,1514756953,2476
2026-03-24T11:00:33.442480Z,1514759105,2456
2026-03-24T11:10:25.690826Z,1514761275,2514
2026-03-24T11:20:26.945034Z,1514762960,2536
2026-03-24T11:30:30.447058Z,1514765280,2561
2026-03-24T11:40:29.072953Z,1514767668,2580
2026-03-24T11:50:29.209276Z,1514770114,2573
2026-03-24T12:00:33.468459Z,1514772577,2563
2026-03-24T12:10:29.021029Z,1514775224,2586
2026-03-24T12:20:26.331373Z,1514777416,2548
2026-03-24T12:30:29.224870Z,1514780113,2592
2026-03-24T12:40:26.850295Z,1514782479,2606
2026-03-24T12:50:27.984983Z,1514785090,2692
2026-03-24T13:00:36.031882Z,1514787578,2760
2026-03-24T13:10:29.278081Z,1514790444,2809
2026-03-24T13:20:28.156575Z,1514793284,2869
2026-03-24T13:30:29.862880Z,1514795783,2945
2026-03-24T13:40:30.860081Z,1514798817,3042
2026-03-24T13:50:28.558546Z,1514801922,3138
2026-03-24T14:00:33.750316Z,1514805178,3202
2026-03-24T14:10:28.119790Z,1514808263,3258
2026-03-24T14:20:32.168145Z,1514812070,3285
2026-03-24T14:30:31.763195Z,1514814774,3486
2026-03-24T14:40:28.330480Z,1514818111,3613
2026-03-24T14:50:31.060562Z,1514821473,3778
2026-03-24T15:00:31.937364Z,1514824730,3818
2026-03-24T15:10:27.901075Z,1514828098,3950
2026-03-24T15:20:29.960616Z,1514831499,4016
2026-03-24T15:30:31.608628Z,1514834908,4099
2026-03-24T15:40:29.161806Z,1514838588,4212
2026-03-24T15:50:27.941419Z,1514842117,4255
2026-03-24T16:00:33.938475Z,1514845750,4341
2026-03-24T16:10:26.932624Z,1514849857,4415
2026-03-24T16:20:29.268652Z,1514853585,4504
2026-03-24T16:30:29.914152Z,1514857653,4585
2026-03-24T16:40:28.616387Z,1514861686,4650
2026-03-24T16:50:29.016105Z,1514865563,4702
2026-03-24T17:00:32.629936Z,1514870095,4814
2026-03-24T17:10:28.157528Z,1514874107,4891
2026-03-24T17:20:27.598216Z,1514878166,4923
2026-03-24T17:30:31.531370Z,1514882373,5038
2026-03-24T17:40:26.196485Z,1514886593,5133
2026-03-24T17:50:26.391401Z,1514890672,5156
2026-03-24T18:00:27.010134Z,1514895201,5228
2026-03-24T18:10:32.538260Z,1514899933,5186
2026-03-24T18:20:37.142923Z,1514904655,5307
2026-03-24T18:30:31.046908Z,1514909162,5374
2026-03-24T18:40:27.190742Z,1514914030,5457
2026-03-24T18:50:28.477965Z,1514918820,5547
2026-03-24T19:00:31.718072Z,1514923679,5616
2026-03-24T19:10:28.627625Z,1514928806,5736
2026-03-24T19:20:25.517006Z,1514933818,5802
2026-03-24T19:30:28.017518Z,1514938911,5958
2026-03-24T19:40:25.904200Z,1514944331,6119
2026-03-24T19:50:29.893174Z,1514949612,6127
2026-03-24T20:00:29.744331Z,1514954946,6211
2026-03-24T20:20:27.141519Z,1514965768,6275
2026-03-24T20:30:28.208816Z,1514971314,6387
2026-03-24T20:40:28.611472Z,1514976936,6383
2026-03-24T20:50:30.025052Z,1514982163,6371
2026-03-24T21:00:29.217073Z,1514987079,6394
2026-03-24T21:10:27.046211Z,1514992818,6369
2026-03-24T21:20:29.583881Z,1514997903,6296
2026-03-24T21:30:27.912755Z,1515003499,6296
2026-03-24T21:40:28.158667Z,1515008735,6291
2026-03-24T21:50:28.729409Z,1515014074,6348
2026-03-24T22:00:28.163865Z,1515019361,6332
2026-03-24T22:10:29.672562Z,1515026857,6061
2026-03-24T22:20:26.264619Z,1515033166,5921
2026-03-24T22:30:26.698054Z,1515039818,5774
2026-03-24T22:40:27.423086Z,1515045723,5699
2026-03-24T22:50:26.716474Z,1515050858,5677
2026-03-24T23:00:28.531757Z,1515055352,5739
2026-03-24T23:10:29.193726Z,1515060211,5840
2026-03-24T23:20:27.436218Z,1515064835,5962
2026-03-24T23:30:16.735310Z,1515069457,5953
2026-03-24T23:40:17.086745Z,1515074686,6001
2026-03-24T23:50:16.201590Z,1515079296,5952
2026-03-25T00:00:15.997420Z,1515084034,5922
2026-03-25T00:10:19.004238Z,1515088950,5866
2026-03-25T00:20:17.800752Z,1515093755,5880
2026-03-25T00:30:15.998803Z,1515098419,5868
2026-03-25T00:40:16.986957Z,1515102944,5806
2026-03-25T00:50:16.385464Z,1515107712,5753
2026-03-25T01:00:15.690974Z,1515112364,5691
2026-03-25T01:10:15.600395Z,1515117110,5689
2026-03-25T01:20:16.620011Z,1515121657,5573
2026-03-25T01:30:15.698290Z,1515125906,5566
2026-03-25T01:40:17.298761Z,1515130265,5428
2026-03-25T01:50:18.950276Z,1515134764,5398
2026-03-25T02:00:17.156873Z,1515139098,5368
2026-03-25T02:10:18.053941Z,1515143439,5233
2026-03-25T02:20:15.973578Z,1515147427,5128
2026-03-25T02:30:17.837799Z,1515151322,5075
2026-03-25T02:40:15.781243Z,1515155322,4912
2026-03-25T02:50:18.975628Z,1515158933,4759
2026-03-25T03:00:16.043397Z,1515162381,4550
2026-03-25T03:10:13.835882Z,1515165838,4483
2026-03-25T03:20:18.470515Z,1515169214,4295
2026-03-25T03:30:18.183698Z,1515172152,4171
2026-03-25T03:40:17.005104Z,1515175401,3998
2026-03-25T03:50:17.105258Z,1515178437,3951
2026-03-25T04:00:16.339423Z,1515181394,3923
2026-03-25T04:10:16.373548Z,1515184484,3740
2026-03-25T04:20:16.641030Z,1515187312,3714
2026-03-25T04:30:18.736963Z,1515190060,3618
2026-03-25T04:40:19.216195Z,1515192927,3556
2026-03-25T04:50:16.422132Z,1515195547,3451
2026-03-25T05:00:14.426192Z,1515198065,3382
2026-03-25T05:10:14.724481Z,1515200464,3230
2026-03-25T05:20:17.084625Z,1515202769,3147
2026-03-25T05:30:18.022921Z,1515205007,3107
2026-03-25T05:40:21.986754Z,1515207509,2990
2026-03-25T05:50:15.560771Z,1515209650,3010
2026-03-25T06:00:18.235385Z,1515211780,2906
2026-03-25T06:10:18.820102Z,1515213997,2842
2026-03-25T06:20:17.402585Z,1515215905,2768
2026-03-25T06:30:17.277867Z,1515217806,2680
2026-03-25T06:40:15.241033Z,1515219664,2582
2026-03-25T06:50:18.996153Z,1515221573,2558
2026-03-25T07:00:14.071140Z,1515223424,2483
2026-03-25T07:10:15.800554Z,1515225463,2456
2026-03-25T07:20:17.910281Z,1515227304,2453
2026-03-25T07:30:15.981444Z,1515228995,2425
2026-03-25T07:40:17.631473Z,1515230967,2414
2026-03-25T07:50:14.832738Z,1515232571,2370
2026-03-25T08:00:18.354201Z,1515234530,2306
2026-03-25T08:10:19.303863Z,1515236327,2318
2026-03-25T08:20:51.967441Z,1515238322,2368
2026-03-25T08:30:58.510259Z,1515240167,2356
2026-03-25T08:40:53.623262Z,1515242187,2308
2026-03-25T08:50:52.153926Z,1515243837,2254
2026-03-25T09:00:52.906564Z,1515245689,2242
2026-03-25T09:10:51.132138Z,1515247366,2260
2026-03-25T09:20:51.600068Z,1515249102,2279
2026-03-25T09:30:52.988565Z,1515250902,2275
2026-03-25T09:40:52.021166Z,1515252735,2306
2026-03-25T09:50:53.298166Z,1515254616,2321
2026-03-25T10:00:53.660592Z,1515256444,2311
2026-03-25T10:10:51.162710Z,1515258413,2295
2026-03-25T10:20:51.355192Z,1515260255,2333
2026-03-25T10:30:50.501167Z,1515262253,2350
2026-03-25T10:40:49.527810Z,1515264273,2360
2026-03-25T10:50:52.679055Z,1515266198,2403
2026-03-25T11:00:54.014486Z,1515268116,2388
2026-03-25T11:10:52.167576Z,1515270156,2461
2026-03-25T11:20:54.408708Z,1515272033,2478
2026-03-25T11:30:53.197196Z,1515273995,2558
2026-03-25T11:40:51.708637Z,1515276106,2554
2026-03-25T11:50:55.057306Z,1515278180,2595
2026-03-25T12:00:55.224431Z,1515280360,2669
2026-03-25T12:10:54.665150Z,1515282502,2701
2026-03-25T12:21:01.229619Z,1515284684,2739
2026-03-25T12:30:54.110711Z,1515286963,2763
2026-03-25T12:40:50.419260Z,1515289298,2851
2026-03-25T12:50:52.339406Z,1515291801,2927
2026-03-25T13:00:55.397360Z,1515294151,3026
2026-03-25T13:10:54.228633Z,1515297213,3119
2026-03-25T13:21:01.138125Z,1515299868,3209
2026-03-25T13:30:55.686294Z,1515302423,3297
2026-03-25T13:40:53.068427Z,1515305296,3387
2026-03-25T13:50:54.671471Z,1515308183,3390
2026-03-25T14:00:57.706093Z,1515311250,3515
2026-03-25T14:10:54.468008Z,1515314276,3747
2026-03-25T14:20:55.988955Z,1515317437,3818
2026-03-25T14:30:55.230342Z,1515320611,3882
2026-03-25T14:40:56.731177Z,1515324193,3951
2026-03-25T14:50:55.677208Z,1515327421,3996
2026-03-25T15:00:53.616203Z,1515330730,4051
2026-03-25T15:11:01.459476Z,1515334291,4048
2026-03-25T15:21:01.957141Z,1515337564,4126
2026-03-25T15:30:52.749561Z,1515340777,4166
2026-03-25T15:40:55.228054Z,1515344403,4221
2026-03-25T15:50:53.788133Z,1515348003,4340
2026-03-25T16:00:56.268307Z,1515351689,4414
2026-03-25T16:10:55.186496Z,1515355474,4620
2026-03-25T16:22:45.034491Z,1515359638,4686
2026-03-25T16:30:56.067668Z,1515362917,4742
2026-03-25T16:40:52.164703Z,1515366831,4870
2026-03-25T16:50:53.828867Z,1515370930,4919
2026-03-25T17:00:54.420206Z,1515374635,4955
2026-03-25T17:10:52.268150Z,1515378651,4935
2026-03-25T17:20:54.002497Z,1515382583,5035
2026-03-25T17:30:52.613371Z,1515387085,5080
2026-03-25T17:40:51.986089Z,1515391287,5154
2026-03-25T17:50:46.848978Z,1515395198,5284
2026-03-25T18:00:45.011446Z,1515399620,5212
2026-03-25T18:10:48.361656Z,1515403748,5251
2026-03-25T18:20:45.019686Z,1515408031,5315
2026-03-25T18:30:45.977261Z,1515412374,5366
2026-03-25T18:40:47.154921Z,1515416527,5379
2026-03-25T18:50:47.742387Z,1515420817,5477
2026-03-25T19:00:45.176681Z,1515425382,5502
2026-03-25T19:10:54.976848Z,1515429946,5691
2026-03-25T19:20:47.227394Z,1515434491,5524
2026-03-25T19:30:49.577242Z,1515439011,5517
2026-03-25T19:40:46.094909Z,1515443250,5508
2026-03-25T19:50:43.998931Z,1515447777,5581
2026-03-25T20:00:44.291810Z,1515452212,5655
2026-03-25T20:10:46.687854Z,1515456288,5683
2026-03-25T20:20:46.871324Z,1515461017,5785
2026-03-25T20:30:44.592346Z,1515465454,5864
2026-03-25T20:40:46.081961Z,1515470331,5903
2026-03-25T20:50:45.080071Z,1515474970,5850
2026-03-25T21:00:47.777975Z,1515479779,5878
2026-03-25T21:10:48.367432Z,1515484660,5883
2026-03-25T21:20:46.638535Z,1515489503,5939
2026-03-25T21:30:51.984033Z,1515494134,5938
2026-03-25T21:40:45.901285Z,1515498848,5933
2026-03-25T21:50:46.065846Z,1515503893,5946
2026-03-25T22:00:44.987160Z,1515508841,6053
2026-03-25T22:10:43.907622Z,1515514018,6094
2026-03-25T22:20:44.812729Z,1515518899,6101
2026-03-25T22:30:46.222820Z,1515523796,6093
2026-03-25T22:40:45.100484Z,1515528962,6145
2026-03-25T22:50:43.045618Z,1515533792,6077
2026-03-25T23:00:45.412477Z,1515538987,6051
2026-03-25T23:10:45.042707Z,1515543800,6009
2026-03-25T23:20:44.514193Z,1515548905,6022
2026-03-25T23:30:51.636476Z,1515553647,6004
2026-03-25T23:40:45.143714Z,1515558312,5908
2026-03-25T23:50:45.148605Z,1515562927,5860
2026-03-26T00:00:43.875470Z,1515567601,5820
2026-03-26T00:10:43.535117Z,1515572492,5774
2026-03-26T00:20:43.153267Z,1515576985,5736
2026-03-26T00:30:44.121973Z,1515581619,5717
2026-03-26T00:40:46.373311Z,1515586067,5718
2026-03-26T00:50:44.799304Z,1515590723,5666
2026-03-26T01:00:44.070452Z,1515595288,5708
2026-03-26T01:10:47.040781Z,1515599623,5637
2026-03-26T01:20:44.339374Z,1515603934,5560
2026-03-26T01:30:45.279101Z,1515608301,5593
2026-03-26T01:40:45.842191Z,1515612514,5503
2026-03-26T01:50:46.713867Z,1515616733,5426
2026-03-26T02:00:45.883843Z,1515620874,5345
2026-03-26T02:10:46.689020Z,1515624782,5175
2026-03-26T02:20:43.339515Z,1515628702,5118
2026-03-26T02:30:46.813543Z,1515632697,5066
2026-03-26T02:40:46.095183Z,1515636724,5018
2026-03-26T02:50:47.749485Z,1515640130,4838
2026-03-26T03:00:44.822654Z,1515643767,4650
2026-03-26T03:10:43.919984Z,1515647600,4542
2026-03-26T03:20:46.380085Z,1515650777,4379
2026-03-26T03:30:40.525807Z,1515654202,4319
2026-03-26T03:40:50.800552Z,1515657265,4224
2026-03-26T03:50:36.785363Z,1515660585,4111
2026-03-26T04:00:40.515860Z,1515663721,4035
2026-03-26T04:10:38.146699Z,1515666821,3931
2026-03-26T04:20:41.415849Z,1515669618,3826
2026-03-26T04:30:37.866707Z,1515672253,3751
2026-03-26T04:40:37.509588Z,1515675015,3660
2026-03-26T04:50:40.467092Z,1515677277,3466
2026-03-26T05:00:40.239053Z,1515680125,3326
2026-03-26T05:10:39.325984Z,1515682558,3287
2026-03-26T05:20:41.519163Z,1515684929,3225
2026-03-26T05:30:42.304989Z,1515687293,3175
2026-03-26T05:40:39.275983Z,1515689641,3091
2026-03-26T05:50:38.800576Z,1515691870,3065
2026-03-26T06:00:43.163480Z,1515694182,3013
2026-03-26T06:10:40.683293Z,1515696366,2883
2026-03-26T06:20:39.526088Z,1515698526,2779
2026-03-26T06:30:40.201294Z,1515700715,2742
2026-03-26T06:40:39.301625Z,1515702764,2698
2026-03-26T06:50:40.241823Z,1515704842,2622
2026-03-26T07:00:40.732387Z,1515706922,2558
2026-03-26T07:10:38.913972Z,1515709016,2532
2026-03-26T07:20:39.164092Z,1515710850,2489
2026-03-26T07:30:40.203508Z,1515712657,2427
2026-03-26T07:40:38.271478Z,1515714579,2415
2026-03-26T07:50:36.956006Z,1515716322,2385
2026-03-26T08:00:41.661151Z,1515718204,2340
2026-03-26T08:10:38.932613Z,1515719968,2269
2026-03-26T08:20:39.064783Z,1515721680,2288
2026-03-26T08:30:39.930234Z,1515723535,2340
2026-03-26T08:40:39.562614Z,1515725651,2373
2026-03-26T08:50:40.337718Z,1515727377,2274
2026-03-26T09:00:41.559139Z,1515729170,2309
2026-03-26T09:10:40.073939Z,1515730932,2250
2026-03-26T09:20:42.129996Z,1515732693,2250
2026-03-26T09:30:42.835901Z,1515734429,2296
2026-03-26T09:40:40.231732Z,1515736127,2305
2026-03-26T09:50:41.178483Z,1515737923,2369
2026-03-26T10:00:43.623969Z,1515739800,2403
2026-03-26T10:10:40.274625Z,1515742020,2434
2026-03-26T10:20:39.512849Z,1515744115,2447
2026-03-26T10:30:40.473072Z,1515746145,2493
2026-03-26T10:40:41.748542Z,1515748290,2474
2026-03-26T10:50:37.453611Z,1515750271,2472
2026-03-26T11:00:39.860905Z,1515752361,2517
2026-03-26T11:10:39.464570Z,1515754254,2527
2026-03-26T11:20:40.633867Z,1515756333,2506
2026-03-26T11:30:39.782666Z,1515758353,2561
2026-03-26T11:40:37.713640Z,1515760676,2571
2026-03-26T11:50:40.005162Z,1515762758,2566
2026-03-26T12:00:41.489620Z,1515764785,2647
2026-03-26T12:10:47.668007Z,1515767193,2660
2026-03-26T12:20:40.187134Z,1515769365,2718
2026-03-26T12:30:40.717341Z,1515772379,2619
2026-03-26T12:40:36.060527Z,1515775630,2547
2026-03-26T12:50:36.093786Z,1515778102,2614
2026-03-26T13:00:33.211606Z,1515780791,2655
2026-03-26T13:10:40.907278Z,1515783980,2716
2026-03-26T13:20:34.945755Z,1515786832,2771
2026-03-26T13:30:35.747458Z,1515789518,2831
2026-03-26T13:40:35.837013Z,1515792591,2904
2026-03-26T13:50:39.073336Z,1515795395,3016
2026-03-26T14:00:35.032941Z,1515798288,3160
2026-03-26T14:10:36.490786Z,1515801246,3208
2026-03-26T14:20:34.692892Z,1515804796,3240
2026-03-26T14:30:35.716721Z,1515808688,3327
2026-03-26T14:40:33.939276Z,1515811699,3471
2026-03-26T14:50:34.829423Z,1515814449,3618
2026-03-26T15:00:34.736779Z,1515817446,3648
2026-03-26T15:10:37.156770Z,1515820680,3806
2026-03-26T15:20:35.388359Z,1515823712,3930
2026-03-26T15:30:33.461054Z,1515827002,4020
2026-03-26T15:40:40.494548Z,1515830391,4190
2026-03-26T15:50:33.722364Z,1515833746,4250
2026-03-26T16:00:40.821247Z,1515837294,4372
2026-03-26T16:10:35.617531Z,1515840927,4415
2026-03-26T16:20:35.170881Z,1515844394,4423
2026-03-26T16:30:35.472932Z,1515848188,4513
2026-03-26T16:40:45.053459Z,1515851968,4571
2026-03-26T16:50:35.241332Z,1515855678,4627
2026-03-26T17:00:36.603469Z,1515859414,4712
2026-03-26T17:10:34.603062Z,1515863364,4778
2026-03-26T17:20:38.444960Z,1515867225,4863
2026-03-26T17:30:34.398034Z,1515871284,4986
2026-03-26T17:40:34.933876Z,1515875607,5049
2026-03-26T17:50:38.376182Z,1515879889,5119
2026-03-26T18:00:42.683376Z,1515884311,5186
2026-03-26T18:10:32.458451Z,1515888944,5259
2026-03-26T18:20:34.897524Z,1515893310,5254
2026-03-26T18:30:37.000947Z,1515897569,5311
2026-03-26T18:40:35.802070Z,1515902144,5336
2026-03-26T18:50:32.429890Z,1515906514,5399
2026-03-26T19:00:38.521319Z,1515911390,5521
2026-03-26T19:10:35.695537Z,1515916410,5632
2026-03-26T19:20:36.658412Z,1515921014,5697
2026-03-26T19:30:37.771462Z,1515925755,5763
2026-03-26T19:40:32.472695Z,1515930817,5931
2026-03-26T19:50:33.395613Z,1515935925,5935
2026-03-26T20:00:34.446187Z,1515941101,5985
2026-03-26T20:10:38.494083Z,1515946091,5958
2026-03-26T20:20:34.997826Z,1515950602,6023
2026-03-26T20:30:37.737469Z,1515955801,6098
2026-03-26T20:40:34.954221Z,1515960918,6107
2026-03-26T20:50:34.645303Z,1515966101,6140
2026-03-26T21:00:37.455497Z,1515970959,6148
2026-03-26T21:10:37.223335Z,1515976313,6193
2026-03-26T21:20:35.137055Z,1515981365,6287
2026-03-26T21:30:34.784737Z,1515986356,6181
2026-03-26T21:40:32.851953Z,1515991511,6119
2026-03-26T21:50:35.994761Z,1515996510,6110
2026-03-26T22:00:35.152708Z,1516001456,6162
2026-03-26T22:10:35.880795Z,1516006637,6052
2026-03-26T22:20:42.587646Z,1516011587,5963
2026-03-26T22:30:45.286087Z,1516016385,5925
2026-03-26T22:40:42.486823Z,1516021342,5906
2026-03-26T22:50:43.992578Z,1516026139,5894
2026-03-26T23:00:45.799419Z,1516030339,5836
2026-03-26T23:10:46.796542Z,1516035354,5796
2026-03-26T23:20:45.573824Z,1516039638,5850
2026-03-26T23:30:44.947340Z,1516044430,5892
2026-03-26T23:40:45.835591Z,1516049997,5884
2026-03-26T23:50:45.169428Z,1516054506,5795
2026-03-27T00:00:46.600298Z,1516059773,5730
2026-03-27T00:10:45.925813Z,1516064421,5766
2026-03-27T00:20:44.221556Z,1516069042,5766
2026-03-27T00:30:47.531101Z,1516073859,5744
2026-03-27T00:40:46.071470Z,1516078460,5714
2026-03-27T00:50:44.348457Z,1516083095,5674
2026-03-27T01:00:47.136547Z,1516087618,5582
2026-03-27T01:10:43.043547Z,1516092300,5523
2026-03-27T01:20:47.699432Z,1516096697,5545
2026-03-27T01:30:49.169385Z,1516101095,5471
2026-03-27T01:40:44.420254Z,1516105928,5471
2026-03-27T01:50:47.861147Z,1516110135,5425
2026-03-27T02:00:47.966474Z,1516114392,5346
2026-03-27T02:10:45.502432Z,1516118738,5288
2026-03-27T02:20:47.065459Z,1516122794,5167
2026-03-27T02:30:46.851804Z,1516126676,5012
2026-03-27T02:40:45.163384Z,1516130847,4871
2026-03-27T02:50:45.344124Z,1516134574,4704
2026-03-27T03:00:52.009278Z,1516138294,4592
2026-03-27T03:10:46.765807Z,1516141949,4418
2026-03-27T03:20:46.037225Z,1516145191,4342
2026-03-27T03:30:49.427551Z,1516148630,4225
2026-03-27T03:40:49.858391Z,1516151967,4108
2026-03-27T03:50:48.028386Z,1516155168,4054
2026-03-27T04:00:58.496032Z,1516158378,3981
2026-03-27T04:10:48.217936Z,1516161887,3842
2026-03-27T04:20:46.421392Z,1516164985,3767
2026-03-27T04:30:48.536664Z,1516167911,3715
2026-03-27T04:40:44.712348Z,1516170813,3623
2026-03-27T04:50:47.825708Z,1516173612,3514
2026-03-27T05:00:54.070920Z,1516176305,3375
2026-03-27T05:10:45.451407Z,1516178846,3226
2026-03-27T05:20:44.786672Z,1516181104,3123
2026-03-27T05:30:57.524258Z,1516183512,3104
2026-03-27T05:40:55.002367Z,1516185940,3080
2026-03-27T05:50:51.160489Z,1516188146,3025
2026-03-27T06:01:02.367829Z,1516190575,2956
2026-03-27T06:10:46.947501Z,1516192841,2826
2026-03-27T06:20:51.501407Z,1516195197,2746
2026-03-27T06:30:52.732102Z,1516197368,2732
2026-03-27T06:40:48.768146Z,1516199343,2651
2026-03-27T06:50:49.476189Z,1516201357,2628
2026-03-27T07:01:09.162815Z,1516203587,2622
2026-03-27T07:10:55.382503Z,1516205560,2538
2026-03-27T07:20:50.095319Z,1516207530,2472
2026-03-27T07:30:51.743976Z,1516209479,2486
2026-03-27T07:40:37.096189Z,1516211391,2439
2026-03-27T07:50:34.826770Z,1516213203,2377
2026-03-27T08:00:31.927194Z,1516215064,2403
2026-03-27T08:10:32.110983Z,1516216862,2361
2026-03-27T08:20:34.647383Z,1516218787,2330
2026-03-27T08:30:33.523084Z,1516220684,2344
2026-03-27T08:40:40.879316Z,1516222771,2401
2026-03-27T08:50:33.902598Z,1516224468,2406
2026-03-27T09:00:33.760294Z,1516226381,2427
2026-03-27T09:10:32.181571Z,1516228307,2391
2026-03-27T09:20:33.566676Z,1516230254,2360
2026-03-27T09:30:33.368602Z,1516232117,2417
2026-03-27T09:40:32.300502Z,1516234095,2469
2026-03-27T09:50:35.452381Z,1516236044,2498
2026-03-27T10:00:33.514991Z,1516238062,2410
2026-03-27T10:10:41.622872Z,1516240086,2456
2026-03-27T10:20:34.344417Z,1516242162,2451
2026-03-27T10:30:34.832336Z,1516243993,2476
2026-03-27T10:40:32.260286Z,1516245960,2482
2026-03-27T10:50:34.033773Z,1516247927,2516
2026-03-27T11:00:36.398509Z,1516250033,2518
2026-03-27T11:10:41.629160Z,1516252343,2568
2026-03-27T11:20:31.855422Z,1516254439,2675
2026-03-27T11:30:36.633999Z,1516256623,2683
2026-03-27T11:40:33.616990Z,1516259093,2706
2026-03-27T11:50:31.755137Z,1516261160,2789
2026-03-27T12:00:46.952200Z,1516263450,2846
2026-03-27T12:10:33.691112Z,1516266011,2926
2026-03-27T12:20:35.659808Z,1516268533,3010
2026-03-27T12:30:34.273181Z,1516270991,3132
2026-03-27T12:40:34.046197Z,1516273509,3171
2026-03-27T12:50:35.051788Z,1516276292,3300
2026-03-27T13:00:35.935708Z,1516279118,3390
2026-03-27T13:10:40.047773Z,1516282302,3450
2026-03-27T13:20:37.996324Z,1516284895,3567
2026-03-27T13:30:37.138568Z,1516288441,3682
2026-03-27T13:40:40.237810Z,1516291756,3744
2026-03-27T13:50:38.181777Z,1516294918,3848
2026-03-27T14:00:41.653231Z,1516298110,3969
2026-03-27T14:10:37.093642Z,1516301660,4052
2026-03-27T14:20:36.705945Z,1516305126,4173
2026-03-27T14:30:37.748317Z,1516308551,4191
2026-03-27T14:40:34.404520Z,1516312406,4352
2026-03-27T14:50:35.325611Z,1516315870,4370
2026-03-27T15:00:36.536338Z,1516319554,4425
2026-03-27T15:10:37.303999Z,1516323540,4492
2026-03-27T15:20:40.113289Z,1516327528,4528
2026-03-27T15:30:36.663747Z,1516331401,4612
2026-03-27T15:40:35.309771Z,1516335183,4646
2026-03-27T15:50:36.015485Z,1516339305,4729
2026-03-27T16:00:37.105782Z,1516343522,4843
2026-03-27T16:10:40.572105Z,1516347847,4922
2026-03-27T16:20:36.240726Z,1516352088,4967
2026-03-27T16:30:36.117387Z,1516356053,4976
2026-03-27T16:40:34.667793Z,1516360379,5091
2026-03-27T16:50:35.352448Z,1516364545,5157
2026-03-27T17:00:38.176123Z,1516368834,5233
2026-03-27T17:11:01.630362Z,1516373558,5310
2026-03-27T17:21:04.004043Z,1516377796,5359
2026-03-27T17:31:00.342840Z,1516382114,5452
2026-03-27T17:41:03.531231Z,1516387342,5488
2026-03-27T17:51:06.637904Z,1516391911,5529
2026-03-27T18:00:59.357252Z,1516396461,5619
2026-03-27T18:10:58.289576Z,1516401453,5648
2026-03-27T18:20:59.700597Z,1516405918,5672
2026-03-27T18:31:02.017068Z,1516410710,5709
2026-03-27T18:40:58.751755Z,1516415650,5760
2026-03-27T18:51:00.285693Z,1516419711,5893
2026-03-27T19:00:59.455027Z,1516424645,6004
2026-03-27T19:11:04.616946Z,1516430656,6036
2026-03-27T19:21:01.922901Z,1516435661,6186
2026-03-27T19:30:59.489559Z,1516440840,6277
2026-03-27T19:41:00.538601Z,1516446317,6481
2026-03-27T19:50:57.380099Z,1516451865,6516
2026-03-27T20:01:01.409069Z,1516457363,6606
2026-03-27T20:10:59.356424Z,1516462887,6735
2026-03-27T20:21:00.155759Z,1516468681,6788
2026-03-27T20:31:02.974713Z,1516474310,6918
2026-03-27T20:40:59.379897Z,1516480492,7012
2026-03-27T20:50:59.378000Z,1516486287,7193
2026-03-27T21:00:57.462485Z,1516492017,7313
2026-03-27T21:10:59.484959Z,1516498925,7354
2026-03-27T21:20:59.334365Z,1516504433,7292
2026-03-27T21:30:59.255294Z,1516510438,7332
2026-03-27T21:41:00.800335Z,1516516558,7304
2026-03-27T21:50:57.037329Z,1516522376,7303
2026-03-27T22:00:59.556869Z,1516528339,7374
2026-03-27T22:10:59.136122Z,1516534773,7300
2026-03-27T22:20:57.236852Z,1516540530,7210
2026-03-27T22:30:59.432067Z,1516546021,7249
2026-03-27T22:40:59.481826Z,1516552183,7234
2026-03-27T22:51:00.609933Z,1516557789,7201
2026-03-27T23:01:03.499471Z,1516563812,7134
2026-03-27T23:11:01.658712Z,1516569589,7157
2026-03-27T23:21:02.214505Z,1516575256,7072
2026-03-27T23:31:00.679603Z,1516581100,7171
2026-03-27T23:40:58.816481Z,1516586880,7125
2026-03-27T23:50:59.735373Z,1516592511,7146
2026-03-28T00:00:58.132449Z,1516598124,6987
2026-03-28T00:10:58.946228Z,1516603478,6968
2026-03-28T00:21:00.355161Z,1516609342,6974
2026-03-28T00:31:01.246183Z,1516614486,6869
2026-03-28T00:40:58.989888Z,1516619832,6856
2026-03-28T00:51:00.512346Z,1516624642,6801
2026-03-28T01:01:00.233841Z,1516630704,6842
2026-03-28T01:11:00.017516Z,1516636254,6796
2026-03-28T01:20:59.820950Z,1516641446,6690
2026-03-28T01:30:58.165457Z,1516646768,6662
2026-03-28T01:40:59.044222Z,1516652121,6614
2026-03-28T01:51:01.324132Z,1516657283,6616
2026-03-28T02:00:57.849816Z,1516662728,6497
2026-03-28T02:11:04.392260Z,1516668258,6462
2026-03-28T02:20:42.703686Z,1516673165,6501
2026-03-28T02:30:45.670208Z,1516678078,6441
2026-03-28T02:40:40.947151Z,1516683612,6403
2026-03-28T02:50:40.284962Z,1516688413,6380
2026-03-28T03:00:50.887862Z,1516693471,6328
2026-03-28T03:10:43.512000Z,1516698486,6288
2026-03-28T03:20:49.518259Z,1516703434,6218
2026-03-28T03:30:51.741679Z,1516708214,6146
2026-03-28T03:40:44.121997Z,1516712735,6075
2026-03-28T03:50:47.071000Z,1516717011,5978
2026-03-28T04:00:48.250305Z,1516722158,5939
2026-03-28T04:10:49.334649Z,1516727402,5798
2026-03-28T04:20:44.578932Z,1516731928,5724
2026-03-28T04:30:52.825650Z,1516736290,5683
2026-03-28T04:40:44.568302Z,1516740466,5521
2026-03-28T04:50:44.826621Z,1516744525,5378
2026-03-28T05:00:50.340283Z,1516748555,5283
2026-03-28T05:10:47.489617Z,1516752408,5158
2026-03-28T05:20:45.673638Z,1516756311,5003
2026-03-28T05:30:54.727584Z,1516760460,4912
2026-03-28T05:40:50.648704Z,1516764345,4786
2026-03-28T05:50:43.812954Z,1516767932,4659
2026-03-28T06:00:56.372159Z,1516771467,4500
2026-03-28T06:10:48.923021Z,1516774862,4328
2026-03-28T06:20:50.095400Z,1516778079,4227
2026-03-28T06:30:55.324123Z,1516781322,4129
2026-03-28T06:40:45.141505Z,1516784325,4045
2026-03-28T06:50:49.200435Z,1516787266,3954
2026-03-28T07:00:57.739035Z,1516790433,3826
2026-03-28T07:10:45.589387Z,1516793582,3755
2026-03-28T07:20:46.419027Z,1516796549,3687
2026-03-28T07:30:57.990689Z,1516799491,3592
2026-03-28T07:40:45.016308Z,1516802237,3525
2026-03-28T07:50:44.117310Z,1516804955,3540
2026-03-28T08:00:49.934981Z,1516807791,3488
2026-03-28T08:10:49.132459Z,1516810683,3439
2026-03-28T08:20:46.904572Z,1516813413,3376
2026-03-28T08:30:44.220650Z,1516816049,3356
2026-03-28T08:40:43.410274Z,1516818896,3351
2026-03-28T08:50:45.177347Z,1516821384,3427
2026-03-28T09:00:49.509600Z,1516824175,3444
2026-03-28T09:10:42.689361Z,1516827009,3363
2026-03-28T09:20:48.418654Z,1516829620,3362
2026-03-28T09:30:48.336055Z,1516832258,3380
2026-03-28T09:40:46.047613Z,1516834963,3388
2026-03-28T09:50:44.325927Z,1516837828,3384
2026-03-28T10:00:47.757771Z,1516840662,3508
2026-03-28T10:10:47.131550Z,1516843660,3516
2026-03-28T10:20:43.989779Z,1516846537,3582
2026-03-28T10:30:43.173704Z,1516849614,3783
2026-03-28T10:40:46.662785Z,1516852760,3819
2026-03-28T10:50:41.642674Z,1516855967,3908
2026-03-28T11:00:46.600118Z,1516859313,3988
2026-03-28T11:10:49.170122Z,1516862666,4045
2026-03-28T11:20:43.518223Z,1516866101,4136
2026-03-28T11:30:51.509450Z,1516869580,4211
2026-03-28T11:40:50.492631Z,1516873059,4309
2026-03-28T11:50:47.788580Z,1516876602,4476
2026-03-28T12:01:04.284372Z,1516880180,4565
2026-03-28T12:10:47.265888Z,1516883986,4596
2026-03-28T12:20:47.961315Z,1516887861,4727
2026-03-28T12:30:53.348769Z,1516891780,4781
2026-03-28T12:40:46.775615Z,1516895587,4863
2026-03-28T12:50:47.248782Z,1516899525,4989
2026-03-28T13:00:58.458808Z,1516903957,5058
2026-03-28T13:10:43.636237Z,1516908289,5216
2026-03-28T13:20:46.213749Z,1516912634,5321
2026-03-28T13:30:53.176105Z,1516917115,5480
2026-03-28T13:40:48.256157Z,1516921792,5635
2026-03-28T13:50:47.828397Z,1516926382,5756
2026-03-28T14:01:00.073786Z,1516931266,5782
2026-03-28T14:10:49.785867Z,1516936013,5885
2026-03-28T14:20:48.503262Z,1516940914,6024
2026-03-28T14:30:55.679151Z,1516946079,6205
2026-03-28T14:40:49.273581Z,1516951006,6315
2026-03-28T14:50:47.372847Z,1516956438,6417
2026-03-28T15:01:06.920161Z,1516962055,6550
2026-03-28T15:10:47.874873Z,1516967228,6590
2026-03-28T15:20:50.654744Z,1516972854,6703
2026-03-28T15:30:54.150758Z,1516978287,6746
2026-03-28T15:40:49.664288Z,1516984101,6891
2026-03-28T15:50:49.049840Z,1516989737,6982
2026-03-28T16:00:50.473814Z,1516995626,7120
2026-03-28T16:10:44.382917Z,1517001754,7212
2026-03-28T16:20:45.316116Z,1517008014,7281
2026-03-28T16:30:50.170891Z,1517014004,7499
2026-03-28T16:40:44.190302Z,1517020143,7564
2026-03-28T16:50:44.055687Z,1517026363,7707
2026-03-28T17:00:49.394534Z,1517032858,7772
2026-03-28T17:10:45.221882Z,1517039080,7750
2026-03-28T17:20:46.548917Z,1517045503,7780
2026-03-28T17:30:49.555486Z,1517052104,7924
2026-03-28T17:40:40.596191Z,1517058916,8070
2026-03-28T17:50:43.858686Z,1517065434,8003
2026-03-28T18:00:49.667468Z,1517072181,8027
2026-03-28T18:10:45.289315Z,1517079021,8023
2026-03-28T18:20:43.207483Z,1517085201,8152
2026-03-28T18:30:46.636236Z,1517092285,8219
2026-03-28T18:40:45.753777Z,1517098911,8348
2026-03-28T18:50:43.929057Z,1517105769,8410
2026-03-28T19:00:46.893709Z,1517112889,8436
2026-03-28T19:10:44.184062Z,1517120776,8424
2026-03-28T19:20:43.798919Z,1517127503,8411
2026-03-28T19:30:46.838907Z,1517134359,8475
2026-03-28T19:40:43.958181Z,1517141788,8465
2026-03-28T19:50:45.315898Z,1517148487,8530
2026-03-28T20:00:44.542367Z,1517155270,8485
2026-03-28T20:10:42.857233Z,1517162451,8571
2026-03-28T20:20:44.035502Z,1517169402,8606
2026-03-28T20:30:41.829169Z,1517176382,8652
2026-03-28T20:40:40.464789Z,1517183952,8631
2026-03-28T20:50:40.895982Z,1517190248,8608
2026-03-28T21:00:45.496575Z,1517197227,8572
2026-03-28T21:10:39.960649Z,1517204554,8488
2026-03-28T21:20:42.888726Z,1517211216,8478
2026-03-28T21:30:40.921082Z,1517217800,8354
2026-03-28T21:40:39.225679Z,1517224582,8347
2026-03-28T21:50:42.808722Z,1517230962,8332
2026-03-28T22:00:43.135604Z,1517237623,8357
2026-03-28T22:10:38.099608Z,1517245000,8342
2026-03-28T22:20:40.496894Z,1517251906,8261
2026-03-28T22:30:41.473439Z,1517258247,8222
2026-03-28T22:40:40.475890Z,1517264632,8070
2026-03-28T22:50:40.545501Z,1517270545,7984
2026-03-28T23:00:42.505127Z,1517277422,7911
2026-03-28T23:10:42.958388Z,1517283737,7765
2026-03-28T23:20:37.311048Z,1517289831,7714
2026-03-28T23:30:40.302946Z,1517296035,7675
2026-03-28T23:40:40.106435Z,1517302501,7631
2026-03-28T23:50:36.995892Z,1517308312,7520
2026-03-29T00:00:43.578985Z,1517314251,7501
2026-03-29T00:10:41.605886Z,1517320490,7421
2026-03-29T00:20:40.021917Z,1517326299,7357
2026-03-29T00:30:39.105937Z,1517332016,7240
2026-03-29T00:40:39.433836Z,1517337846,7206
2026-03-29T00:50:38.269914Z,1517343593,7229
2026-03-29T01:00:39.992273Z,1517349315,7197
2026-03-29T01:10:38.160958Z,1517354926,7144
2026-03-29T01:20:40.540565Z,1517360889,7072
2026-03-29T01:30:41.241559Z,1517366372,6969
2026-03-29T01:40:38.423343Z,1517372004,6935
2026-03-29T01:50:37.396164Z,1517377456,6844
2026-03-29T02:00:38.793319Z,1517383015,6772
2026-03-29T02:10:38.366438Z,1517388560,6723
2026-03-29T02:20:37.545302Z,1517394007,6659
2026-03-29T02:30:37.310090Z,1517399269,6643
2026-03-29T02:40:37.993281Z,1517405259,6695
2026-03-29T02:50:38.888549Z,1517410621,6616
2026-03-29T03:00:37.472191Z,1517415744,6604
2026-03-29T03:10:42.528820Z,1517421551,6455
2026-03-29T03:20:37.336359Z,1517426341,6445
2026-03-29T03:30:38.275760Z,1517431552,6336
2026-03-29T03:40:43.352032Z,1517436623,6265
2026-03-29T03:50:38.558456Z,1517441218,6171
2026-03-29T04:00:39.971844Z,1517446164,6019
2026-03-29T04:10:40.221538Z,1517451405,5893
2026-03-29T04:20:38.182221Z,1517455974,5820
2026-03-29T04:30:35.978934Z,1517460358,5715
2026-03-29T04:40:39.493652Z,1517464871,5710
2026-03-29T04:50:37.937909Z,1517469241,5605
2026-03-29T05:00:39.615201Z,1517473560,5474
2026-03-29T05:10:37.894129Z,1517477860,5430
2026-03-29T05:20:37.309586Z,1517482024,5199
2026-03-29T05:30:38.221807Z,1517486000,5141
2026-03-29T05:40:36.601757Z,1517490446,5102
2026-03-29T05:50:33.034340Z,1517494151,4915
2026-03-29T06:00:42.105286Z,1517498180,4849
2026-03-29T06:10:36.945757Z,1517502173,4772
2026-03-29T06:20:37.111369Z,1517505838,4619
2026-03-29T06:30:39.054510Z,1517509365,4563
2026-03-29T06:40:32.548155Z,1517512870,4415
2026-03-29T06:50:34.817612Z,1517516321,4296
2026-03-29T07:00:37.683428Z,1517519605,4214
2026-03-29T07:10:36.929528Z,1517523118,4094
2026-03-29T07:20:34.970427Z,1517526168,3967
2026-03-29T07:30:33.484924Z,1517529325,3931
2026-03-29T07:40:34.751343Z,1517532747,3808
2026-03-29T07:50:33.845746Z,1517535677,3705
2026-03-29T08:00:36.969578Z,1517538512,3667
2026-03-29T08:10:46.612912Z,1517541631,3630
2026-03-29T08:20:32.489975Z,1517544496,3673
2026-03-29T08:30:37.059715Z,1517547463,3609
2026-03-29T08:40:35.803418Z,1517550495,3635
2026-03-29T08:50:38.052430Z,1517553338,3571
2026-03-29T09:00:34.235201Z,1517556125,3594
2026-03-29T09:10:35.553436Z,1517559157,3564
2026-03-29T09:20:36.134222Z,1517561946,3580
2026-03-29T09:30:34.179092Z,1517565049,3558
2026-03-29T09:40:35.381234Z,1517567860,3596
2026-03-29T09:50:34.084516Z,1517570802,3596
2026-03-29T10:00:37.086836Z,1517573762,3634
2026-03-29T10:10:34.031419Z,1517576893,3698
2026-03-29T10:20:36.644169Z,1517579887,3770
2026-03-29T10:30:35.235342Z,1517583085,3806
2026-03-29T10:40:35.199841Z,1517586021,3856
2026-03-29T10:50:33.513388Z,1517589571,3904
2026-03-29T11:00:31.981927Z,1517593151,3944
2026-03-29T11:10:36.566450Z,1517596537,3960
2026-03-29T11:20:36.839912Z,1517599938,4155
2026-03-29T11:30:35.492601Z,1517603341,4195
2026-03-29T11:40:36.123264Z,1517607065,4258
2026-03-29T11:50:34.322627Z,1517610652,4332
2026-03-29T12:00:32.173967Z,1517614126,4365
2026-03-29T12:10:35.040341Z,1517618164,4417
2026-03-29T12:20:38.203012Z,1517621848,4564
2026-03-29T12:30:34.270921Z,1517625576,4636
2026-03-29T12:40:34.398331Z,1517629512,4763
2026-03-29T12:50:34.034654Z,1517633341,4918
2026-03-29T13:00:36.186757Z,1517637430,5005
2026-03-29T13:10:35.356769Z,1517641756,5105
2026-03-29T13:20:36.584227Z,1517646045,5293
2026-03-29T13:30:34.490586Z,1517649997,5403
2026-03-29T13:40:34.367730Z,1517655074,5440
2026-03-29T13:50:34.887624Z,1517659590,5590
2026-03-29T14:00:34.986448Z,1517664144,5732
2026-03-29T14:10:35.920055Z,1517669167,5834
2026-03-29T14:20:34.279226Z,1517673582,5980
2026-03-29T14:30:33.227122Z,1517678780,6182
2026-03-29T14:40:27.641347Z,1517684091,6317
2026-03-29T14:50:29.489802Z,1517689256,6400
2026-03-29T15:00:30.655986Z,1517694276,6419
2026-03-29T15:10:30.056219Z,1517699718,6590
2026-03-29T15:20:31.648968Z,1517705151,6720
2026-03-29T15:30:28.939126Z,1517710999,6838
2026-03-29T15:40:30.182836Z,1517716494,7006
2026-03-29T15:50:30.351374Z,1517722301,7073
2026-03-29T16:00:30.764140Z,1517728229,7255
2026-03-29T16:10:42.802428Z,1517734797,7373
2026-03-29T16:20:29.805694Z,1517740704,7395
2026-03-29T16:30:31.396906Z,1517746803,7540
2026-03-29T16:40:29.568845Z,1517753232,7628
2026-03-29T16:50:29.541921Z,1517759340,7745
2026-03-29T17:00:30.531449Z,1517765918,7878
2026-03-29T17:10:29.239953Z,1517772058,7944
2026-03-29T17:20:29.777603Z,1517778378,7976
2026-03-29T17:30:30.328602Z,1517784914,8154
2026-03-29T17:40:31.399339Z,1517791784,8319
2026-03-29T17:50:31.749998Z,1517798805,8348
2026-03-29T18:00:30.330031Z,1517805882,8393
2026-03-29T18:10:30.808981Z,1517812884,8348
2026-03-29T18:20:29.382559Z,1517819738,8338
2026-03-29T18:30:30.936327Z,1517826198,8398
2026-03-29T18:40:29.189016Z,1517833074,8539
2026-03-29T18:50:28.988902Z,1517839842,8605
2026-03-29T19:00:28.845092Z,1517846574,8679
2026-03-29T19:10:30.830942Z,1517853851,8759
2026-03-29T19:20:29.228588Z,1517860367,8686
2026-03-29T19:30:30.354281Z,1517867400,8797
2026-03-29T19:40:30.834138Z,1517874452,8796
2026-03-29T19:50:32.132619Z,1517881364,8749
2026-03-29T20:00:30.735202Z,1517888056,8638
2026-03-29T20:10:29.475358Z,1517894883,8529
2026-03-29T20:20:32.038385Z,1517901591,8445
2026-03-29T20:30:39.374966Z,1517908361,8480
2026-03-29T20:40:30.616864Z,1517915499,8491
2026-03-29T20:50:32.112895Z,1517922018,8404
2026-03-29T21:00:31.484453Z,1517928194,8233
2026-03-29T21:10:27.391654Z,1517935037,8217
2026-03-29T21:20:29.724552Z,1517941292,8082
2026-03-29T21:30:29.840130Z,1517947718,8048
2026-03-29T21:40:31.199262Z,1517954050,7920
2026-03-29T21:50:31.134115Z,1517960037,7819
2026-03-29T22:00:30.769831Z,1517966492,7737
2026-03-29T22:10:29.584668Z,1517973280,7605
2026-03-29T22:20:31.231258Z,1517979073,7464
2026-03-29T22:30:31.228529Z,1517984753,7450
2026-03-29T22:40:33.232490Z,1517991351,7439
2026-03-29T22:50:31.777086Z,1517996751,7341
2026-03-29T23:00:31.046827Z,1518002419,7297
2026-03-29T23:10:28.113339Z,1518007723,7195
2026-03-29T23:20:31.251246Z,1518013196,7070
2026-03-29T23:30:30.249725Z,1518018611,7004
2026-03-29T23:40:28.650998Z,1518024608,7005
2026-03-29T23:50:26.746526Z,1518029747,6924
2026-03-30T00:00:28.442181Z,1518034343,6850
2026-03-30T00:10:31.040865Z,1518040423,6619
2026-03-30T00:20:23.817512Z,1518045404,6589
2026-03-30T00:30:24.044090Z,1518050461,6538
2026-03-30T00:40:24.632512Z,1518055703,6443
2026-03-30T00:50:23.739993Z,1518060818,6341
2026-03-30T01:00:26.186421Z,1518066040,6327
2026-03-30T01:10:23.649845Z,1518071532,6251
2026-03-30T01:20:24.018107Z,1518076192,6210
2026-03-30T01:30:26.759722Z,1518081192,6044
2026-03-30T01:40:23.152557Z,1518085840,5877
2026-03-30T01:50:24.901919Z,1518090588,5735
2026-03-30T02:00:26.085845Z,1518095039,5633
2026-03-30T02:10:24.130128Z,1518099504,5490
2026-03-30T02:20:21.521114Z,1518103777,5336
2026-03-30T02:30:22.379607Z,1518107770,5206
2026-03-30T02:40:29.752077Z,1518112244,5138
2026-03-30T02:50:20.773233Z,1518115861,4965
2026-03-30T03:00:33.432870Z,1518119915,4844
2026-03-30T03:10:26.116810Z,1518123584,4632
2026-03-30T03:20:23.032188Z,1518127057,4570
2026-03-30T03:30:27.173563Z,1518130543,4470
2026-03-30T03:40:23.689617Z,1518134119,4342
2026-03-30T03:50:23.155974Z,1518137546,4213
2026-03-30T04:00:26.570525Z,1518140869,4149
2026-03-30T04:10:24.365806Z,1518144217,4143
2026-03-30T04:20:26.863432Z,1518147381,4015
2026-03-30T04:30:27.241178Z,1518150363,3899
2026-03-30T04:40:24.222628Z,1518153405,3817
2026-03-30T04:50:22.767782Z,1518156124,3648
2026-03-30T05:00:32.251387Z,1518158878,3565
2026-03-30T05:10:27.249603Z,1518161609,3426
2026-03-30T05:20:24.660828Z,1518164092,3332
2026-03-30T05:30:27.161163Z,1518166535,3295
2026-03-30T05:40:26.777179Z,1518169193,3217
2026-03-30T05:50:35.451462Z,1518171601,3067
2026-03-30T06:00:33.826946Z,1518173805,2906
2026-03-30T06:10:27.101735Z,1518176106,2857
2026-03-30T06:20:25.672406Z,1518178345,2878
2026-03-30T06:30:32.282552Z,1518180621,2834
2026-03-30T06:40:25.846674Z,1518182981,2743
2026-03-30T06:50:27.255610Z,1518185147,2752
2026-03-30T07:00:39.686093Z,1518187353,2636
2026-03-30T07:10:28.497455Z,1518189434,2575
2026-03-30T07:20:27.273714Z,1518191352,2540
2026-03-30T07:30:27.779440Z,1518193365,2477
2026-03-30T07:40:27.134647Z,1518195496,2458
2026-03-30T07:50:26.990867Z,1518197760,2432
2026-03-30T08:00:35.022065Z,1518199771,2402
2026-03-30T08:10:26.297709Z,1518201609,2380
2026-03-30T08:20:26.901847Z,1518203490,2348
2026-03-30T08:30:27.169627Z,1518205278,2359
2026-03-30T08:40:26.112433Z,1518207276,2397
2026-03-30T08:50:25.882850Z,1518209265,2444
2026-03-30T09:00:31.028819Z,1518211267,2480
2026-03-30T09:10:36.884655Z,1518213530,2453
2026-03-30T09:20:32.325269Z,1518215267,2471
2026-03-30T09:30:35.232011Z,1518217476,2497
2026-03-30T09:40:36.506202Z,1518219407,2504
2026-03-30T09:50:34.030876Z,1518221583,2502
2026-03-30T10:00:40.208628Z,1518223726,2578
2026-03-30T10:10:32.439697Z,1518226021,2584
2026-03-30T10:20:35.030218Z,1518228207,2596
2026-03-30T10:30:37.192434Z,1518230367,2659
2026-03-30T10:40:35.941074Z,1518232651,2694
2026-03-30T10:50:31.930787Z,1518234891,2744
2026-03-30T11:00:40.756790Z,1518237200,2780
2026-03-30T11:10:33.607420Z,1518239455,2859
2026-03-30T11:20:35.172700Z,1518241822,2960
2026-03-30T11:30:39.357534Z,1518244220,2994
2026-03-30T11:40:40.067151Z,1518246780,3070
2026-03-30T11:50:38.236169Z,1518249530,3163
2026-03-30T12:00:58.490784Z,1518252309,3183
2026-03-30T12:10:36.986636Z,1518255099,3218
2026-03-30T12:20:37.531981Z,1518257822,3318
2026-03-30T12:30:41.826438Z,1518260700,3387
2026-03-30T12:40:41.054230Z,1518263225,3400
2026-03-30T12:50:39.431945Z,1518266402,3488
2026-03-30T13:00:42.504805Z,1518269518,3538
2026-03-30T13:10:41.642289Z,1518272670,3606
2026-03-30T13:20:40.594035Z,1518275982,3669
2026-03-30T13:30:55.940493Z,1518279137,3776
2026-03-30T13:40:41.062886Z,1518282313,3831
2026-03-30T13:50:35.991343Z,1518285758,3951
2026-03-30T14:00:41.293556Z,1518289282,3962
2026-03-30T14:10:43.147628Z,1518292632,4108
2026-03-30T14:20:41.483355Z,1518296147,4133
2026-03-30T14:30:38.183083Z,1518299582,4327
2026-03-30T14:40:42.189499Z,1518303492,4408
2026-03-30T14:50:41.000487Z,1518306897,4446
2026-03-30T15:00:59.881608Z,1518310670,4438
2026-03-30T15:10:40.504095Z,1518314156,4499
2026-03-30T15:20:44.070176Z,1518318291,4583
2026-03-30T15:30:56.880211Z,1518322359,4609
2026-03-30T15:40:46.638423Z,1518326185,4773
2026-03-30T15:50:36.431360Z,1518330149,4811
2026-03-30T16:01:00.184815Z,1518334356,4863
2026-03-30T16:10:38.919797Z,1518338390,4879
2026-03-30T16:20:44.798776Z,1518342925,4882
2026-03-30T16:30:42.037644Z,1518347085,4967
2026-03-30T16:40:36.625978Z,1518350544,4989
2026-03-30T16:50:34.453802Z,1518355513,5103
2026-03-30T17:00:50.466104Z,1518359868,5148
2026-03-30T17:10:34.556733Z,1518364080,5142
2026-03-30T17:20:37.400803Z,1518368336,5202
2026-03-30T17:30:38.233974Z,1518372673,5328
2026-03-30T17:40:36.623675Z,1518377392,5394
2026-03-30T17:50:31.188054Z,1518381837,5408
2026-03-30T18:00:44.390046Z,1518386338,5427
2026-03-30T18:10:42.479413Z,1518390992,5353
2026-03-30T18:20:38.348450Z,1518395566,5431
2026-03-30T18:30:36.426030Z,1518400012,5537
2026-03-30T18:40:33.203835Z,1518404862,5604
2026-03-30T18:50:34.410850Z,1518409509,5661
2026-03-30T19:00:36.385321Z,1518414016,5647
2026-03-30T19:10:31.023870Z,1518419535,5763
2026-03-30T19:20:27.881793Z,1518424217,5793
2026-03-30T19:30:28.652868Z,1518429021,5842
2026-03-30T19:40:28.460002Z,1518434515,5912
2026-03-30T19:50:28.580035Z,1518439744,5928
2026-03-30T20:00:30.986369Z,1518444735,5977
2026-03-30T20:10:29.497483Z,1518449728,5931
2026-03-30T20:20:27.498790Z,1518454625,5985
2026-03-30T20:30:30.519367Z,1518459985,6047
2026-03-30T20:40:29.112231Z,1518465534,6035
2026-03-30T20:50:31.245840Z,1518470577,6009
2026-03-30T21:00:36.246260Z,1518475598,6107
2026-03-30T21:10:30.245394Z,1518480789,6061
2026-03-30T21:20:31.222439Z,1518486298,6067
2026-03-30T21:30:31.087254Z,1518491612,6177
2026-03-30T21:40:29.764741Z,1518496968,6209
2026-03-30T21:50:28.687469Z,1518502436,6209
2026-03-30T22:00:33.352213Z,1518507603,6171
2026-03-30T22:10:30.432463Z,1518512776,6009
2026-03-30T22:20:30.050607Z,1518517782,6042
2026-03-30T22:30:30.982447Z,1518522699,5987
2026-03-30T22:40:29.336596Z,1518527629,6009
2026-03-30T22:50:28.932915Z,1518532709,6069
2026-03-30T23:00:37.800869Z,1518537869,6058
2026-03-30T23:10:26.889257Z,1518542473,6071
2026-03-30T23:20:28.171997Z,1518547832,6064
2026-03-30T23:30:32.119308Z,1518552871,6057
2026-03-30T23:40:25.547892Z,1518558102,6078
2026-03-30T23:50:27.575387Z,1518563220,6043
2026-03-31T00:00:35.680605Z,1518568192,6019
2026-03-31T00:10:28.535433Z,1518573109,5871
2026-03-31T00:20:27.645206Z,1518577900,5850
2026-03-31T00:30:28.317526Z,1518582598,5904
2026-03-31T00:40:24.210277Z,1518587378,5811
2026-03-31T00:50:28.409304Z,1518592269,5780
2026-03-31T01:00:34.264196Z,1518596839,5747
2026-03-31T01:10:25.605111Z,1518601867,5584
2026-03-31T01:20:27.493153Z,1518606303,5485
2026-03-31T01:30:27.249680Z,1518610741,5438
2026-03-31T01:40:27.216961Z,1518615425,5396
2026-03-31T01:50:29.791008Z,1518619912,5349
2026-03-31T02:00:32.542850Z,1518624425,5270
2026-03-31T02:10:27.371960Z,1518628540,5162
2026-03-31T02:20:27.169720Z,1518632644,5115
2026-03-31T02:30:26.624960Z,1518636539,4905
2026-03-31T02:40:27.767845Z,1518640555,4777
2026-03-31T02:50:27.862092Z,1518644242,4725
2026-03-31T03:00:26.636263Z,1518647875,4602
2026-03-31T03:10:26.159089Z,1518651616,4421
2026-03-31T03:20:25.140260Z,1518654967,4323
2026-03-31T03:30:28.132836Z,1518658197,4221
2026-03-31T03:40:29.625618Z,1518661681,4183
2026-03-31T03:50:25.595812Z,1518664859,4102
2026-03-31T04:00:24.296518Z,1518668181,4002
2026-03-31T04:10:27.792576Z,1518671376,3896
2026-03-31T04:20:27.619445Z,1518674267,3735
2026-03-31T04:30:26.391851Z,1518677021,3624
2026-03-31T04:40:20.576625Z,1518679918,3466
2026-03-31T04:50:19.893890Z,1518682729,3452
2026-03-31T05:00:22.317338Z,1518685365,3392
2026-03-31T05:10:21.658455Z,1518687985,3334
2026-03-31T05:20:17.689052Z,1518690661,3211
2026-03-31T05:30:21.203261Z,1518692974,3169
2026-03-31T05:40:19.159550Z,1518695567,3141
2026-03-31T05:50:21.654897Z,1518697920,3090
2026-03-31T06:00:21.717017Z,1518700435,3021
2026-03-31T06:10:24.197965Z,1518702677,2894
2026-03-31T06:20:24.228806Z,1518704979,2890
2026-03-31T06:30:18.957166Z,1518707077,2721
2026-03-31T06:40:20.199907Z,1518709125,2627
2026-03-31T06:50:21.352049Z,1518711035,2622
2026-03-31T07:00:21.336633Z,1518713127,2530
2026-03-31T07:10:24.305227Z,1518715172,2486
2026-03-31T07:20:21.145046Z,1518717046,2433
2026-03-31T07:30:21.211846Z,1518718916,2412
2026-03-31T07:40:19.138903Z,1518720901,2407
2026-03-31T07:50:21.244890Z,1518722875,2400
2026-03-31T08:00:21.751852Z,1518724904,2353
2026-03-31T08:10:18.370924Z,1518726814,2331
2026-03-31T08:20:20.963593Z,1518728649,2337
2026-03-31T08:30:23.972672Z,1518730607,2351
2026-03-31T08:40:21.262875Z,1518732608,2385
2026-03-31T08:50:19.523566Z,1518734651,2340
2026-03-31T09:00:22.645648Z,1518736604,2383
2026-03-31T09:10:21.153295Z,1518738536,2395
2026-03-31T09:20:23.235742Z,1518740518,2469
2026-03-31T09:30:20.954101Z,1518742351,2478
2026-03-31T09:40:22.799427Z,1518744344,2442
2026-03-31T09:50:22.316979Z,1518746267,2464
2026-03-31T10:00:20.912263Z,1518748267,2500
2026-03-31T10:10:22.537202Z,1518750416,2583
2026-03-31T10:20:20.061988Z,1518752430,2588
2026-03-31T10:30:20.643001Z,1518754599,2615
2026-03-31T10:40:21.440370Z,1518756834,2648
2026-03-31T10:50:22.472282Z,1518759032,2722
2026-03-31T11:00:21.462686Z,1518761383,2691
2026-03-31T11:10:22.421187Z,1518763582,2693
2026-03-31T11:20:20.702297Z,1518765881,2747
2026-03-31T11:30:21.666682Z,1518767997,2820
2026-03-31T11:40:18.260563Z,1518770543,2861
2026-03-31T11:50:18.952612Z,1518772975,2909
2026-03-31T12:00:22.684705Z,1518775463,3023
2026-03-31T12:10:21.671676Z,1518778029,3082
2026-03-31T12:20:23.876770Z,1518780876,3179
2026-03-31T12:30:22.421898Z,1518783539,3315
2026-03-31T12:40:19.203257Z,1518786510,3357
2026-03-31T12:50:29.501788Z,1518789399,3517
2026-03-31T13:00:30.550299Z,1518792529,3619
2026-03-31T13:10:20.430571Z,1518795752,3728
2026-03-31T13:20:20.962526Z,1518798930,3827
2026-03-31T13:30:23.576252Z,1518802264,3904
2026-03-31T13:40:24.888295Z,1518805431,4035
2026-03-31T13:50:23.377825Z,1518809420,4057
2026-03-31T14:00:20.475620Z,1518812815,4136
2026-03-31T14:10:22.621684Z,1518816591,4232
2026-03-31T14:10:35.536762Z,1518816591,4232
2026-03-31T14:20:37.712200Z,1518820170,4316
2026-03-31T14:30:39.944466Z,1518823828,4408
2026-03-31T14:40:38.834189Z,1518827697,4581
2026-03-31T14:50:37.268569Z,1518831324,4588
2026-03-31T15:00:39.810167Z,1518835078,4609
2026-03-31T15:10:40.763786Z,1518838561,4641
2026-03-31T15:20:38.689379Z,1518842699,4639
2026-03-31T15:30:36.539239Z,1518846414,4662
2026-03-31T15:40:45.366536Z,1518850061,4739
2026-03-31T15:50:39.379728Z,1518854259,4896
2026-03-31T16:00:45.740453Z,1518857950,4961
2026-03-31T16:10:40.907661Z,1518862912,5019
2026-03-31T16:20:35.564119Z,1518867091,5098
2026-03-31T16:30:37.508211Z,1518871535,5143
2026-03-31T16:40:38.801338Z,1518875930,5212
2026-03-31T16:50:38.900500Z,1518880125,5216
2026-03-31T17:00:53.938369Z,1518884596,5233
2026-03-31T17:10:35.397271Z,1518888603,5308
2026-03-31T17:20:40.131951Z,1518892975,5378
2026-03-31T17:30:41.443498Z,1518897385,5368
2026-03-31T17:40:37.886948Z,1518901939,5403
2026-03-31T17:50:35.809939Z,1518906056,5368
2026-03-31T18:00:44.422513Z,1518910616,5371
2026-03-31T18:10:37.489745Z,1518914880,5400
2026-03-31T18:20:36.133793Z,1518919327,5439
2026-03-31T18:30:44.358733Z,1518923844,5483
2026-03-31T18:40:37.224683Z,1518928376,5590
2026-03-31T18:50:36.461067Z,1518933119,5626
2026-03-31T19:00:45.930879Z,1518937863,5678
2026-03-31T19:10:38.109539Z,1518943003,5716
2026-03-31T19:20:35.646509Z,1518948033,5791
2026-03-31T19:30:42.797416Z,1518952903,5842
2026-03-31T19:40:40.759241Z,1518957979,5942
2026-03-31T19:50:39.314476Z,1518962502,5936
2026-03-31T20:00:46.705490Z,1518967719,5986
2026-03-31T20:10:38.467151Z,1518972722,6021
2026-03-31T20:20:37.148431Z,1518977637,5994
2026-03-31T20:30:40.702061Z,1518982715,6063
2026-03-31T20:40:47.940712Z,1518988183,6101
2026-03-31T20:50:35.356345Z,1518993235,6146
2026-03-31T21:00:51.415966Z,1518998329,6112
2026-03-31T21:10:35.917261Z,1519003226,6030
2026-03-31T21:20:44.395593Z,1519008744,6101
2026-03-31T21:30:44.406034Z,1519013620,6030
2026-03-31T21:40:36.182873Z,1519018869,5960
2026-03-31T21:50:40.751273Z,1519023821,6059
2026-03-31T22:00:50.881832Z,1519029254,6045
2026-03-31T22:10:39.643236Z,1519034987,6062
2026-03-31T22:20:34.410648Z,1519039803,6044
2026-03-31T22:30:45.310630Z,1519045203,6040
2026-03-31T22:40:35.516367Z,1519050091,6073
2026-03-31T22:50:34.373250Z,1519055316,6072
2026-03-31T23:00:42.866982Z,1519060163,6095
2026-03-31T23:10:37.797923Z,1519064935,6023
2026-03-31T23:20:39.878419Z,1519069999,6082
2026-03-31T23:30:37.723856Z,1519074919,6053
2026-03-31T23:40:37.003237Z,1519080166,6052
2026-03-31T23:50:34.808162Z,1519085075,6005
2026-04-01T00:00:26.957627Z,1519089846,5947
2026-04-01T00:10:29.388122Z,1519094505,5982
2026-04-01T00:20:31.297653Z,1519099275,6021
2026-04-01T00:30:28.562148Z,1519104771,5962
2026-04-01T00:40:29.932757Z,1519109578,5896
2026-04-01T00:50:28.034821Z,1519114623,5847
2026-04-01T01:00:27.634116Z,1519119374,5851
2026-04-01T01:10:28.634407Z,1519124372,5742
2026-04-01T01:20:27.962706Z,1519128754,5698
2026-04-01T01:30:27.174422Z,1519133474,5655
2026-04-01T01:40:28.562370Z,1519137749,5590
2026-04-01T01:50:28.909109Z,1519142043,5477
2026-04-01T02:00:27.131463Z,1519146135,5324
2026-04-01T02:10:27.427764Z,1519150685,5159
2026-04-01T02:20:27.958437Z,1519154973,5047
2026-04-01T02:30:29.161035Z,1519159255,4987
2026-04-01T02:40:29.501799Z,1519163346,4863
2026-04-01T02:50:29.212486Z,1519167083,4772
2026-04-01T03:00:29.986515Z,1519170745,4601
2026-04-01T03:10:27.114431Z,1519174572,4554
2026-04-01T03:20:27.156712Z,1519178284,4458
2026-04-01T03:30:27.662093Z,1519181738,4401
2026-04-01T03:40:25.229207Z,1519185254,4297
2026-04-01T03:50:25.647167Z,1519188857,4177
2026-04-01T04:00:28.922715Z,1519192254,3984
2026-04-01T04:10:26.965607Z,1519195799,3899
2026-04-01T04:20:29.280263Z,1519199057,3808
2026-04-01T04:30:24.543534Z,1519201933,3737
2026-04-01T04:40:25.877521Z,1519204928,3674
2026-04-01T04:50:26.905815Z,1519207820,3576
2026-04-01T05:00:29.584196Z,1519210690,3447
2026-04-01T05:10:29.210428Z,1519213399,3363
2026-04-01T05:20:26.208778Z,1519216023,3302
2026-04-01T05:30:27.380295Z,1519218497,3225
2026-04-01T05:40:26.899184Z,1519221442,3202
2026-04-01T05:50:28.028477Z,1519223963,3152
2026-04-01T06:00:29.013669Z,1519226454,3091
2026-04-01T06:10:30.322849Z,1519228926,2953
2026-04-01T06:20:28.852491Z,1519231376,2928
2026-04-01T06:30:28.363133Z,1519233546,2858
2026-04-01T06:40:28.083508Z,1519235691,2764
2026-04-01T06:50:29.368423Z,1519238003,2766
2026-04-01T07:00:30.435981Z,1519240255,2716
2026-04-01T07:10:27.182520Z,1519242511,2684
2026-04-01T07:20:26.753524Z,1519244589,2642
2026-04-01T07:30:31.156447Z,1519246584,2591
2026-04-01T07:40:29.054408Z,1519248557,2554
2026-04-01T07:50:28.186558Z,1519250630,2552
2026-04-01T08:00:30.892325Z,1519252731,2499
2026-04-01T08:10:29.196450Z,1519254705,2492
2026-04-01T08:20:28.835440Z,1519256699,2479
2026-04-01T08:30:30.995398Z,1519258730,2462
2026-04-01T08:40:29.990013Z,1519260797,2462
2026-04-01T08:50:27.602109Z,1519262715,2448
2026-04-01T09:00:28.160359Z,1519264687,2423
2026-04-01T09:10:29.427924Z,1519266823,2445
2026-04-01T09:20:27.184870Z,1519268926,2464
2026-04-01T09:30:40.093981Z,1519270998,2536
2026-04-01T09:40:39.282175Z,1519272950,2533
2026-04-01T09:50:46.112305Z,1519275108,2543
2026-04-01T10:00:40.531672Z,1519277214,2552
2026-04-01T10:10:39.010098Z,1519279303,2613
2026-04-01T10:20:36.839292Z,1519281347,2625
2026-04-01T10:30:37.595346Z,1519283503,2607
2026-04-01T10:40:40.336632Z,1519285813,2669
2026-04-01T10:50:38.998156Z,1519288155,2777
2026-04-01T11:00:38.541327Z,1519290723,2836
2026-04-01T11:10:39.415138Z,1519293350,2896
2026-04-01T11:20:36.425050Z,1519295949,2999
2026-04-01T11:30:40.112775Z,1519298791,3092
2026-04-01T11:40:39.731080Z,1519301655,3195
2026-04-01T11:50:42.547283Z,1519304433,3200
2026-04-01T12:00:37.464542Z,1519307160,3258
2026-04-01T12:10:37.338486Z,1519310000,3270
2026-04-01T12:20:38.255948Z,1519312959,3308
2026-04-01T12:30:39.355865Z,1519315808,3433
2026-04-01T12:40:39.660896Z,1519319103,3543
2026-04-01T12:50:38.389149Z,1519322265,3661
2026-04-01T13:00:39.776341Z,1519325739,3750
2026-04-01T13:10:40.354651Z,1519329435,3817
2026-04-01T13:20:41.320722Z,1519332825,3916
2026-04-01T13:30:41.328664Z,1519336289,3978
2026-04-01T13:40:39.019766Z,1519340030,3980
2026-04-01T13:50:41.544095Z,1519343474,3999
2026-04-01T14:00:39.410035Z,1519346983,4076
2026-04-01T14:10:39.604830Z,1519351671,4316
2026-04-01T14:20:38.741326Z,1519356965,5064
2026-04-01T14:30:39.226693Z,1519363121,5285
2026-04-01T14:40:40.175601Z,1519368877,5424
2026-04-01T14:50:40.042382Z,1519374567,5466
2026-04-01T15:00:40.597223Z,1519380216,5429
2026-04-01T15:10:42.710769Z,1519386244,5519
2026-04-01T15:20:44.652125Z,1519391719,5564
2026-04-01T15:30:39.859430Z,1519396571,5559
2026-04-01T15:40:43.943771Z,1519402346,5609
2026-04-01T15:50:38.530658Z,1519407989,5595
2026-04-01T16:00:40.131156Z,1519413384,5554
2026-04-01T16:10:40.467132Z,1519418893,5549
2026-04-01T16:20:39.846434Z,1519424449,5683
2026-04-01T16:30:41.571623Z,1519429801,5740
2026-04-01T16:40:42.740195Z,1519435677,5681
2026-04-01T16:50:41.776603Z,1519440673,5786
2026-04-01T17:00:40.800862Z,1519446128,5730
2026-04-01T17:10:37.754849Z,1519452052,5735
2026-04-01T17:20:38.961465Z,1519460222,5547
2026-04-01T17:30:37.795347Z,1519466275,5870
2026-04-01T17:40:40.153619Z,1519472659,6013
2026-04-01T17:50:40.620259Z,1519478348,6055
2026-04-01T18:00:41.557011Z,1519483683,6001
2026-04-01T18:10:39.565677Z,1519489848,5943
2026-04-01T18:20:39.661612Z,1519496123,5858
2026-04-01T18:30:39.445186Z,1519501719,5893
2026-04-01T18:40:42.201779Z,1519507067,5852
2026-04-01T18:50:37.730115Z,1519512720,5859
2026-04-01T19:00:39.549033Z,1519518271,5952
2026-04-01T19:10:39.910329Z,1519524554,5981
2026-04-01T19:20:42.549439Z,1519530126,6064
2026-04-01T19:30:39.793689Z,1519535806,6076
2026-04-01T19:40:32.562179Z,1519541816,6104
2026-04-01T19:50:32.318319Z,1519547076,6045
2026-04-01T20:00:33.452697Z,1519553143,6012
2026-04-01T20:10:31.762329Z,1519558988,5989
2026-04-01T20:20:33.502174Z,1519564073,5939
2026-04-01T20:30:34.484160Z,1519570384,6049
2026-04-01T20:40:34.036236Z,1519576408,5977
2026-04-01T20:50:33.605786Z,1519581876,6082
2026-04-01T21:00:41.632470Z,1519587729,6067
2026-04-01T21:10:35.969449Z,1519593863,5900
2026-04-01T21:20:31.066610Z,1519599312,5583
2026-04-01T21:30:32.229995Z,1519604237,5419
2026-04-01T21:40:31.770053Z,1519609200,5370
2026-04-01T21:50:35.139904Z,1519614272,5287
2026-04-01T22:00:34.464759Z,1519619100,5376
2026-04-01T22:10:35.465544Z,1519623993,5340
2026-04-01T22:20:30.102674Z,1519629039,5281
2026-04-01T22:30:34.386024Z,1519633915,5281
2026-04-01T22:40:41.097885Z,1519638542,5287
2026-04-01T22:50:33.421522Z,1519643683,5270
2026-04-01T23:00:34.953371Z,1519649081,5326
2026-04-01T23:10:30.527898Z,1519653917,5279
2026-04-01T23:20:29.405065Z,1519658843,5309
2026-04-01T23:30:34.087346Z,1519663718,5240
2026-04-01T23:40:30.895447Z,1519668828,5226
2026-04-01T23:50:31.553741Z,1519673586,5224
2026-04-02T00:00:29.106159Z,1519678276,5107
2026-04-02T00:10:34.530183Z,1519683421,5029
2026-04-02T00:20:31.483906Z,1519688004,4935
2026-04-02T00:30:31.897276Z,1519692426,4921
2026-04-02T00:40:32.733127Z,1519697030,4874
2026-04-02T00:50:31.980727Z,1519701141,4776
2026-04-02T01:00:35.374431Z,1519705638,4819
2026-04-02T01:10:29.409034Z,1519710290,4825
2026-04-02T01:20:30.392990Z,1519714584,4772
2026-04-02T01:30:32.670785Z,1519718772,4838
2026-04-02T01:40:39.709234Z,1519723214,4743
2026-04-02T01:50:31.858706Z,1519727349,4754
2026-04-02T02:00:33.479602Z,1519731482,4675
2026-04-02T02:10:28.974635Z,1519736000,4477
2026-04-02T02:20:35.769238Z,1519740095,4401
2026-04-02T02:30:33.971483Z,1519743902,4313
2026-04-02T02:40:32.358653Z,1519748190,4256
2026-04-02T02:50:33.187183Z,1519751830,4105
2026-04-02T03:00:29.487155Z,1519755022,4028
2026-04-02T03:10:32.507314Z,1519759333,3965
2026-04-02T03:20:29.245994Z,1519762724,3953
2026-04-02T03:30:30.898776Z,1519766138,3836
2026-04-02T03:40:33.095542Z,1519769452,3777
2026-04-02T03:50:32.129726Z,1519772543,3716
2026-04-02T04:00:31.841749Z,1519775694,3623
2026-04-02T04:10:31.048172Z,1519778961,3490
2026-04-02T04:20:29.700694Z,1519781770,3373
2026-04-02T04:30:31.883088Z,1519784561,3287
2026-04-02T04:40:29.201212Z,1519787343,3227
2026-04-02T04:50:32.501546Z,1519790017,3158
2026-04-02T05:00:31.474585Z,1519792695,3117
2026-04-02T05:10:36.340314Z,1519795359,2996
2026-04-02T05:20:35.069639Z,1519797861,2909
2026-04-02T05:30:36.440485Z,1519800396,2891
2026-04-02T05:40:33.790275Z,1519802872,2797
2026-04-02T05:50:33.940112Z,1519805079,2742
2026-04-02T06:00:39.144914Z,1519807319,2598
2026-04-02T06:10:33.463475Z,1519809588,2475
2026-04-02T06:20:33.915744Z,1519811766,2401
2026-04-02T06:30:34.701659Z,1519813794,2416
2026-04-02T06:40:33.906568Z,1519815643,2355
2026-04-02T06:50:34.890387Z,1519817646,2287
2026-04-02T07:00:34.715703Z,1519819458,2297
2026-04-02T07:10:34.011898Z,1519821654,2242
2026-04-02T07:20:35.006391Z,1519823593,2222
2026-04-02T07:30:36.463213Z,1519825532,2267
2026-04-02T07:40:36.580385Z,1519827557,2237
2026-04-02T07:50:41.322745Z,1519829503,2248
2026-04-02T08:00:35.692669Z,1519831500,2255
2026-04-02T08:10:34.930477Z,1519833465,2227
2026-04-02T08:20:32.413643Z,1519835447,2191
2026-04-02T08:30:33.787452Z,1519837337,2179
2026-04-02T08:40:30.675585Z,1519839335,2195
2026-04-02T08:50:32.698998Z,1519841245,2226
2026-04-02T09:00:38.246852Z,1519843224,2267
2026-04-02T09:10:35.885447Z,1519845149,2220
2026-04-02T09:20:34.119074Z,1519847107,2263
2026-04-02T09:30:35.023382Z,1519849133,2311
2026-04-02T09:40:33.839248Z,1519851310,2327
2026-04-02T09:50:35.111420Z,1519853375,2333
2026-04-02T10:00:45.170028Z,1519855575,2351
2026-04-02T10:10:42.780256Z,1519857773,2417
2026-04-02T10:20:34.739749Z,1519859737,2426
2026-04-02T10:30:33.381343Z,1519862031,2422
2026-04-02T10:40:32.274533Z,1519864271,2453
2026-04-02T10:50:33.125647Z,1519866565,2506
2026-04-02T11:00:33.325545Z,1519868935,2571
2026-04-02T11:10:43.069969Z,1519871379,2611
2026-04-02T11:20:32.541454Z,1519873692,2711
2026-04-02T11:30:36.476740Z,1519876145,2746
2026-04-02T11:40:32.237123Z,1519878942,2774
2026-04-02T11:50:31.490073Z,1519881432,2888
2026-04-02T12:00:33.939991Z,1519884362,2919
2026-04-02T12:10:34.045146Z,1519887311,2986
2026-04-02T12:20:37.911583Z,1519889849,3072
2026-04-02T12:30:36.207948Z,1519893052,3187
2026-04-02T12:40:33.444638Z,1519896074,3246
2026-04-02T12:50:34.056900Z,1519899253,3374
2026-04-02T13:00:35.069413Z,1519902324,3395
2026-04-02T13:10:34.864578Z,1519905741,3445
2026-04-02T13:20:52.938224Z,1519909072,3514
2026-04-02T13:30:34.692102Z,1519912268,3636
2026-04-02T13:40:33.479857Z,1519915670,3688
2026-04-02T13:50:32.383445Z,1519919058,3663
2026-04-02T14:00:31.855150Z,1519922358,3700
2026-04-02T14:10:33.398786Z,1519925968,3871
2026-04-02T14:20:34.270990Z,1519929184,3865
2026-04-02T14:30:37.763761Z,1519932934,3948
2026-04-02T14:40:34.443242Z,1519936671,4020
2026-04-02T14:50:35.076946Z,1519940183,4111
2026-04-02T15:00:33.260467Z,1519943986,4157
2026-04-02T15:10:36.378222Z,1519947838,4210
2026-04-02T15:20:33.852000Z,1519951590,4231
2026-04-02T15:30:36.996722Z,1519955054,4318
2026-04-02T15:40:38.030574Z,1519959028,4354
2026-04-02T15:50:36.571498Z,1519962666,4378
2026-04-02T16:00:45.098935Z,1519966668,4410
2026-04-02T16:10:36.665442Z,1519970779,4536
2026-04-02T16:20:36.247192Z,1519974468,4560
2026-04-02T16:30:41.733637Z,1519978644,4567
2026-04-02T16:40:37.883091Z,1519982830,4577
2026-04-02T16:50:38.086878Z,1519986842,4605
2026-04-02T17:00:39.045297Z,1519990584,4666
2026-04-02T17:10:45.641350Z,1519995192,4770
2026-04-02T17:20:36.242258Z,1519999267,4790
2026-04-02T17:30:38.495549Z,1520003325,4856
2026-04-02T17:40:35.247068Z,1520007452,4894
2026-04-02T17:50:35.077330Z,1520011777,4877
2026-04-02T18:00:41.088084Z,1520016118,4949
2026-04-02T18:10:36.992454Z,1520020604,4907
2026-04-02T18:20:35.907291Z,1520024657,4913
2026-04-02T18:30:37.565961Z,1520028916,4890
2026-04-02T18:40:38.627275Z,1520032915,5020
2026-04-02T18:50:33.963209Z,1520037495,5073
2026-04-02T19:00:38.983809Z,1520041893,5145
2026-04-02T19:10:35.674777Z,1520046255,5270
2026-04-02T19:20:39.953198Z,1520051038,5293
2026-04-02T19:30:34.766091Z,1520056009,5370
2026-04-02T19:40:36.296814Z,1520060825,5384
2026-04-02T19:50:35.217060Z,1520065579,5493
2026-04-02T20:00:39.092531Z,1520070359,5508
2026-04-02T20:10:33.386347Z,1520075055,5547
2026-04-02T20:20:33.921702Z,1520079647,5543
2026-04-02T20:30:34.205949Z,1520084063,5529
2026-04-02T20:40:35.429169Z,1520089242,5642
2026-04-02T20:50:37.421940Z,1520094056,5646
2026-04-02T21:00:37.988545Z,1520098908,5661
2026-04-02T21:10:36.727920Z,1520104412,5675
2026-04-02T21:20:34.894059Z,1520110348,5493
2026-04-02T21:30:32.373385Z,1520115859,5627
2026-04-02T21:40:36.063240Z,1520121808,5745
2026-04-02T21:50:32.761837Z,1520127168,5899
2026-04-02T22:00:35.564853Z,1520132228,6002
2026-04-02T22:10:34.402816Z,1520137640,5990
2026-04-02T22:20:35.891574Z,1520142684,5991
2026-04-02T22:30:33.166201Z,1520147748,5973
2026-04-02T22:40:34.748027Z,1520152960,6109
2026-04-02T22:50:36.757135Z,1520158190,6040
2026-04-02T23:00:35.389076Z,1520163423,6052
2026-04-02T23:10:35.470332Z,1520168900,6018
2026-04-02T23:20:36.955133Z,1520174234,5978
2026-04-02T23:30:34.339598Z,1520179391,6014
2026-04-02T23:40:33.820146Z,1520184782,5974
2026-04-02T23:50:35.797665Z,1520189699,5934
2026-04-03T00:00:33.685429Z,1520195041,5935
2026-04-03T00:10:33.518947Z,1520200450,5829
2026-04-03T00:20:35.083466Z,1520205563,5874
2026-04-03T00:30:44.337299Z,1520210834,5813
2026-04-03T00:40:36.907343Z,1520215901,5870
2026-04-03T00:50:35.202627Z,1520220864,5879
2026-04-03T01:00:33.852180Z,1520225873,5811
2026-04-03T01:10:35.332066Z,1520231035,5843
2026-04-03T01:20:34.638677Z,1520235962,5794
2026-04-03T01:31:02.488637Z,1520240962,5810
2026-04-03T01:41:01.297722Z,1520245953,5835
2026-04-03T01:51:01.272099Z,1520251014,5815
2026-04-03T02:01:08.242341Z,1520256114,5768
2026-04-03T02:11:01.673701Z,1520260458,5681
2026-04-03T02:21:03.533828Z,1520265735,5692
2026-04-03T02:31:05.182195Z,1520270422,5573
2026-04-03T02:40:58.456480Z,1520275185,5544
2026-04-03T02:51:01.992487Z,1520279784,5495
2026-04-03T03:01:07.386252Z,1520284394,5448
2026-04-03T03:11:03.448215Z,1520288998,5373
2026-04-03T03:21:05.893083Z,1520293015,5303
2026-04-03T03:31:00.692552Z,1520297702,5188
2026-04-03T03:41:04.237672Z,1520302230,5126
2026-04-03T03:51:03.763659Z,1520306473,5025
2026-04-03T04:01:07.103990Z,1520310718,5010
2026-04-03T04:11:05.079245Z,1520315201,4978
2026-04-03T04:21:05.125994Z,1520319273,4887
2026-04-03T04:31:07.330647Z,1520323138,4768
2026-04-03T04:41:03.330752Z,1520327057,4709
2026-04-03T04:51:02.935240Z,1520330732,4652
2026-04-03T05:01:11.371815Z,1520334489,4535
2026-04-03T05:11:05.632288Z,1520338178,4386
2026-04-03T05:21:05.518102Z,1520341378,4279
2026-04-03T05:31:09.032245Z,1520345001,4132
2026-04-03T05:41:05.515765Z,1520348605,4050
2026-04-03T05:51:05.683812Z,1520352019,3947
2026-04-03T06:01:16.381180Z,1520355411,3857
2026-04-03T06:11:06.221297Z,1520358525,3752
2026-04-03T06:21:10.887894Z,1520361816,3658
2026-04-03T06:31:11.974731Z,1520364851,3590
2026-04-03T06:41:05.139073Z,1520367601,3585
2026-04-03T06:51:06.984938Z,1520370634,3541
2026-04-03T07:01:07.173763Z,1520373488,3410
2026-04-03T07:11:03.954131Z,1520376162,3332
2026-04-03T07:21:08.642550Z,1520378959,3282
2026-04-03T07:31:10.328151Z,1520381605,3250
2026-04-03T07:41:06.176198Z,1520384146,3180
2026-04-03T07:51:03.288886Z,1520386778,3147
2026-04-03T08:01:23.257384Z,1520389366,3102
2026-04-03T08:11:02.363622Z,1520391961,3037
2026-04-03T08:21:08.250479Z,1520394356,2961
2026-04-03T08:31:04.850468Z,1520396833,3010
2026-04-03T08:41:02.417785Z,1520399306,2972
2026-04-03T08:51:06.161917Z,1520401717,2945
2026-04-03T09:01:07.873522Z,1520404268,2922
2026-04-03T09:11:03.864512Z,1520406656,2898
2026-04-03T09:21:02.094591Z,1520409377,2898
2026-04-03T09:31:04.096166Z,1520411724,2920
2026-04-03T09:40:58.787284Z,1520414378,2946
2026-04-03T09:51:02.275568Z,1520416891,2985
2026-04-03T10:01:02.580637Z,1520419546,2975
2026-04-03T10:11:05.135518Z,1520422153,2978
2026-04-03T10:21:01.019836Z,1520424769,2969
2026-04-03T10:31:02.406250Z,1520427339,3070
2026-04-03T10:41:00.067467Z,1520430128,3101
2026-04-03T10:51:00.849871Z,1520432816,3140
2026-04-03T11:01:02.879887Z,1520435412,3155
2026-04-03T11:10:58.791267Z,1520438253,3269
2026-04-03T11:20:59.519395Z,1520440998,3345
2026-04-03T11:30:56.601856Z,1520444152,3461
2026-04-03T11:40:59.615527Z,1520447360,3495
2026-04-03T11:50:58.852733Z,1520450499,3613
2026-04-03T12:01:04.713187Z,1520453952,3699
2026-04-03T12:10:55.822865Z,1520457460,3764
2026-04-03T12:20:59.460537Z,1520460673,3812
2026-04-03T12:31:03.828096Z,1520464051,3841
2026-04-03T12:41:01.669546Z,1520467718,3994
2026-04-03T12:50:56.253852Z,1520471147,4144
2026-04-03T13:01:03.123429Z,1520475130,4227
2026-04-03T13:10:56.832124Z,1520479187,4387
2026-04-03T13:20:57.871593Z,1520483378,4498
2026-04-03T13:31:02.688266Z,1520487540,4568
2026-04-03T13:40:57.096886Z,1520491686,4769
2026-04-03T13:51:01.236327Z,1520496159,4885
2026-04-03T14:01:08.441497Z,1520500449,4964
2026-04-03T14:10:57.113638Z,1520504754,5013
2026-04-03T14:20:58.494624Z,1520509463,5121
2026-04-03T14:31:01.325795Z,1520514264,5332
2026-04-03T14:40:58.539450Z,1520518946,5483
2026-04-03T14:50:55.793091Z,1520523745,5631
2026-04-03T15:00:59.896230Z,1520528755,5780
2026-04-03T15:10:55.571950Z,1520533687,5876
2026-04-03T15:21:02.112823Z,1520538996,5932
2026-04-03T15:31:08.760029Z,1520544362,6061
2026-04-03T15:40:58.930765Z,1520549457,6191
2026-04-03T15:51:00.355444Z,1520555087,6329
2026-04-03T16:01:07.333828Z,1520560639,6360
2026-04-03T16:11:02.501272Z,1520566289,6423
2026-04-03T16:21:06.203887Z,1520571552,6454
2026-04-03T16:30:57.432608Z,1520577814,6342
2026-04-03T16:40:56.575267Z,1520584401,6419
2026-04-03T16:50:55.097499Z,1520590393,6498
2026-04-03T17:00:58.791346Z,1520596461,6317
2026-04-03T17:10:57.502520Z,1520602652,6420
2026-04-03T17:21:00.620866Z,1520608659,6514
2026-04-03T17:31:01.147352Z,1520614580,6598
2026-04-03T17:40:57.334593Z,1520620954,6741
2026-04-03T17:51:00.640519Z,1520626810,6782
2026-04-03T18:01:03.570073Z,1520632703,6859
2026-04-03T18:10:54.659238Z,1520639190,6930
2026-04-03T18:20:57.789454Z,1520645332,7061
2026-04-03T18:30:59.275444Z,1520651550,7067
2026-04-03T18:40:55.676693Z,1520657328,7126
2026-04-03T18:50:55.113094Z,1520664240,7249
2026-04-03T19:00:56.534193Z,1520670711,7366
2026-04-03T19:11:02.333643Z,1520677568,7423
2026-04-03T19:20:56.739812Z,1520683957,7501
2026-04-03T19:30:59.219745Z,1520690425,7524
2026-04-03T19:40:58.852128Z,1520697133,7421
2026-04-03T19:50:57.341125Z,1520703602,7455
2026-04-03T20:00:56.734612Z,1520710170,7501
2026-04-03T20:10:54.873035Z,1520717094,7529
2026-04-03T20:20:56.942885Z,1520723714,7499
2026-04-03T20:30:55.949001Z,1520730103,7518
2026-04-03T20:40:54.717585Z,1520737104,7456
2026-04-03T20:50:59.594353Z,1520743650,7462
2026-04-03T21:00:56.891850Z,1520750053,7540
2026-04-03T21:10:54.796253Z,1520756910,7418
2026-04-03T21:20:21.817384Z,1520763151,7405
2026-04-03T21:30:19.764753Z,1520769060,7424
2026-04-03T21:40:21.105160Z,1520775482,7361
2026-04-03T21:50:20.304651Z,1520782524,7335
2026-04-03T22:00:18.572190Z,1520788771,7325
2026-04-03T22:10:20.779736Z,1520796032,7216
2026-04-03T22:20:20.080845Z,1520802143,7192
2026-04-03T22:30:20.984476Z,1520807955,7155
2026-04-03T22:40:22.292165Z,1520813528,7081
2026-04-03T22:50:33.148844Z,1520820033,6897
2026-04-03T23:00:19.922776Z,1520825602,6757
2026-04-03T23:10:24.007544Z,1520831605,6736
2026-04-03T23:20:18.731407Z,1520836960,6704
2026-04-03T23:30:22.228664Z,1520842554,6736
2026-04-03T23:40:19.197673Z,1520848264,6685
2026-04-03T23:50:23.070368Z,1520854442,6650
2026-04-04T00:00:20.979007Z,1520859761,6532
2026-04-04T00:10:20.670892Z,1520865335,6417
2026-04-04T00:20:18.131978Z,1520871034,6378
2026-04-04T00:30:18.918807Z,1520876063,6322
2026-04-04T00:40:21.372178Z,1520881821,6256
2026-04-04T00:50:21.046538Z,1520886958,6219
2026-04-04T01:00:19.113897Z,1520891991,6179
2026-04-04T01:10:20.928199Z,1520897547,6260
2026-04-04T01:20:24.809409Z,1520902743,6287
2026-04-04T01:30:23.042055Z,1520908092,6264
2026-04-04T01:40:18.399579Z,1520913385,6292
2026-04-04T01:50:19.666194Z,1520918688,6198
2026-04-04T02:00:20.711594Z,1520923850,6193
2026-04-04T02:10:19.481116Z,1520929229,6170
2026-04-04T02:20:17.818043Z,1520934431,6153
2026-04-04T02:30:24.233570Z,1520939513,6066
2026-04-04T02:40:20.601807Z,1520944891,6024
2026-04-04T02:50:17.902172Z,1520950161,5957
2026-04-04T03:00:21.900041Z,1520955768,5857
2026-04-04T03:10:19.611154Z,1520960623,5875
2026-04-04T03:20:23.205203Z,1520966047,5833
2026-04-04T03:30:18.945796Z,1520970648,5833
2026-04-04T03:40:20.253966Z,1520976179,5783
2026-04-04T03:50:20.292980Z,1520981312,5781
2026-04-04T04:00:20.615561Z,1520985747,5695
2026-04-04T04:10:20.394011Z,1520991059,5622
2026-04-04T04:20:20.646842Z,1520995776,5554
2026-04-04T04:30:22.309439Z,1521000537,5484
2026-04-04T04:40:20.417127Z,1521005279,5451
2026-04-04T04:50:19.008565Z,1521009768,5344
2026-04-04T05:00:21.275865Z,1521013915,5192
2026-04-04T05:10:18.750128Z,1521018267,5102
2026-04-04T05:20:24.560490Z,1521022495,4925
2026-04-04T05:30:18.505105Z,1521026263,4860
2026-04-04T05:40:19.977027Z,1521030249,4822
2026-04-04T05:50:17.826435Z,1521033953,4654
2026-04-04T06:00:20.877727Z,1521037592,4442
2026-04-04T06:10:22.346067Z,1521041424,4384
2026-04-04T06:20:19.446056Z,1521045049,4230
2026-04-04T06:30:18.571131Z,1521048387,4157
2026-04-04T06:40:19.783237Z,1521051715,4103
2026-04-04T06:50:40.242341Z,1521055073,4047
2026-04-04T07:00:38.355496Z,1521058532,3997
2026-04-04T07:10:37.562453Z,1521062064,3937
2026-04-04T07:20:35.869382Z,1521065149,3825
2026-04-04T07:30:36.256591Z,1521068159,3765
2026-04-04T07:40:35.886180Z,1521071363,3650
2026-04-04T07:50:35.234187Z,1521074381,3631
2026-04-04T08:00:37.737520Z,1521077399,3617
2026-04-04T08:10:36.717018Z,1521080328,3507
2026-04-04T08:20:37.871153Z,1521083128,3464
2026-04-04T08:30:36.690574Z,1521086187,3435
2026-04-04T08:40:37.281429Z,1521089520,3409
2026-04-04T08:50:37.088383Z,1521092332,3423
2026-04-04T09:00:38.524191Z,1521095312,3449
2026-04-04T09:10:36.280455Z,1521098346,3465
2026-04-04T09:20:35.864874Z,1521101377,3498
2026-04-04T09:30:37.228662Z,1521104366,3514
2026-04-04T09:40:35.645474Z,1521107267,3501
2026-04-04T09:50:36.584276Z,1521110344,3565
2026-04-04T10:00:39.262016Z,1521113581,3536
2026-04-04T10:10:34.761220Z,1521116974,3634
2026-04-04T10:20:37.790211Z,1521120112,3712
2026-04-04T10:30:40.314892Z,1521123244,3721
2026-04-04T10:40:36.127415Z,1521126423,3712
2026-04-04T10:50:36.304707Z,1521129554,3745
2026-04-04T11:00:43.901884Z,1521132957,3806
2026-04-04T11:10:39.207162Z,1521136171,3839
2026-04-04T11:20:39.861433Z,1521139408,3793
2026-04-04T11:30:44.538155Z,1521142765,3862
2026-04-04T11:40:39.889221Z,1521146141,3893
2026-04-04T11:50:40.848257Z,1521149498,4029
2026-04-04T12:00:52.909190Z,1521153131,4095
2026-04-04T12:10:41.563160Z,1521156684,4100
2026-04-04T12:20:35.963176Z,1521160553,4236
2026-04-04T12:30:46.941669Z,1521164230,4266
2026-04-04T12:40:43.337286Z,1521168027,4465
2026-04-04T12:50:37.005551Z,1521171689,4517
2026-04-04T13:00:51.465172Z,1521175551,4620
2026-04-04T13:10:39.713827Z,1521179963,4768
2026-04-04T13:20:40.236035Z,1521184074,4833
2026-04-04T13:30:44.288149Z,1521188372,4981
2026-04-04T13:40:39.794753Z,1521192910,5072
2026-04-04T13:50:36.609970Z,1521197334,5155
2026-04-04T14:00:49.636915Z,1521201898,5213
2026-04-04T14:10:45.245370Z,1521206797,5248
2026-04-04T14:20:41.398891Z,1521211445,5321
2026-04-04T14:30:47.796057Z,1521216390,5430
2026-04-04T14:40:58.148144Z,1521221701,5599
2026-04-04T14:50:40.371910Z,1521226435,5610
2026-04-04T15:00:44.013999Z,1521231405,5785
2026-04-04T15:10:42.518741Z,1521236643,5904
2026-04-04T15:20:41.736766Z,1521242121,5970
2026-04-04T15:30:47.473414Z,1521247275,6069
2026-04-04T15:40:39.348340Z,1521252087,6172
2026-04-04T15:50:40.522484Z,1521258004,6276
2026-04-04T16:00:43.009665Z,1521263610,6403
2026-04-04T16:10:40.569998Z,1521269698,6479
2026-04-04T16:20:38.364852Z,1521275691,6617
2026-04-04T16:30:41.392970Z,1521281967,6685
2026-04-04T16:40:41.463937Z,1521288165,6807
2026-04-04T16:50:41.412768Z,1521294148,6867
2026-04-04T17:00:43.575988Z,1521300414,6928
2026-04-04T17:10:38.623104Z,1521306566,7063
2026-04-04T17:20:39.317655Z,1521313104,7081
2026-04-04T17:30:36.895532Z,1521319549,7236
2026-04-04T17:40:39.350120Z,1521326247,7275
2026-04-04T17:50:40.208880Z,1521333080,7375
2026-04-04T18:00:48.858339Z,1521339879,7395
2026-04-04T18:10:37.934082Z,1521346475,7429
2026-04-04T18:20:42.175680Z,1521353023,7461
2026-04-04T18:30:47.090070Z,1521359710,7576
2026-04-04T18:40:43.056216Z,1521366237,7669
2026-04-04T18:50:40.142812Z,1521373020,7644
2026-04-04T19:00:44.942247Z,1521379338,7719
2026-04-04T19:10:39.697898Z,1521386586,7699
2026-04-04T19:20:44.287479Z,1521393181,7613
2026-04-04T19:30:50.471770Z,1521399988,7610
2026-04-04T19:40:46.447718Z,1521406709,7670
2026-04-04T19:50:39.190076Z,1521413387,7715
2026-04-04T20:00:47.084300Z,1521420107,7689
2026-04-04T20:10:44.970015Z,1521426989,7690
2026-04-04T20:20:42.526573Z,1521433608,7772
2026-04-04T20:30:43.090063Z,1521440413,7883
2026-04-04T20:40:43.525232Z,1521447384,7917
2026-04-04T20:50:45.858490Z,1521453893,7858
2026-04-04T21:00:48.706533Z,1521460565,7758
2026-04-04T21:10:46.468490Z,1521467725,7646
2026-04-04T21:20:44.120729Z,1521474841,7639
2026-04-04T21:30:49.764269Z,1521481416,7579
2026-04-04T21:40:40.388785Z,1521487726,7499
2026-04-04T21:50:45.345619Z,1521494355,7494
2026-04-04T22:00:43.310863Z,1521500485,7452
2026-04-04T22:10:45.375357Z,1521506958,7422
2026-04-04T22:20:44.550596Z,1521512977,7327
2026-04-04T22:30:48.242336Z,1521519448,7278
2026-04-04T22:40:42.569872Z,1521525864,7296
2026-04-04T22:50:43.393245Z,1521532307,7271
2026-04-04T23:00:43.155759Z,1521538144,7200
2026-04-04T23:10:46.892637Z,1521545274,7160
2026-04-04T23:20:44.745336Z,1521550821,6994
2026-04-04T23:30:49.504692Z,1521557676,6974
2026-04-04T23:40:39.092323Z,1521563586,6892
2026-04-04T23:50:41.618380Z,1521569509,6764
2026-04-05T00:00:43.599161Z,1521575352,6801
2026-04-05T00:10:38.750813Z,1521581270,6680
2026-04-05T00:20:37.302790Z,1521586381,6604
2026-04-05T00:30:41.687530Z,1521591888,6576
2026-04-05T00:40:40.976261Z,1521597566,6565
2026-04-05T00:50:41.921558Z,1521603221,6516
2026-04-05T01:00:43.706253Z,1521608791,6460
2026-04-05T01:10:40.569203Z,1521614675,6443
2026-04-05T01:20:40.562659Z,1521619949,6473
2026-04-05T01:30:40.732023Z,1521625642,6375
2026-04-05T01:40:36.044325Z,1521631160,6318
2026-04-05T01:50:35.078856Z,1521636602,6332
2026-04-05T02:01:12.733611Z,1521642236,6416
2026-04-05T02:11:10.234582Z,1521647254,6302
2026-04-05T02:21:12.531327Z,1521652560,6272
2026-04-05T02:31:08.653812Z,1521657889,6137
2026-04-05T02:41:10.365454Z,1521663046,6170
2026-04-05T02:51:11.661390Z,1521668270,6124
2026-04-05T03:01:11.762471Z,1521673301,6069
2026-04-05T03:11:10.887492Z,1521678546,5961
2026-04-05T03:21:13.828439Z,1521683625,5953
2026-04-05T03:31:12.133552Z,1521688462,5870
2026-04-05T03:41:12.373437Z,1521693517,5776
2026-04-05T03:51:09.229918Z,1521698444,5736
2026-04-05T04:01:13.573439Z,1521703405,5716
2026-04-05T04:11:14.108612Z,1521708400,5576
2026-04-05T04:21:12.030561Z,1521712890,5511
2026-04-05T04:31:12.230611Z,1521717279,5507
2026-04-05T04:41:11.937069Z,1521721833,5390
2026-04-05T04:51:13.582792Z,1521726420,5330
2026-04-05T05:01:12.995516Z,1521731042,5264
2026-04-05T05:11:14.049584Z,1521735756,5198
2026-04-05T05:21:09.670666Z,1521740015,5018
2026-04-05T05:31:11.607596Z,1521744566,4962
2026-04-05T05:41:12.568830Z,1521749194,4860
2026-04-05T05:51:10.022365Z,1521753211,4737
2026-04-05T06:01:19.082909Z,1521757593,4615
2026-04-05T06:11:19.027738Z,1521761695,4548
2026-04-05T06:21:12.086695Z,1521765219,4457
2026-04-05T06:31:12.085255Z,1521769396,4390
2026-04-05T06:41:11.042099Z,1521772915,4253
2026-04-05T06:51:11.525210Z,1521776522,4161
2026-04-05T07:01:13.002398Z,1521780100,4042
2026-04-05T07:11:15.198820Z,1521783531,3968
2026-04-05T07:21:14.523395Z,1521786813,3929
2026-04-05T07:31:11.535732Z,1521790050,3919
2026-04-05T07:41:15.434706Z,1521793543,3783
2026-04-05T07:51:14.437390Z,1521796890,3734
2026-04-05T08:01:09.039592Z,1521799884,3592
2026-04-05T08:11:13.552025Z,1521802929,3556
2026-04-05T08:21:09.837222Z,1521805921,3553
2026-04-05T08:31:11.545879Z,1521808838,3527
2026-04-05T08:41:10.275289Z,1521812237,3485
2026-04-05T08:51:13.893138Z,1521815249,3496
2026-04-05T09:01:15.126331Z,1521818329,3457
2026-04-05T09:11:11.973934Z,1521821362,3408
2026-04-05T09:21:11.025348Z,1521824421,3399
2026-04-05T09:31:11.912887Z,1521827271,3420
2026-04-05T09:41:13.649165Z,1521830451,3444
2026-04-05T09:51:12.470302Z,1521833412,3545
2026-04-05T10:01:11.894538Z,1521836409,3598
2026-04-05T10:11:13.054387Z,1521839896,3551
2026-04-05T10:21:11.183417Z,1521842703,3587
2026-04-05T10:31:12.905660Z,1521845656,3539
2026-04-05T10:41:12.686008Z,1521848871,3552
2026-04-05T10:51:11.381166Z,1521852010,3593
2026-04-05T11:01:09.527436Z,1521855250,3675
2026-04-05T11:11:13.597806Z,1521858567,3723
2026-04-05T11:20:31.425040Z,1521861546,3782
2026-04-05T11:30:23.414063Z,1521864697,3785
2026-04-05T11:40:27.648029Z,1521868146,3828
2026-04-05T11:50:28.102193Z,1521871444,3938
2026-04-05T12:00:27.177423Z,1521875006,4005
2026-04-05T12:10:27.909499Z,1521878774,4036
2026-04-05T12:20:24.935363Z,1521882343,4065
2026-04-05T12:30:26.105967Z,1521885983,4136
2026-04-05T12:40:26.180100Z,1521889559,4197
2026-04-05T12:50:28.711995Z,1521893538,4333
2026-04-05T13:00:28.420119Z,1521897430,4507
2026-04-05T13:10:28.233373Z,1521901924,4561
2026-04-05T13:20:26.923359Z,1521905594,4675
2026-04-05T13:30:26.939367Z,1521909778,4792
2026-04-05T13:40:27.798054Z,1521913943,4800
2026-04-05T13:50:23.591022Z,1521918272,4900
2026-04-05T14:00:26.114186Z,1521922658,4989
2026-04-05T14:10:26.708820Z,1521927169,5089
2026-04-05T14:20:26.512023Z,1521931752,5088
2026-04-05T14:30:26.202089Z,1521936299,5218
2026-04-05T14:40:23.539636Z,1521941143,5378
2026-04-05T14:50:28.584743Z,1521945837,5564
2026-04-05T15:00:26.995629Z,1521950578,5604
2026-04-05T15:10:27.117118Z,1521955712,5829
2026-04-05T15:20:25.850641Z,1521960777,5868
2026-04-05T15:30:26.606162Z,1521965805,5909
2026-04-05T15:40:26.222292Z,1521971018,5961
2026-04-05T15:50:26.676821Z,1521976128,6024
2026-04-05T16:00:29.650928Z,1521981558,6205
2026-04-05T16:10:25.989915Z,1521987235,6241
2026-04-05T16:20:26.749204Z,1521992717,6359
2026-04-05T16:30:25.315228Z,1521998442,6537
2026-04-05T16:40:28.552924Z,1522004381,6609
2026-04-05T16:50:26.194443Z,1522010219,6668
2026-04-05T17:00:29.552906Z,1522016042,6687
2026-04-05T17:10:27.159475Z,1522022066,6776
2026-04-05T17:20:27.777699Z,1522028277,6821
2026-04-05T17:30:25.064740Z,1522033946,6881
2026-04-05T17:40:26.182897Z,1522040240,6986
2026-04-05T17:50:26.688455Z,1522046273,7079
2026-04-05T18:00:27.778059Z,1522052380,7160
2026-04-05T18:10:24.639411Z,1522059329,7205
2026-04-05T18:20:25.547872Z,1522065815,7248
2026-04-05T18:30:26.453685Z,1522072489,7358
2026-04-05T18:40:26.878634Z,1522078725,7401
2026-04-05T18:50:25.128100Z,1522084827,7421
2026-04-05T19:00:24.158476Z,1522091034,7501
2026-04-05T19:10:24.512945Z,1522098684,7579
2026-04-05T19:20:23.920838Z,1522104872,7638
2026-04-05T19:30:27.170133Z,1522111252,7648
2026-04-05T19:40:25.178355Z,1522118043,7816
2026-04-05T19:50:26.532717Z,1522124633,7840
2026-04-05T20:00:27.495791Z,1522131382,7845
2026-04-05T20:10:24.118081Z,1522137517,7798
2026-04-05T20:20:25.639585Z,1522144523,7924
2026-04-05T20:30:26.962765Z,1522151320,7950
2026-04-05T20:40:28.013670Z,1522158204,7897
2026-04-05T20:50:26.714704Z,1522164637,7856
2026-04-05T21:00:26.640068Z,1522171226,7835
2026-04-05T21:10:26.115835Z,1522178379,7766
2026-04-05T21:10:55.087873Z,1522178650,7823
2026-04-05T21:20:53.602371Z,1522185031,7766
2026-04-05T21:30:54.266502Z,1522191722,7703
2026-04-05T21:40:55.270403Z,1522198471,7632
2026-04-05T21:50:54.030758Z,1522204798,7677
2026-04-05T22:00:55.674919Z,1522211288,7701
2026-04-05T22:10:54.538086Z,1522218024,7599
2026-04-05T22:20:53.312249Z,1522224424,7461
2026-04-05T22:30:55.308277Z,1522230611,7399
2026-04-05T22:40:57.809908Z,1522236877,7302
2026-04-05T22:50:54.796534Z,1522243365,7235
2026-04-05T23:00:55.163665Z,1522249369,7093
2026-04-05T23:10:54.456022Z,1522255335,6972
2026-04-05T23:20:58.261183Z,1522261010,6877
2026-04-05T23:30:54.962231Z,1522266789,6935
2026-04-05T23:40:53.277555Z,1522272457,6915
2026-04-05T23:50:55.851862Z,1522278074,6875
2026-04-06T00:01:08.072441Z,1522283891,6801
2026-04-06T00:10:55.057694Z,1522289391,6777
2026-04-06T00:20:54.492666Z,1522294765,6664
2026-04-06T00:30:57.328287Z,1522300518,6665
2026-04-06T00:40:53.511379Z,1522305700,6653
2026-04-06T00:50:55.271340Z,1522311159,6613
2026-04-06T01:00:55.059132Z,1522316705,6565
2026-04-06T01:10:55.246802Z,1522322393,6517
2026-04-06T01:20:56.249504Z,1522327937,6517
2026-04-06T01:30:55.671893Z,1522333499,6448
2026-04-06T01:40:55.366082Z,1522339454,6293
2026-04-06T01:50:56.344544Z,1522345884,6063
2026-04-06T02:00:58.799756Z,1522352175,5725
2026-04-06T02:10:55.596876Z,1522357802,5520
2026-04-06T02:20:53.914903Z,1522363587,5473
2026-04-06T02:30:53.245192Z,1522368111,5408
2026-04-06T02:40:55.460514Z,1522372917,5463
2026-04-06T02:50:55.978837Z,1522377539,5403
2026-04-06T03:01:02.291937Z,1522381847,5344
2026-04-06T03:10:53.466955Z,1522386483,5215
2026-04-06T03:21:00.926057Z,1522390668,5117
2026-04-06T03:30:57.319507Z,1522394441,5046
2026-04-06T03:40:56.607700Z,1522398583,4948
2026-04-06T03:50:54.997970Z,1522402372,4909
2026-04-06T04:00:57.695700Z,1522406330,4750
2026-04-06T04:10:57.439458Z,1522410977,4616
2026-04-06T04:20:55.853253Z,1522416055,4561
2026-04-06T04:31:00.611283Z,1522419597,4561
2026-04-06T04:40:58.899501Z,1522423391,4461
2026-04-06T04:50:55.683902Z,1522426886,4333
2026-04-06T05:01:03.104090Z,1522430334,4232
2026-04-06T05:11:07.007191Z,1522433858,4096
2026-04-06T05:21:00.364539Z,1522437128,4051
2026-04-06T05:31:01.571452Z,1522440242,3931
2026-04-06T05:40:57.251343Z,1522443585,3866
2026-04-06T05:50:58.311975Z,1522446706,3739
2026-04-06T06:00:59.526902Z,1522449884,3660
2026-04-06T06:11:00.688830Z,1522452871,3542
2026-04-06T06:20:57.076536Z,1522455706,3467
2026-04-06T06:31:00.584436Z,1522458426,3322
2026-04-06T06:40:55.453558Z,1522461089,3304
2026-04-06T06:51:01.274532Z,1522463787,3208
2026-04-06T07:00:56.391871Z,1522466293,3159
2026-04-06T07:10:57.290904Z,1522469098,3141
2026-04-06T07:20:56.502701Z,1522471639,3048
2026-04-06T07:30:54.709867Z,1522473898,2964
2026-04-06T07:40:55.722152Z,1522476517,2885
2026-04-06T07:50:55.946867Z,1522479021,2867
2026-04-06T08:00:59.560519Z,1522481473,2806
2026-04-06T08:10:57.544889Z,1522483910,2750
2026-04-06T08:20:55.009511Z,1522486153,2726
2026-04-06T08:30:56.592343Z,1522488498,2719
2026-04-06T08:40:58.684713Z,1522491124,2753
2026-04-06T08:50:57.938376Z,1522493542,2803
2026-04-06T09:00:57.666584Z,1522495971,2755
2026-04-06T09:10:58.065817Z,1522498599,2784
2026-04-06T09:20:53.779569Z,1522501249,2771
2026-04-06T09:30:56.214144Z,1522503903,2807
2026-04-06T09:40:58.586764Z,1522506552,2876
2026-04-06T09:50:56.199777Z,1522509245,2887
2026-04-06T10:00:57.522310Z,1522511842,2945
2026-04-06T10:10:56.638442Z,1522514732,2964
2026-04-06T10:20:55.378931Z,1522517503,3037
2026-04-06T10:30:58.170046Z,1522520376,3117
2026-04-06T10:40:56.435496Z,1522523210,3224
2026-04-06T10:50:56.361535Z,1522526176,3235
2026-04-06T11:00:56.557357Z,1522529565,3333
2026-04-06T11:10:58.582238Z,1522532595,3344
2026-04-06T11:20:54.408948Z,1522535776,3403
2026-04-06T11:30:56.260441Z,1522539085,3480
2026-04-06T11:40:56.597952Z,1522542321,3494
2026-04-06T11:50:54.681101Z,1522545357,3588
2026-04-06T12:00:59.891581Z,1522548456,3576
2026-04-06T12:10:58.223399Z,1522552014,3661
2026-04-06T12:20:55.292087Z,1522555444,3738
2026-04-06T12:30:58.617418Z,1522559071,3889
2026-04-06T12:40:59.052326Z,1522562674,3989
2026-04-06T12:50:57.698754Z,1522566307,4053
2026-04-06T13:01:00.668088Z,1522570119,4154
2026-04-06T13:10:59.217725Z,1522573929,4255
2026-04-06T13:20:57.028726Z,1522578153,4273
2026-04-06T13:30:57.556916Z,1522581974,4380
2026-04-06T13:40:55.211823Z,1522586056,4434
2026-04-06T13:50:56.785746Z,1522590215,4559
2026-04-06T14:01:02.130024Z,1522594294,4581
2026-04-06T14:10:56.479303Z,1522598327,4587
2026-04-06T14:20:59.931772Z,1522602478,4656
2026-04-06T14:31:00.586266Z,1522606520,4759
2026-04-06T14:40:55.937045Z,1522610958,4845
2026-04-06T14:50:59.205223Z,1522615225,4958
2026-04-06T15:00:59.291032Z,1522619635,5100
2026-04-06T15:10:56.096873Z,1522623977,5126
2026-04-06T15:21:00.188696Z,1522628569,5222
2026-04-06T15:30:59.681710Z,1522633161,5276
2026-04-06T15:40:57.256656Z,1522637888,5413
2026-04-06T15:50:56.375199Z,1522642669,5445
2026-04-06T16:00:59.169650Z,1522647534,5525
2026-04-06T16:10:56.375316Z,1522652849,5590
2026-04-06T16:20:58.955452Z,1522657849,5667
2026-04-06T16:30:59.013677Z,1522662751,5695
2026-04-06T16:40:54.897735Z,1522667904,5746
2026-04-06T16:50:54.536081Z,1522672787,5816
2026-04-06T17:00:57.417517Z,1522678113,5902
2026-04-06T17:10:57.557243Z,1522683827,6019
2026-04-06T17:21:09.848255Z,1522688907,5971
2026-04-06T17:31:13.746805Z,1522694579,6045
2026-04-06T17:41:11.785527Z,1522700022,6224
2026-04-06T17:51:09.535889Z,1522704778,6257
2026-04-06T18:01:21.496556Z,1522710752,6312
2026-04-06T18:11:09.368276Z,1522716475,6359
2026-04-06T18:21:14.615584Z,1522722651,6391
2026-04-06T18:31:16.026870Z,1522728179,6405
2026-04-06T18:41:09.780852Z,1522733873,6446
2026-04-06T18:51:13.168335Z,1522739708,6526
2026-04-06T19:01:16.453387Z,1522745313,6651
2026-04-06T19:11:10.116442Z,1522750811,6606
2026-04-06T19:21:10.118847Z,1522756922,6697
2026-04-06T19:31:13.791464Z,1522762985,6718
2026-04-06T19:41:13.882400Z,1522768941,6779
2026-04-06T19:51:08.808233Z,1522774976,6788
2026-04-06T20:01:20.034246Z,1522781063,6816
2026-04-06T20:11:10.202209Z,1522786628,6786
2026-04-06T20:21:09.264773Z,1522792703,6813
2026-04-06T20:31:12.568536Z,1522798662,6872
2026-04-06T20:41:15.128208Z,1522805196,6941
2026-04-06T20:51:07.493984Z,1522810899,6890
2026-04-06T21:01:19.477042Z,1522816878,6929
2026-04-06T21:11:16.904655Z,1522822038,6822
2026-04-06T21:21:08.623055Z,1522828556,6756
2026-04-06T21:31:13.719084Z,1522834537,6787
2026-04-06T21:41:11.550260Z,1522840443,6765
2026-04-06T21:51:10.903257Z,1522846469,6736
2026-04-06T22:01:18.171168Z,1522852240,6651
2026-04-06T22:11:10.201684Z,1522858705,6565
2026-04-06T22:21:12.072375Z,1522864426,6587
2026-04-06T22:31:09.683118Z,1522870110,6532
2026-04-06T22:41:11.993426Z,1522876110,6442
2026-04-06T22:51:29.272353Z,1522881829,6448
2026-04-06T23:01:14.975107Z,1522886996,6426
2026-04-06T23:11:09.288558Z,1522892289,6345
2026-04-06T23:21:08.379125Z,1522897876,6417
2026-04-06T23:31:11.170670Z,1522903117,6301
2026-04-06T23:41:10.050171Z,1522908872,6448
2026-04-06T23:51:07.294635Z,1522914353,6407
2026-04-07T00:01:17.610548Z,1522919974,6288
2026-04-07T00:11:11.956216Z,1522925517,6166
2026-04-07T00:21:06.764531Z,1522930680,6165
2026-04-07T00:31:08.435545Z,1522935905,6105
2026-04-07T00:41:08.453206Z,1522940832,6043
2026-04-07T00:51:12.556937Z,1522946176,6097
2026-04-07T01:01:11.694119Z,1522951725,5958
2026-04-07T01:11:09.342743Z,1522956813,5890
2026-04-07T01:21:06.876116Z,1522962147,5825
2026-04-07T01:31:11.411047Z,1522966947,5734
2026-04-07T01:41:09.897902Z,1522971804,5598
2026-04-07T01:51:09.282468Z,1522976528,5557
2026-04-07T02:01:10.932091Z,1522981243,5466
2026-04-07T02:11:08.507561Z,1522985777,5261
2026-04-07T02:21:07.249302Z,1522990043,5172
2026-04-07T02:31:07.706633Z,1522994396,5129
2026-04-07T02:41:07.895625Z,1522998939,5038
2026-04-07T02:51:08.744673Z,1523003084,4877
2026-04-07T03:01:08.706155Z,1523007261,4719
2026-04-07T03:11:10.313753Z,1523011392,4549
2026-04-07T03:21:11.077930Z,1523015250,4481
2026-04-07T03:30:46.200424Z,1523018643,4405
2026-04-07T03:40:45.230726Z,1523022148,4216
2026-04-07T03:50:45.782683Z,1523025580,4133
2026-04-07T04:00:51.422581Z,1523029077,4058
2026-04-07T04:10:47.093598Z,1523032533,3929
2026-04-07T04:20:44.824106Z,1523035630,3832
2026-04-07T04:30:49.891972Z,1523038749,3702
2026-04-07T04:40:48.051468Z,1523041834,3664
2026-04-07T04:50:46.495730Z,1523044833,3536
2026-04-07T05:00:51.958340Z,1523047768,3482
2026-04-07T05:10:43.961287Z,1523050415,3390
2026-04-07T05:20:47.123025Z,1523053132,3320
2026-04-07T05:30:47.989032Z,1523055744,3262
2026-04-07T05:40:47.802249Z,1523058424,3275
2026-04-07T05:50:45.066047Z,1523060974,3183
2026-04-07T06:01:09.358125Z,1523063514,3115
2026-04-07T06:10:46.305145Z,1523066228,3061
2026-04-07T06:20:46.870550Z,1523068539,2951
2026-04-07T06:30:46.991026Z,1523070842,2898
2026-04-07T06:40:46.972305Z,1523073287,2815
2026-04-07T06:50:44.710506Z,1523075373,2776
2026-04-07T07:00:50.398485Z,1523077595,2750
2026-04-07T07:10:48.553130Z,1523080082,2704
2026-04-07T07:20:47.086751Z,1523082198,2639
2026-04-07T07:30:50.055397Z,1523084333,2626
2026-04-07T07:40:48.663544Z,1523086592,2549
2026-04-07T07:50:43.830244Z,1523088920,2516
2026-04-07T08:00:51.237942Z,1523091013,2492
2026-04-07T08:10:45.706103Z,1523093241,2542
2026-04-07T08:20:46.485349Z,1523095366,2496
2026-04-07T08:30:45.365355Z,1523097551,2532
2026-04-07T08:40:47.585941Z,1523099873,2601
2026-04-07T08:50:45.281291Z,1523102059,2586
2026-04-07T09:00:51.369848Z,1523104359,2599
2026-04-07T09:10:45.489661Z,1523106674,2610
2026-04-07T09:20:47.562291Z,1523109032,2631
2026-04-07T09:30:49.432092Z,1523111384,2701
2026-04-07T09:40:48.502018Z,1523113686,2727
2026-04-07T09:50:44.145964Z,1523116206,2733
2026-04-07T10:00:46.192277Z,1523118750,2783
2026-04-07T10:10:46.257582Z,1523121345,2863
2026-04-07T10:20:44.165256Z,1523123931,2844
2026-04-07T10:30:46.592164Z,1523126577,2880
2026-04-07T10:40:44.702895Z,1523129113,2884
2026-04-07T10:50:46.970081Z,1523131766,2894
2026-04-07T11:00:44.950694Z,1523134602,2968
2026-04-07T11:10:44.449351Z,1523137482,3050
2026-04-07T11:20:46.205872Z,1523140168,3042
2026-04-07T11:30:44.613327Z,1523142822,3161
2026-04-07T11:40:46.909602Z,1523145624,3220
2026-04-07T11:50:44.584012Z,1523148504,3220
2026-04-07T12:00:45.100348Z,1523151304,3263
2026-04-07T12:10:43.613377Z,1523154397,3372
2026-04-07T12:20:48.683145Z,1523157407,3371
2026-04-07T12:30:46.166469Z,1523160617,3433
2026-04-07T12:40:44.924336Z,1523163793,3546
2026-04-07T12:50:43.360753Z,1523166989,3594
2026-04-07T13:00:47.612664Z,1523170394,3690
2026-04-07T13:10:45.906863Z,1523173723,3812
2026-04-07T13:20:52.266098Z,1523177076,3877
2026-04-07T13:30:46.103264Z,1523180471,3969
2026-04-07T13:40:45.418098Z,1523184073,4042
2026-04-07T13:50:47.609894Z,1523187732,4090
2026-04-07T14:01:02.289715Z,1523191391,4155
2026-04-07T14:10:46.918067Z,1523195144,4138
2026-04-07T14:20:48.393917Z,1523198853,4158
2026-04-07T14:30:50.355394Z,1523202783,4278
2026-04-07T14:40:49.970450Z,1523206683,4341
2026-04-07T14:50:49.968461Z,1523210572,4351
2026-04-07T15:00:57.499790Z,1523214157,4431
2026-04-07T15:10:48.915173Z,1523218290,4434
2026-04-07T15:20:47.231905Z,1523222174,4517
2026-04-07T15:30:47.276132Z,1523226095,4523
2026-04-07T15:40:46.192861Z,1523230084,4722
2026-04-07T15:50:52.477914Z,1523234021,4776
2026-04-07T16:00:54.527901Z,1523238439,4834
2026-04-07T16:10:48.458010Z,1523242795,4863
2026-04-07T16:20:48.905986Z,1523247069,4860
2026-04-07T16:30:49.497206Z,1523251641,5020
2026-04-07T16:40:48.394289Z,1523256207,5071
2026-04-07T16:50:52.352838Z,1523260678,5107
2026-04-07T17:00:58.795198Z,1523265247,5204
2026-04-07T17:10:46.143893Z,1523269975,5210
2026-04-07T17:20:50.160635Z,1523274633,5319
2026-04-07T17:30:55.744860Z,1523279473,5418
2026-04-07T17:40:50.643047Z,1523284501,5534
2026-04-07T17:50:51.980498Z,1523289599,5570
2026-04-07T18:01:04.536618Z,1523294802,5650
2026-04-07T18:10:49.484777Z,1523299631,5699
2026-04-07T18:20:50.164227Z,1523304471,5684
2026-04-07T18:30:52.391877Z,1523309299,5682
2026-04-07T18:40:50.243888Z,1523314362,5736
2026-04-07T18:50:48.920214Z,1523319318,5783
2026-04-07T19:00:59.464400Z,1523324379,5894
2026-04-07T19:10:51.423460Z,1523329670,5866
2026-04-07T19:20:54.406405Z,1523334741,5933
2026-04-07T19:30:48.620882Z,1523339736,6015
2026-04-07T19:40:47.799619Z,1523344870,6085
2026-04-07T19:50:49.322007Z,1523350255,6089
2026-04-07T20:00:52.886011Z,1523355254,6169
2026-04-07T20:10:50.368773Z,1523361086,6068
2026-04-07T20:20:49.250693Z,1523366474,6127
2026-04-07T20:30:49.696962Z,1523371873,6231
2026-04-07T20:40:50.096912Z,1523377383,6282
2026-04-07T20:50:47.242003Z,1523382845,6242
2026-04-07T21:00:55.921205Z,1523388296,6206
2026-04-07T21:10:45.466249Z,1523393745,6210
2026-04-07T21:20:44.130235Z,1523398977,6199
2026-04-07T21:30:51.463481Z,1523404462,6170
2026-04-07T21:40:45.266589Z,1523409709,6162
2026-04-07T21:50:48.429673Z,1523414831,6164
2026-04-07T22:00:52.061690Z,1523420319,6231
2026-04-07T22:10:46.357489Z,1523426338,6170
2026-04-07T22:20:45.977160Z,1523431755,6067
2026-04-07T22:30:49.273423Z,1523437206,6035
2026-04-07T22:40:49.995718Z,1523442629,5968
2026-04-07T22:50:47.760017Z,1523447702,5981
2026-04-07T23:00:54.437264Z,1523453050,6060
2026-04-07T23:10:47.350441Z,1523458167,6003
2026-04-07T23:20:45.492224Z,1523463474,5992
2026-04-07T23:30:44.859585Z,1523468841,5945
2026-04-07T23:40:46.987828Z,1523474169,5963
2026-04-07T23:50:44.727545Z,1523479095,5984
2026-04-08T00:00:48.603403Z,1523484076,5947
2026-04-08T00:10:49.065686Z,1523489178,5844
2026-04-08T00:20:45.702733Z,1523494023,5780
2026-04-08T00:30:37.902224Z,1523498609,5694
2026-04-08T00:40:36.033283Z,1523503325,5705
2026-04-08T00:50:40.313874Z,1523508124,5671
2026-04-08T01:00:41.535805Z,1523513068,5707
2026-04-08T01:10:40.061545Z,1523517970,5628
2026-04-08T01:20:41.198810Z,1523522687,5598
2026-04-08T01:30:39.861913Z,1523527607,5552
2026-04-08T01:40:38.583408Z,1523532565,5532
2026-04-08T01:50:39.605449Z,1523537329,5529
2026-04-08T02:00:41.214607Z,1523541966,5522
2026-04-08T02:10:37.959380Z,1523546716,5350
2026-04-08T02:20:39.209735Z,1523551103,5206
2026-04-08T02:30:38.932417Z,1523555392,5115
2026-04-08T02:40:38.940414Z,1523559665,4983
2026-04-08T02:50:36.940083Z,1523563120,4823
2026-04-08T03:00:44.854319Z,1523567629,4744
2026-04-08T03:10:39.831505Z,1523571687,4556
2026-04-08T03:20:38.760007Z,1523575248,4419
2026-04-08T03:30:40.429961Z,1523578959,4335
2026-04-08T03:40:41.568067Z,1523582477,4205
2026-04-08T03:50:39.566742Z,1523586054,4113
2026-04-08T04:00:43.139286Z,1523589406,4026
2026-04-08T04:10:38.918415Z,1523592842,3910
2026-04-08T04:20:39.858635Z,1523595949,3847
2026-04-08T04:30:43.994383Z,1523599046,3721
2026-04-08T04:40:39.224052Z,1523602124,3662
2026-04-08T04:50:39.229107Z,1523605257,3581
2026-04-08T05:00:44.112635Z,1523608126,3503
2026-04-08T05:10:39.720608Z,1523611030,3364
2026-04-08T05:20:40.409758Z,1523613768,3198
2026-04-08T05:30:40.628179Z,1523616096,3214
2026-04-08T05:40:42.438537Z,1523618959,3127
2026-04-08T05:50:39.018506Z,1523621379,3044
2026-04-08T06:00:42.490440Z,1523623646,2920
2026-04-08T06:10:38.270259Z,1523626040,2854
2026-04-08T06:20:42.178119Z,1523628238,2820
2026-04-08T06:30:42.075271Z,1523630469,2789
2026-04-08T06:40:40.155032Z,1523632546,2741
2026-04-08T06:50:36.685484Z,1523634570,2665
2026-04-08T07:00:44.434058Z,1523636662,2640
2026-04-08T07:11:36.458241Z,1523639019,2582
2026-04-08T07:20:43.818090Z,1523640863,2554
2026-04-08T07:30:40.927516Z,1523642917,2546
2026-04-08T07:40:40.821124Z,1523644936,2498
2026-04-08T07:50:40.437998Z,1523646963,2469
2026-04-08T08:00:42.627785Z,1523649020,2462
2026-04-08T08:10:42.172523Z,1523650969,2441
2026-04-08T08:20:41.172047Z,1523652998,2396
2026-04-08T08:30:39.555929Z,1523655100,2421
2026-04-08T08:40:40.186752Z,1523657238,2416
2026-04-08T08:50:41.425363Z,1523659039,2382
2026-04-08T09:00:41.186543Z,1523661186,2444
2026-04-08T09:10:37.699794Z,1523663289,2484
2026-04-08T09:20:41.428552Z,1523665246,2453
2026-04-08T09:30:38.300076Z,1523667411,2476
2026-04-08T09:40:40.056264Z,1523669636,2486
2026-04-08T09:50:41.652022Z,1523671790,2567
2026-04-08T10:00:40.225872Z,1523673915,2588
2026-04-08T10:10:38.985735Z,1523676238,2654
2026-04-08T10:20:38.432442Z,1523678566,2661
2026-04-08T10:30:48.690315Z,1523681006,2709
2026-04-08T10:40:46.009493Z,1523683296,2729
2026-04-08T10:50:51.243191Z,1523685960,2750
2026-04-08T11:00:50.753232Z,1523688329,2821
2026-04-08T11:10:47.443883Z,1523690885,2846
2026-04-08T11:20:47.848045Z,1523693593,2915
2026-04-08T11:30:47.434034Z,1523696276,2988
2026-04-08T11:40:47.311017Z,1523699245,3063
2026-04-08T11:50:51.245779Z,1523702066,3130
2026-04-08T12:00:47.950273Z,1523704931,3223
2026-04-08T12:10:46.041367Z,1523707999,3254
2026-04-08T12:20:48.696046Z,1523711039,3402
2026-04-08T12:30:49.450511Z,1523714050,3434
2026-04-08T12:40:46.848738Z,1523717255,3547
2026-04-08T12:50:51.311310Z,1523720671,3671
2026-04-08T13:00:47.038961Z,1523724148,3738
2026-04-08T13:10:47.861314Z,1523727721,3850
2026-04-08T13:20:50.962458Z,1523731265,3968
2026-04-08T13:30:48.212761Z,1523734746,3962
2026-04-08T13:40:47.593917Z,1523738320,4030
2026-04-08T13:50:49.449041Z,1523742069,4083
2026-04-08T14:00:53.628676Z,1523745671,4156
2026-04-08T14:10:49.877560Z,1523749285,4203
2026-04-08T14:20:51.406454Z,1523753184,4280
2026-04-08T14:30:51.852696Z,1523756866,4397
2026-04-08T14:40:52.015668Z,1523760900,4465
2026-04-08T14:50:47.899716Z,1523764643,4558
2026-04-08T15:00:59.420246Z,1523768648,4593
2026-04-08T15:10:58.010854Z,1523772779,4615
2026-04-08T15:20:57.009267Z,1523776726,4686
2026-04-08T15:30:59.440183Z,1523780810,4761
2026-04-08T15:41:02.465311Z,1523784666,4817
2026-04-08T15:51:00.871636Z,1523788194,4823
2026-04-08T16:01:04.049415Z,1523792565,4945
2026-04-08T16:10:48.926344Z,1523796961,4913
2026-04-08T16:20:47.102984Z,1523801013,4982
2026-04-08T16:30:49.762930Z,1523805123,4983
2026-04-08T16:40:49.006352Z,1523809405,5042
2026-04-08T16:50:46.773931Z,1523813549,5007
2026-04-08T17:00:50.078032Z,1523817993,5042
2026-04-08T17:10:47.649395Z,1523822546,5103
2026-04-08T17:20:47.910998Z,1523827004,5192
2026-04-08T17:30:49.852922Z,1523831675,5295
2026-04-08T17:40:45.016355Z,1523836276,5363
2026-04-08T17:50:53.459907Z,1523840874,5408
2026-04-08T18:01:13.789800Z,1523845682,5425
2026-04-08T18:10:57.761936Z,1523850152,5449
2026-04-08T18:20:58.758723Z,1523854642,5459
2026-04-08T18:31:20.919377Z,1523859684,5526
2026-04-08T18:40:56.173995Z,1523864211,5529
2026-04-08T18:50:53.803920Z,1523869051,5640
2026-04-08T19:00:47.655922Z,1523874018,5779
2026-04-08T19:11:07.518782Z,1523879310,5765
2026-04-08T19:21:01.600492Z,1523884198,5767
2026-04-08T19:30:50.726001Z,1523888956,5768
2026-04-08T19:41:04.837823Z,1523894030,5784
2026-04-08T19:50:46.485638Z,1523898586,5775
2026-04-08T20:00:46.300240Z,1523903665,5758
2026-04-08T20:10:47.080202Z,1523908650,5714
2026-04-08T20:20:46.907009Z,1523913818,5812
2026-04-08T20:30:46.300895Z,1523918803,5849
2026-04-08T20:40:44.681861Z,1523924013,5900
2026-04-08T20:50:50.815660Z,1523929133,5909
2026-04-08T21:00:46.113680Z,1523934191,6006
2026-04-08T21:10:41.514752Z,1523939628,5965
2026-04-08T21:20:39.757868Z,1523945007,5960
2026-04-08T21:30:43.619665Z,1523949910,6004
2026-04-08T21:40:42.074461Z,1523954891,6006
2026-04-08T21:50:41.106375Z,1523959948,6105
2026-04-08T22:00:44.126005Z,1523965123,6133
2026-04-08T22:10:42.001373Z,1523970870,6022
2026-04-08T22:20:38.523766Z,1523975785,6030
2026-04-08T22:30:40.986412Z,1523980930,5992
2026-04-08T22:40:42.116878Z,1523986147,5941
2026-04-08T22:50:40.593562Z,1523991298,5897
2026-04-08T23:00:41.681638Z,1523996200,5878
2026-04-08T23:10:45.913299Z,1524001533,5840
2026-04-08T23:20:40.915599Z,1524006378,5792
2026-04-08T23:30:38.960763Z,1524011120,5835
2026-04-08T23:40:40.443401Z,1524016459,5907
2026-04-08T23:50:42.598997Z,1524021547,5865
2026-04-09T00:00:46.559045Z,1524026781,5875
2026-04-09T00:10:39.058639Z,1524032002,5836
2026-04-09T00:20:40.857260Z,1524036811,5781
2026-04-09T00:30:39.851114Z,1524041768,5791
2026-04-09T00:40:41.774131Z,1524046774,5759
2026-04-09T00:50:42.829662Z,1524051389,5806
2026-04-09T01:00:41.376640Z,1524056974,5720
2026-04-09T01:10:41.243576Z,1524062325,5690
2026-04-09T01:20:42.664939Z,1524067019,5605
2026-04-09T01:30:42.163338Z,1524071656,5533
2026-04-09T01:40:41.802531Z,1524076728,5437
2026-04-09T01:50:40.624402Z,1524081425,5322
2026-04-09T02:00:43.306905Z,1524086013,5208
2026-04-09T02:10:43.942681Z,1524090670,5151
2026-04-09T02:20:39.943549Z,1524094864,5034
2026-04-09T02:30:42.022116Z,1524099087,5003
2026-04-09T02:40:38.902403Z,1524103329,4796
2026-04-09T02:50:42.702392Z,1524108599,4628
2026-04-09T03:00:39.932518Z,1524112422,4562
2026-04-09T03:10:39.968948Z,1524116358,4446
2026-04-09T03:20:43.180554Z,1524120097,4354
2026-04-09T03:30:40.703172Z,1524123685,4315
2026-04-09T03:40:39.407444Z,1524126812,4163
2026-04-09T03:50:39.531619Z,1524130147,4109
2026-04-09T04:00:44.415814Z,1524133636,3944
2026-04-09T04:10:40.030479Z,1524137009,3882
2026-04-09T04:20:42.235912Z,1524140227,3770
2026-04-09T04:30:41.000937Z,1524143235,3672
2026-04-09T04:40:41.829897Z,1524146248,3611
2026-04-09T04:50:44.926133Z,1524149126,3584
2026-04-09T05:00:44.195837Z,1524152272,3480
2026-04-09T05:10:43.673471Z,1524155073,3385
2026-04-09T05:20:40.787751Z,1524157824,3336
2026-04-09T05:30:41.439793Z,1524160676,3257
2026-04-09T05:40:43.627301Z,1524163753,3176
2026-04-09T05:50:41.065548Z,1524166398,3147
2026-04-09T06:00:43.280079Z,1524168939,3050
2026-04-09T06:10:42.874858Z,1524171527,2957
2026-04-09T06:20:41.660856Z,1524174021,2861
2026-04-09T06:30:40.081083Z,1524176177,2797
2026-04-09T06:40:40.008834Z,1524178359,2696
2026-04-09T06:50:41.560387Z,1524180515,2649
2026-04-09T07:00:42.228870Z,1524182693,2601
2026-04-09T07:10:40.510677Z,1524184965,2628
2026-04-09T07:20:47.180869Z,1524187142,2566
2026-04-09T07:30:48.190208Z,1524189256,2544
2026-04-09T07:40:50.267098Z,1524191487,2515
2026-04-09T07:50:52.752440Z,1524193556,2529
2026-04-09T08:00:48.588228Z,1524195803,2514
2026-04-09T08:10:44.850763Z,1524197802,2537
2026-04-09T08:20:44.301765Z,1524199882,2467
2026-04-09T08:30:47.015765Z,1524202007,2509
2026-04-09T08:40:55.618663Z,1524204334,2501
2026-04-09T08:50:48.606711Z,1524206279,2535
2026-04-09T09:00:49.472575Z,1524208400,2517
2026-04-09T09:10:47.919189Z,1524210515,2478
2026-04-09T09:20:45.237695Z,1524212621,2550
2026-04-09T09:30:45.010972Z,1524214939,2550
2026-04-09T09:40:47.294496Z,1524217161,2605
2026-04-09T09:50:48.259671Z,1524219555,2625
2026-04-09T10:00:46.417881Z,1524221901,2631
2026-04-09T10:10:46.519760Z,1524224466,2665
2026-04-09T10:11:07.547086Z,1524224542,2665
2026-04-09T10:21:00.691514Z,1524227025,2734
2026-04-09T10:31:02.606209Z,1524229704,2738
2026-04-09T10:41:03.985093Z,1524232251,2781
2026-04-09T10:51:12.475864Z,1524234913,2798
2026-04-09T11:01:08.929914Z,1524237511,2850
2026-04-09T11:11:02.806682Z,1524240180,2884
2026-04-09T11:21:05.184930Z,1524242710,2937
2026-04-09T11:31:05.420578Z,1524245513,2985
2026-04-09T11:41:03.600276Z,1524248337,3050
2026-04-09T11:51:06.078084Z,1524251215,3150
2026-04-09T12:01:09.067836Z,1524254182,3219
2026-04-09T12:11:01.519673Z,1524257209,3236
2026-04-09T12:21:02.790953Z,1524260662,3309
2026-04-09T12:31:04.719446Z,1524263863,3402
2026-04-09T12:41:00.919984Z,1524267136,3485
2026-04-09T12:51:12.460811Z,1524270613,3544
2026-04-09T13:01:06.696371Z,1524274087,3670
2026-04-09T13:11:02.825370Z,1524277786,3698
2026-04-09T13:21:06.253651Z,1524281248,3827
2026-04-09T13:31:07.414954Z,1524284903,3887
2026-04-09T13:41:09.011846Z,1524288627,3974
2026-04-09T13:51:04.232606Z,1524292257,4075
2026-04-09T14:01:13.389333Z,1524295817,4223
2026-04-09T14:11:03.744442Z,1524300067,4266
2026-04-09T14:21:01.909503Z,1524303890,4300
2026-04-09T14:31:05.545009Z,1524307709,4427
2026-04-09T14:41:05.375899Z,1524311462,4513
2026-04-09T14:51:05.646684Z,1524314978,4520
2026-04-09T15:01:09.102246Z,1524319153,4535
2026-04-09T15:11:06.213884Z,1524323047,4515
2026-04-09T15:21:06.617859Z,1524326908,4538
2026-04-09T15:31:06.227854Z,1524330953,4607
2026-04-09T15:41:04.610935Z,1524334433,4704
2026-04-09T15:51:03.729628Z,1524338926,4819
2026-04-09T16:01:12.664025Z,1524343112,4880
2026-04-09T16:11:03.120137Z,1524347390,4949
2026-04-09T16:21:05.730337Z,1524351611,4962
2026-04-09T16:31:05.891596Z,1524355816,5080
2026-04-09T16:41:04.800181Z,1524360079,5123
2026-04-09T16:51:06.048046Z,1524364231,5164
2026-04-09T17:01:05.760546Z,1524368476,5139
2026-04-09T17:11:01.293862Z,1524372861,5209
2026-04-09T17:21:11.035912Z,1524377205,5228
2026-04-09T17:31:06.576175Z,1524381433,5272
2026-04-09T17:41:03.499693Z,1524386068,5381
2026-04-09T17:51:04.476212Z,1524390698,5486
2026-04-09T18:00:58.625902Z,1524395177,5429
2026-04-09T18:10:55.677249Z,1524400013,5494
2026-04-09T18:20:54.060869Z,1524404907,5480
2026-04-09T18:30:58.192388Z,1524409701,5546
2026-04-09T18:40:54.441012Z,1524414498,5564
2026-04-09T18:50:54.661732Z,1524419059,5651
2026-04-09T19:00:56.962727Z,1524424063,5739
2026-04-09T19:10:55.309670Z,1524429791,5770
2026-04-09T19:20:52.988245Z,1524434767,5846
2026-04-09T19:30:54.957083Z,1524439925,5883
2026-04-09T19:41:00.990922Z,1524445150,5916
2026-04-09T19:50:55.332944Z,1524450112,5980
2026-04-09T20:01:06.999696Z,1524455575,6054
2026-04-09T20:10:57.244485Z,1524460901,5918
2026-04-09T20:20:52.706789Z,1524465938,5945
2026-04-09T20:30:54.957893Z,1524471110,6063
2026-04-09T20:40:56.613099Z,1524476278,6088
2026-04-09T20:50:52.627491Z,1524481274,6152
2026-04-09T21:00:57.377316Z,1524486366,6149
2026-04-09T21:10:54.224339Z,1524492252,6107
2026-04-09T21:20:55.213120Z,1524497353,6070
2026-04-09T21:30:59.276408Z,1524502315,6009
2026-04-09T21:40:55.193416Z,1524507690,5989
2026-04-09T21:50:56.163727Z,1524512737,5939
2026-04-09T22:00:55.435794Z,1524517914,5828
2026-04-09T22:10:54.899959Z,1524523111,5759
2026-04-09T22:20:54.434864Z,1524528263,5776
2026-04-09T22:30:59.256350Z,1524533296,5763
2026-04-09T22:40:55.613410Z,1524538493,5787
2026-04-09T22:50:55.656694Z,1524543529,5826
2026-04-09T23:01:02.063879Z,1524548709,5813
2026-04-09T23:10:55.590931Z,1524553923,5736
2026-04-09T23:20:54.670533Z,1524558789,5737
2026-04-09T23:30:58.071515Z,1524563747,5734
2026-04-09T23:40:52.084094Z,1524568684,5705
2026-04-09T23:50:57.340869Z,1524573770,5719
2026-04-10T00:00:57.564218Z,1524578491,5767
2026-04-10T00:10:51.318635Z,1524583605,5699
2026-04-10T00:20:59.539060Z,1524588267,5663
2026-04-10T00:30:53.019091Z,1524592787,5673
2026-04-10T00:40:51.080957Z,1524597799,5714
2026-04-10T00:50:55.383908Z,1524602852,5727
2026-04-10T01:00:52.262083Z,1524607486,5666
2026-04-10T01:10:55.745013Z,1524612648,5559
2026-04-10T01:20:53.869265Z,1524617049,5568
2026-04-10T01:30:56.438715Z,1524621553,5524
2026-04-10T01:40:51.496805Z,1524626403,5407
2026-04-10T01:50:51.090640Z,1524630786,5385
2026-04-10T02:00:55.248520Z,1524635291,5349
2026-04-10T02:10:53.231952Z,1524639781,5243
2026-04-10T02:20:50.989741Z,1524644121,5170
2026-04-10T02:30:52.479803Z,1524648205,5042
2026-04-10T02:40:53.944445Z,1524652675,4992
2026-04-10T02:50:53.077115Z,1524656706,4935
2026-04-10T03:00:50.420261Z,1524660865,4877
2026-04-10T03:10:54.552182Z,1524665024,4704
2026-04-10T03:20:54.519026Z,1524668741,4597
2026-04-10T03:30:51.318636Z,1524672594,4545
2026-04-10T03:40:53.964879Z,1524676431,4411
2026-04-10T03:50:55.018343Z,1524679922,4306
2026-04-10T04:00:54.658338Z,1524683264,4201
2026-04-10T04:10:56.533655Z,1524686827,4148
2026-04-10T04:20:54.016345Z,1524690207,4046
2026-04-10T04:31:10.989472Z,1524693194,3949
2026-04-10T04:41:07.937986Z,1524696585,3809
2026-04-10T04:51:08.282084Z,1524699750,3715
2026-04-10T05:01:15.659303Z,1524702566,3659
2026-04-10T05:11:08.297631Z,1524705704,3576
2026-04-10T05:21:19.242589Z,1524708604,3485
2026-04-10T05:31:12.810947Z,1524711696,3438
2026-04-10T05:41:09.722198Z,1524714746,3339
2026-04-10T05:51:07.573485Z,1524717526,3240
2026-04-10T06:01:20.683852Z,1524720042,3141
2026-04-10T06:11:06.317170Z,1524722717,3031
2026-04-10T06:21:04.427008Z,1524725157,2981
2026-04-10T06:31:11.260993Z,1524727759,2843
2026-04-10T06:41:06.316701Z,1524730029,2847
2026-04-10T06:51:09.008099Z,1524732376,2784
2026-04-10T07:01:12.359990Z,1524734649,2733
2026-04-10T07:11:04.595797Z,1524736990,2761
2026-04-10T07:21:06.718241Z,1524739297,2713
2026-04-10T07:31:09.916174Z,1524741364,2724
2026-04-10T07:41:08.676730Z,1524743803,2651
2026-04-10T07:51:06.386466Z,1524746152,2677
2026-04-10T08:01:21.022165Z,1524748496,2619
2026-04-10T08:11:07.201870Z,1524750529,2597
2026-04-10T08:21:07.168604Z,1524752898,2583
2026-04-10T08:31:09.481634Z,1524755021,2550
2026-04-10T08:41:06.251325Z,1524757362,2544
2026-04-10T08:51:07.923129Z,1524759586,2502
2026-04-10T09:01:13.560387Z,1524761727,2483
2026-04-10T09:11:07.169583Z,1524764025,2484
2026-04-10T09:21:05.389641Z,1524766215,2505
2026-04-10T09:31:09.538865Z,1524768351,2502
2026-04-10T09:41:06.729220Z,1524770658,2543
2026-04-10T09:51:09.400096Z,1524772727,2536
2026-04-10T10:01:12.976768Z,1524774975,2564
2026-04-10T10:11:08.857056Z,1524777304,2630
2026-04-10T10:21:07.731292Z,1524779523,2673
2026-04-10T10:31:06.856001Z,1524781955,2693
2026-04-10T10:41:10.569142Z,1524784420,2731
2026-04-10T10:51:05.947696Z,1524786763,2773
2026-04-10T11:01:09.086694Z,1524789401,2848
2026-04-10T11:11:07.640503Z,1524792073,2983
2026-04-10T11:21:06.298789Z,1524794651,3041
2026-04-10T11:31:06.673827Z,1524797777,3050
2026-04-10T11:41:06.519623Z,1524800816,3166
2026-04-10T11:51:04.339378Z,1524803857,3136
2026-04-10T12:01:09.373664Z,1524806900,3243
2026-04-10T12:11:06.202077Z,1524810130,3255
2026-04-10T12:21:08.198904Z,1524813185,3378
2026-04-10T12:31:05.655175Z,1524816293,3422
2026-04-10T12:41:04.085797Z,1524819397,3534
2026-04-10T12:51:07.046397Z,1524822374,3613
2026-04-10T13:01:06.451497Z,1524826225,3688
2026-04-10T13:11:08.902067Z,1524829741,3878
2026-04-10T13:21:04.805281Z,1524833329,3972
2026-04-10T13:31:04.717411Z,1524837247,4104
2026-04-10T13:41:05.161954Z,1524841195,4148
2026-04-10T13:51:07.950741Z,1524845135,4290
2026-04-10T14:01:07.140111Z,1524849066,4408
2026-04-10T14:11:09.510154Z,1524852841,4447
2026-04-10T14:21:06.591119Z,1524857055,4578
2026-04-10T14:31:06.984711Z,1524861258,4660
2026-04-10T14:41:06.667574Z,1524865821,4765
2026-04-10T14:51:07.428853Z,1524870103,4713
2026-04-10T15:01:05.818277Z,1524874388,4725
2026-04-10T15:11:03.680821Z,1524879027,4821
2026-04-10T15:21:01.981639Z,1524883233,4947
2026-04-10T15:31:05.267217Z,1524888020,4984
2026-04-10T15:41:07.900257Z,1524892639,5055
2026-04-10T15:51:00.571326Z,1524897127,5115
2026-04-10T16:01:03.795692Z,1524901292,5085
2026-04-10T16:11:03.273723Z,1524906701,5020
2026-04-10T16:21:03.045755Z,1524910869,4971
2026-04-10T16:31:07.118614Z,1524915401,5048
2026-04-10T16:40:59.832964Z,1524920067,5054
2026-04-10T16:51:05.202340Z,1524924495,5149
2026-04-10T17:01:01.519706Z,1524928879,5256
2026-04-10T17:11:01.132277Z,1524933425,5261
2026-04-10T17:21:04.915884Z,1524937996,5259
2026-04-10T17:31:00.367916Z,1524942374,5263
2026-04-10T17:41:00.910405Z,1524947550,5365
2026-04-10T17:51:04.101605Z,1524952325,5327
2026-04-10T18:01:07.175373Z,1524957046,5375
2026-04-10T18:11:01.432652Z,1524962283,5408
2026-04-10T18:21:03.472501Z,1524967193,5472
2026-04-10T18:31:03.646462Z,1524972000,5513
2026-04-10T18:41:04.644752Z,1524976964,5561
2026-04-10T18:51:02.822755Z,1524982006,5752
2026-04-10T19:01:03.275939Z,1524987040,5830
2026-04-10T19:11:02.393672Z,1524992462,5897
2026-04-10T19:21:01.678383Z,1524997257,5927
2026-04-10T19:31:02.548866Z,1525002443,6003
2026-04-10T19:41:00.669261Z,1525007891,6068
2026-04-10T19:51:01.876667Z,1525012895,6158
2026-04-10T20:01:01.607472Z,1525017862,6283
2026-04-10T20:11:04.435959Z,1525024033,6289
2026-04-10T20:21:01.210468Z,1525029615,6366
2026-04-10T20:31:04.041498Z,1525035175,6457
2026-04-10T20:41:02.269226Z,1525041198,6521
2026-04-10T20:51:04.458497Z,1525047130,6616
2026-04-10T21:01:01.034158Z,1525052858,6669
2026-04-10T21:11:03.942032Z,1525058919,6659
2026-04-10T21:20:59.154350Z,1525064491,6567
2026-04-10T21:30:58.760047Z,1525070044,6587
2026-04-10T21:40:58.547287Z,1525075864,6572
2026-04-10T21:50:59.944019Z,1525081344,6533
2026-04-10T22:01:02.051406Z,1525086931,6465
2026-04-10T22:11:00.923935Z,1525092837,6296
2026-04-10T22:21:02.321901Z,1525098141,6287
2026-04-10T22:31:00.111896Z,1525103929,6292
2026-04-10T22:40:58.754388Z,1525109470,6287
2026-04-10T22:50:58.517977Z,1525115101,6287
2026-04-10T23:01:00.548963Z,1525120673,6331
2026-04-10T23:11:02.050273Z,1525126189,6305
2026-04-10T23:21:00.384267Z,1525131383,6275
2026-04-10T23:30:59.668463Z,1525136695,6193
2026-04-10T23:41:01.921355Z,1525142445,6169
2026-04-10T23:50:59.795158Z,1525147752,6118
2026-04-11T00:01:05.846592Z,1525152773,6070
2026-04-11T00:11:00.271312Z,1525158411,5974
2026-04-11T00:21:00.633893Z,1525163716,5932
2026-04-11T00:31:03.985492Z,1525168833,5945
2026-04-11T00:41:03.279316Z,1525173963,6002
2026-04-11T00:51:01.245072Z,1525178987,5904
2026-04-11T01:01:00.599980Z,1525184244,5881
2026-04-11T01:10:45.980915Z,1525189493,5908
2026-04-11T01:20:48.134073Z,1525194668,5902
2026-04-11T01:30:48.283868Z,1525199694,5912
2026-04-11T01:40:47.166484Z,1525205155,5903
2026-04-11T01:50:42.988023Z,1525210151,5917
2026-04-11T02:00:57.410788Z,1525215041,5836
2026-04-11T02:10:47.318211Z,1525220085,5724
2026-04-11T02:20:45.843838Z,1525224984,5654
2026-04-11T02:30:51.132033Z,1525229708,5663
2026-04-11T02:40:46.904974Z,1525235305,5617
2026-04-11T02:50:47.974134Z,1525240181,5635
2026-04-11T03:00:57.060345Z,1525244658,5514
2026-04-11T03:10:50.180559Z,1525249933,5452
2026-04-11T03:20:49.308048Z,1525254841,5463
2026-04-11T03:30:54.769014Z,1525259649,5361
2026-04-11T03:40:49.280041Z,1525264129,5315
2026-04-11T03:50:50.165245Z,1525268809,5290
2026-04-11T04:00:55.515582Z,1525273502,5314
2026-04-11T04:10:51.849955Z,1525278191,5159
2026-04-11T04:20:51.812572Z,1525282397,5089
2026-04-11T04:30:59.049666Z,1525286636,5008
2026-04-11T04:40:53.860678Z,1525291089,4906
2026-04-11T04:50:52.711385Z,1525295375,4900
2026-04-11T05:01:02.640873Z,1525299591,4859
2026-04-11T05:10:50.623594Z,1525303717,4755
2026-04-11T05:20:54.712056Z,1525308043,4716
2026-04-11T05:30:58.687399Z,1525312098,4691
2026-04-11T05:40:58.777769Z,1525316580,4674
2026-04-11T05:50:52.159239Z,1525319982,4589
2026-04-11T06:01:03.959597Z,1525324147,4444
2026-04-11T06:10:53.109255Z,1525327778,4243
2026-04-11T06:20:49.888894Z,1525331237,4122
2026-04-11T06:30:50.827391Z,1525334505,4035
2026-04-11T06:40:52.262404Z,1525337933,3928
2026-04-11T06:50:52.007608Z,1525341096,3873
2026-04-11T07:01:03.321565Z,1525344310,3738
2026-04-11T07:10:55.954203Z,1525347629,3661
2026-04-11T07:20:50.846884Z,1525350613,3590
2026-04-11T07:30:52.825037Z,1525353618,3539
2026-04-11T07:40:50.699807Z,1525356606,3508
2026-04-11T07:50:54.509676Z,1525359657,3482
2026-04-11T08:01:00.210755Z,1525362669,3401
2026-04-11T08:10:48.763593Z,1525365505,3388
2026-04-11T08:20:50.059342Z,1525368483,3325
2026-04-11T08:30:52.202216Z,1525371012,3297
2026-04-11T08:40:53.680865Z,1525374334,3256
2026-04-11T08:50:50.340526Z,1525377031,3334
2026-04-11T09:01:01.292401Z,1525379883,3392
2026-04-11T09:10:47.939739Z,1525382906,3448
2026-04-11T09:20:48.510839Z,1525385911,3421
2026-04-11T09:30:56.996804Z,1525388803,3419
2026-04-11T09:40:49.706045Z,1525391725,3488
2026-04-11T09:50:50.121068Z,1525394698,3507
2026-04-11T10:01:00.237755Z,1525397848,3500
2026-04-11T10:10:47.300377Z,1525401006,3537
2026-04-11T10:20:48.669947Z,1525404067,3632
2026-04-11T10:30:47.972537Z,1525407349,3693
2026-04-11T10:40:47.300169Z,1525410882,3748
2026-04-11T10:50:43.930756Z,1525414195,3715
2026-04-11T11:00:44.468172Z,1525417397,3718
2026-04-11T11:10:40.380423Z,1525421020,3848
2026-04-11T11:20:42.184518Z,1525424485,3865
2026-04-11T11:30:43.492947Z,1525427959,3970
2026-04-11T11:40:43.020346Z,1525431722,3977
2026-04-11T11:50:40.498372Z,1525435317,4044
2026-04-11T12:00:48.313877Z,1525439099,4114
2026-04-11T12:10:41.210842Z,1525442887,4155
2026-04-11T12:20:40.414828Z,1525446705,4240
2026-04-11T12:30:42.942521Z,1525450519,4358
2026-04-11T12:40:45.733796Z,1525454708,4449
2026-04-11T12:50:44.421895Z,1525458744,4651
2026-04-11T13:00:45.117262Z,1525462788,4749
2026-04-11T13:10:42.381893Z,1525467439,4858
2026-04-11T13:20:41.983279Z,1525471651,4926
2026-04-11T13:30:43.894376Z,1525475818,4994
2026-04-11T13:40:43.112305Z,1525480721,5139
2026-04-11T13:50:41.792888Z,1525485124,5253
2026-04-11T14:00:50.197600Z,1525490050,5422
2026-04-11T14:10:43.151203Z,1525495020,5499
2026-04-11T14:20:42.006248Z,1525500022,5668
2026-04-11T14:30:46.001059Z,1525505026,5745
2026-04-11T14:40:42.439748Z,1525510353,5871
2026-04-11T14:50:45.830200Z,1525515220,5894
2026-04-11T15:00:45.801232Z,1525520607,6091
2026-04-11T15:10:41.235440Z,1525526083,6143
2026-04-11T15:20:42.391983Z,1525531290,6259
2026-04-11T15:30:42.986905Z,1525536224,6301
2026-04-11T15:40:45.120499Z,1525542196,6424
2026-04-11T15:50:41.879897Z,1525547517,6494
2026-04-11T16:00:42.933831Z,1525553141,6570
2026-04-11T16:10:41.723915Z,1525559010,6682
2026-04-11T16:20:39.429753Z,1525564301,6720
2026-04-11T16:30:42.911686Z,1525570324,6718
2026-04-11T16:40:42.840902Z,1525575791,6800
2026-04-11T16:50:40.677430Z,1525582478,6930
2026-04-11T17:00:39.724308Z,1525588509,7031
2026-04-11T17:10:45.479413Z,1525594800,7061
2026-04-11T17:20:39.001201Z,1525600816,7110
2026-04-11T17:30:41.358701Z,1525606965,7272
2026-04-11T17:40:42.787911Z,1525613763,7383
2026-04-11T17:50:40.760720Z,1525620115,7405
2026-04-11T18:00:41.985747Z,1525626455,7473
2026-04-11T18:10:42.821769Z,1525632918,7496
2026-04-11T18:20:38.683331Z,1525639565,7565
2026-04-11T18:30:42.827310Z,1525646241,7678
2026-04-11T18:40:42.305796Z,1525652722,7718
2026-04-11T18:50:40.263768Z,1525659282,7753
2026-04-11T19:00:41.698389Z,1525666384,7846
2026-04-11T19:10:40.569009Z,1525674352,7815
2026-04-11T19:20:37.808498Z,1525681543,7689
2026-04-11T19:30:41.252738Z,1525688849,7781
2026-04-11T19:40:38.505710Z,1525696161,7665
2026-04-11T19:50:40.505735Z,1525703128,7647
2026-04-11T20:00:39.193420Z,1525710114,7686
2026-04-11T20:10:38.405635Z,1525717052,7655
2026-04-11T20:20:42.911210Z,1525723934,7693
2026-04-11T20:30:38.042484Z,1525730543,7726
2026-04-11T20:40:39.361358Z,1525737393,7840
2026-04-11T20:50:39.081690Z,1525744110,7734
2026-04-11T21:00:38.992863Z,1525750587,7673
2026-04-11T21:10:40.119600Z,1525757418,7660
2026-04-11T21:20:39.637310Z,1525763121,7639
2026-04-11T21:30:38.938054Z,1525770443,7645
2026-04-11T21:40:37.451005Z,1525776758,7620
2026-04-11T21:50:41.613100Z,1525783511,7582
2026-04-11T22:00:37.769388Z,1525789664,7447
2026-04-11T22:10:37.772246Z,1525796708,7417
2026-04-11T22:20:38.996064Z,1525802894,7355
2026-04-11T22:30:41.239137Z,1525809458,7384
2026-04-11T22:40:38.168467Z,1525816014,7205
2026-04-11T22:50:40.796590Z,1525822635,7211
2026-04-11T23:00:44.114012Z,1525828866,7062
2026-04-11T23:10:39.379229Z,1525835078,7076
2026-04-11T23:20:39.427800Z,1525841075,7013
2026-04-11T23:30:45.542192Z,1525847029,6944
2026-04-11T23:40:40.628400Z,1525853200,6860
2026-04-11T23:50:39.810448Z,1525859015,6689
2026-04-12T00:00:42.673438Z,1525864698,6557
2026-04-12T00:10:40.398135Z,1525870371,6460
2026-04-12T00:20:41.972843Z,1525876301,6425
2026-04-12T00:30:42.437114Z,1525881897,6416
2026-04-12T00:40:41.849170Z,1525887462,6380
2026-04-12T00:50:40.024959Z,1525892897,6475
2026-04-12T01:00:44.907076Z,1525898586,6426
2026-04-12T01:10:40.620639Z,1525903960,6397
2026-04-12T01:20:41.556922Z,1525909042,6284
2026-04-12T01:30:44.288293Z,1525914320,6228
2026-04-12T01:40:39.139213Z,1525919809,6166
2026-04-12T01:50:43.096898Z,1525925201,6072
2026-04-12T02:00:48.616420Z,1525930377,6075
2026-04-12T02:10:40.323635Z,1525935582,5962
2026-04-12T02:20:40.542237Z,1525940682,5911
2026-04-12T02:30:47.575551Z,1525945881,5885
2026-04-12T02:40:40.488515Z,1525951222,5818
2026-04-12T02:50:41.377920Z,1525956211,5893
2026-04-12T03:00:43.496165Z,1525961409,5937
2026-04-12T03:10:38.855270Z,1525966346,5894
2026-04-12T03:20:42.069001Z,1525971845,5826
2026-04-12T03:30:44.126050Z,1525976669,5752
2026-04-12T03:40:43.436201Z,1525981798,5666
2026-04-12T03:50:43.029190Z,1525986722,5634
2026-04-12T04:00:45.425841Z,1525991534,5590
2026-04-12T04:10:43.138106Z,1525996349,5570
2026-04-12T04:20:44.556616Z,1526000576,5466
2026-04-12T04:30:45.300884Z,1526005481,5483
2026-04-12T04:40:45.693921Z,1526010253,5441
2026-04-12T04:50:45.102786Z,1526014727,5352
2026-04-12T05:00:54.625274Z,1526019214,5291
2026-04-12T05:10:40.809256Z,1526023829,5195
2026-04-12T05:20:46.148928Z,1526028039,5101
2026-04-12T05:30:53.778592Z,1526032393,5022
2026-04-12T05:40:43.989693Z,1526036589,4910
2026-04-12T05:50:47.166293Z,1526040746,4809
2026-04-12T06:00:53.653793Z,1526044975,4813
2026-04-12T06:10:46.653550Z,1526049185,4676
2026-04-12T06:20:45.219476Z,1526052916,4546
2026-04-12T06:30:45.427955Z,1526056569,4495
2026-04-12T06:40:43.246772Z,1526060451,4430
2026-04-12T06:50:42.816276Z,1526063853,4342
2026-04-12T07:00:46.148416Z,1526067808,4299
2026-04-12T07:10:48.053165Z,1526071622,4164
2026-04-12T07:20:43.533776Z,1526075008,4098
2026-04-12T07:30:42.283176Z,1526078244,4049
2026-04-12T07:40:44.914234Z,1526081550,3958
2026-04-12T07:50:43.835634Z,1526084768,3901
2026-04-12T08:00:43.364775Z,1526088080,3885
2026-04-12T08:10:46.308598Z,1526091396,3786
2026-04-12T08:20:43.403589Z,1526094384,3755
2026-04-12T08:30:42.826199Z,1526097491,3723
2026-04-12T08:40:42.167177Z,1526100729,3710
2026-04-12T08:50:43.167378Z,1526103644,3686
2026-04-12T09:00:45.105468Z,1526106614,3703
2026-04-12T09:10:42.189646Z,1526109770,3692
2026-04-12T09:20:45.437380Z,1526112740,3684
2026-04-12T09:30:42.826422Z,1526115841,3705
2026-04-12T09:40:47.422424Z,1526119031,3673
2026-04-12T09:50:41.897864Z,1526122090,3657
2026-04-12T10:00:41.823917Z,1526125196,3747
2026-04-12T10:10:47.654134Z,1526128246,3746
2026-04-12T10:20:42.626411Z,1526131713,3767
2026-04-12T10:30:43.354350Z,1526135097,3875
2026-04-12T10:40:43.045314Z,1526138547,3957
2026-04-12T10:50:42.616344Z,1526141851,4002
2026-04-12T11:00:45.576198Z,1526145329,4070
2026-04-12T11:10:44.684031Z,1526149292,4165
2026-04-12T11:20:43.169812Z,1526152973,4189
2026-04-12T11:30:46.878621Z,1526156754,4259
2026-04-12T11:40:44.025456Z,1526160651,4327
2026-04-12T11:50:45.612112Z,1526164205,4376
2026-04-12T12:00:46.326103Z,1526167957,4406
2026-04-12T12:10:45.392451Z,1526172136,4487
2026-04-12T12:20:44.160063Z,1526176022,4526
2026-04-12T12:30:46.567065Z,1526180293,4605
2026-04-12T12:40:44.256365Z,1526184506,4678
2026-04-12T12:50:45.008189Z,1526188614,4743
2026-04-12T13:00:46.766328Z,1526192812,4897
2026-04-12T13:10:45.959827Z,1526197560,4989
2026-04-12T13:20:44.333487Z,1526202000,4955
2026-04-12T13:30:45.071368Z,1526206533,5138
2026-04-12T13:40:44.286938Z,1526211108,5158
2026-04-12T13:50:44.342755Z,1526215592,5265
2026-04-12T14:00:48.404032Z,1526220505,5361
2026-04-12T14:10:43.818371Z,1526225447,5403
2026-04-12T14:20:46.370539Z,1526230181,5603
2026-04-12T14:30:43.830337Z,1526234930,5682
2026-04-12T14:40:44.943831Z,1526240011,5763
2026-04-12T14:50:43.053441Z,1526244918,5886
2026-04-12T15:00:46.951245Z,1526249782,5978
2026-04-12T15:10:44.374034Z,1526255205,6138
2026-04-12T15:20:45.294736Z,1526260275,6232
2026-04-12T15:30:43.374535Z,1526265454,6317
2026-04-12T15:40:42.729977Z,1526271080,6428
2026-04-12T15:50:43.710030Z,1526276658,6611
2026-04-12T16:00:47.154819Z,1526282519,6771
2026-04-12T16:10:43.602945Z,1526288563,6813
2026-04-12T16:20:51.268732Z,1526294371,6894
2026-04-12T16:30:44.414239Z,1526300340,6991
2026-04-12T16:40:43.700398Z,1526306338,7099
2026-04-12T16:50:43.161546Z,1526312462,7198
2026-04-12T17:00:42.752468Z,1526318586,7231
2026-04-12T17:10:44.113009Z,1526324833,7279
2026-04-12T17:20:45.926885Z,1526331160,7262
2026-04-12T17:30:42.112724Z,1526337341,7367
2026-04-12T17:40:36.616527Z,1526344221,7535
2026-04-12T17:50:39.144685Z,1526350756,7568
2026-04-12T18:00:43.378819Z,1526357245,7630
2026-04-12T18:10:41.347097Z,1526364094,7704
2026-04-12T18:20:40.185616Z,1526370935,7645
2026-04-12T18:30:43.948736Z,1526377560,7666
2026-04-12T18:40:37.286245Z,1526383861,7669
2026-04-12T18:50:38.983244Z,1526390385,7794
2026-04-12T19:00:39.187885Z,1526396846,7747
2026-04-12T19:10:37.121204Z,1526404145,7809
2026-04-12T19:20:40.943456Z,1526411049,7830
2026-04-12T19:30:42.666583Z,1526417580,7842
2026-04-12T19:40:40.289372Z,1526424180,7819
2026-04-12T19:50:38.492398Z,1526430831,7830
2026-04-12T20:00:39.739241Z,1526437227,7837
2026-04-12T20:10:37.353152Z,1526443965,7808
2026-04-12T20:20:40.271771Z,1526450403,7800
2026-04-12T20:30:41.877357Z,1526456847,7835
2026-04-12T20:40:38.321002Z,1526463535,7830
2026-04-12T20:50:41.833695Z,1526469876,7739
2026-04-12T21:00:43.035694Z,1526476214,7716
2026-04-12T21:10:40.293097Z,1526483159,7726
2026-04-12T21:20:38.788649Z,1526489419,7705
2026-04-12T21:30:41.359691Z,1526495610,7546
2026-04-12T21:40:40.184478Z,1526501636,7477
2026-04-12T21:50:36.894629Z,1526507528,7328
2026-04-12T22:00:42.182284Z,1526513203,7265
2026-04-12T22:10:37.824549Z,1526520328,7098
2026-04-12T22:20:38.161984Z,1526525852,7007
2026-04-12T22:30:41.169414Z,1526531671,6930
2026-04-12T22:40:38.940943Z,1526537529,6871
2026-04-12T22:50:40.141373Z,1526542996,6747
2026-04-12T23:00:40.560208Z,1526548688,6633
2026-04-12T23:10:39.708888Z,1526554120,6557
2026-04-12T23:20:38.413027Z,1526559394,6524
2026-04-12T23:30:40.231396Z,1526564584,6500
2026-04-12T23:40:38.175593Z,1526569758,6457
2026-04-12T23:50:38.636973Z,1526575440,6403
2026-04-13T00:00:40.601772Z,1526580870,6328
2026-04-13T00:10:39.023645Z,1526586414,6242
2026-04-13T00:20:39.340917Z,1526591195,6205
2026-04-13T00:30:42.749589Z,1526596711,6181
2026-04-13T00:40:40.390275Z,1526601828,6085
2026-04-13T00:50:41.745308Z,1526606928,6069
2026-04-13T01:00:38.234457Z,1526611818,5998
2026-04-13T01:10:39.380732Z,1526616782,5836
2026-04-13T01:20:38.627699Z,1526621414,5817
2026-04-13T01:30:38.608722Z,1526626462,5771
2026-04-13T01:40:36.358530Z,1526631425,5652
2026-04-13T01:50:37.964303Z,1526636243,5544
2026-04-13T02:00:40.383029Z,1526640700,5442
2026-04-13T02:10:39.596307Z,1526645146,5253
2026-04-13T02:20:38.291372Z,1526649367,5072
2026-04-13T02:30:39.320360Z,1526653537,4990
2026-04-13T02:40:38.482807Z,1526657687,4814
2026-04-13T02:50:37.189739Z,1526661469,4713
2026-04-13T03:00:41.146466Z,1526665225,4619
2026-04-13T03:10:37.057528Z,1526669094,4470
2026-04-13T03:20:36.525335Z,1526672610,4277
2026-04-13T03:30:37.802744Z,1526675999,4141
2026-04-13T03:40:38.070539Z,1526679107,4014
2026-04-13T03:50:38.339749Z,1526682348,3902
2026-04-13T04:00:38.642185Z,1526685429,3766
2026-04-13T04:10:44.495059Z,1526688779,3585
2026-04-13T04:20:42.980645Z,1526691509,3508
2026-04-13T04:30:46.767133Z,1526694248,3387
2026-04-13T04:40:45.632218Z,1526696959,3341
2026-04-13T04:50:43.462037Z,1526699593,3257
2026-04-13T05:00:53.598659Z,1526702212,3113
2026-04-13T05:10:52.980668Z,1526704754,3004
2026-04-13T05:20:45.945684Z,1526707217,2873
2026-04-13T05:30:49.535822Z,1526709566,2814
2026-04-13T05:40:46.307577Z,1526711995,2740
2026-04-13T05:50:49.457446Z,1526714096,2625
2026-04-13T06:01:02.444527Z,1526716219,2552
2026-04-13T06:10:50.026011Z,1526718218,2471
2026-04-13T06:20:50.222044Z,1526720255,2439
2026-04-13T06:30:51.784176Z,1526722249,2406
2026-04-13T06:40:51.478198Z,1526724178,2391
2026-04-13T06:50:47.979251Z,1526726044,2380
2026-04-13T07:01:06.703999Z,1526727930,2323
2026-04-13T07:10:47.418550Z,1526729882,2243
2026-04-13T07:20:51.447611Z,1526731669,2240
2026-04-13T07:30:52.320679Z,1526733456,2200
2026-04-13T07:40:48.874778Z,1526735195,2184
2026-04-13T07:50:44.393188Z,1526737010,2171
2026-04-13T08:01:11.666956Z,1526738823,2184
2026-04-13T08:10:47.707474Z,1526740758,2167
2026-04-13T08:20:46.253229Z,1526742732,2141
2026-04-13T08:30:52.082284Z,1526744499,2155
2026-04-13T08:40:48.714122Z,1526746496,2169
2026-04-13T08:50:46.886744Z,1526748199,2162
2026-04-13T09:00:48.527156Z,1526749978,2183
2026-04-13T09:10:49.288546Z,1526751777,2170
2026-04-13T09:20:47.454394Z,1526753767,2224
2026-04-13T09:30:46.270885Z,1526755560,2236
2026-04-13T09:40:44.996879Z,1526757640,2298
2026-04-13T09:50:53.369579Z,1526759713,2252
2026-04-13T10:00:47.463480Z,1526761668,2303
2026-04-13T10:10:45.090517Z,1526763862,2332
2026-04-13T10:20:46.610582Z,1526765932,2324
2026-04-13T10:30:47.858402Z,1526768119,2390
2026-04-13T10:40:45.208156Z,1526770367,2431
2026-04-13T10:50:45.250565Z,1526772533,2498
2026-04-13T11:00:47.956110Z,1526774635,2508
2026-04-13T11:10:42.393121Z,1526777015,2542
2026-04-13T11:20:45.626334Z,1526779406,2643
2026-04-13T11:30:45.749941Z,1526781758,2740
2026-04-13T11:40:43.336509Z,1526784472,2775
2026-04-13T11:50:45.582075Z,1526787049,2814
2026-04-13T12:00:46.437206Z,1526789677,2783
2026-04-13T12:10:45.383950Z,1526792411,2876
2026-04-13T12:20:44.725755Z,1526795069,2931
2026-04-13T12:30:46.513600Z,1526797952,2976
2026-04-13T12:40:44.291154Z,1526800802,3034
2026-04-13T12:50:44.095628Z,1526803646,3099
2026-04-13T13:00:47.419448Z,1526806629,3192
2026-04-13T13:10:45.395650Z,1526809836,3237
2026-04-13T13:20:46.305192Z,1526812953,3297
2026-04-13T13:30:47.528813Z,1526816079,3400
2026-04-13T13:40:46.182333Z,1526819486,3447
2026-04-13T13:50:46.607128Z,1526822660,3540
2026-04-13T14:00:46.787294Z,1526825953,3587
2026-04-13T14:10:46.852215Z,1526829428,3641
2026-04-13T14:20:56.095216Z,1526832921,3677
2026-04-13T14:30:44.746550Z,1526836225,3684
2026-04-13T14:40:44.853009Z,1526839891,3771
2026-04-13T14:50:44.355418Z,1526843262,3848
2026-04-13T15:00:43.822930Z,1526846870,3922
2026-04-13T15:10:43.429486Z,1526850751,3964
2026-04-13T15:20:44.140403Z,1526854516,3996
2026-04-13T15:30:43.561116Z,1526858338,4051
2026-04-13T15:40:44.829845Z,1526862035,4115
2026-04-13T15:50:44.287880Z,1526865645,4117
2026-04-13T16:00:41.907831Z,1526869624,4192
2026-04-13T16:10:42.525173Z,1526873841,4215
2026-04-13T16:20:44.903416Z,1526877850,4322
2026-04-13T16:30:44.683959Z,1526881806,4387
2026-04-13T16:40:47.960588Z,1526886062,4435
2026-04-13T16:50:41.807057Z,1526889977,4562
2026-04-13T17:00:44.982182Z,1526894131,4535
2026-04-13T17:10:41.302428Z,1526898207,4607
2026-04-13T17:20:41.958958Z,1526902584,4677
2026-04-13T17:30:49.369817Z,1526907031,4680
2026-04-13T17:40:41.870405Z,1526911315,4750
2026-04-13T17:50:43.628126Z,1526915514,4739
2026-04-13T18:00:47.290975Z,1526919805,4802
2026-04-13T18:10:41.555913Z,1526924725,4754
2026-04-13T18:20:53.703182Z,1526929774,4705
2026-04-13T18:30:55.867043Z,1526935145,4783
2026-04-13T18:40:46.065141Z,1526940889,4681
2026-04-13T18:50:41.785868Z,1526945496,4667
2026-04-13T19:00:42.494323Z,1526955909,4477
2026-04-13T19:10:44.674281Z,1526964769,3338
2026-04-13T19:20:40.800669Z,1526971740,3027
2026-04-13T19:30:42.131204Z,1526977897,2625
2026-04-13T19:40:48.165249Z,1526984044,2700
2026-04-13T19:50:44.571610Z,1526989505,2376
2026-04-13T20:00:40.891369Z,1526994474,2488
2026-04-13T20:10:41.822992Z,1526999996,2284
2026-04-13T20:20:42.848637Z,1527005557,2165
2026-04-13T20:30:43.349415Z,1527010100,2168
2026-04-13T20:40:42.494231Z,1527015068,2287
2026-04-13T20:50:39.425674Z,1527020002,2182
2026-04-13T21:00:40.733732Z,1527024338,2208
2026-04-13T21:10:42.496153Z,1527028856,2133
2026-04-13T21:20:41.783686Z,1527033164,2157
2026-04-13T21:30:41.553633Z,1527037634,2058
2026-04-13T21:40:42.109930Z,1527041712,2106
2026-04-13T21:50:41.010406Z,1527045928,2149
2026-04-13T22:00:42.644282Z,1527049802,2122
2026-04-13T22:10:41.711545Z,1527054585,1982
2026-04-13T22:20:41.100785Z,1527058979,1863
2026-04-13T22:30:43.009245Z,1527062539,1924
2026-04-13T22:40:42.501217Z,1527066454,1988
2026-04-13T22:50:41.732985Z,1527070423,2191
2026-04-13T23:00:41.446775Z,1527074365,2047
2026-04-13T23:10:41.430904Z,1527078280,2115
2026-04-13T23:20:44.164596Z,1527082166,2055
2026-04-13T23:30:41.233440Z,1527086369,2147
2026-04-13T23:40:42.314108Z,1527090646,2182
2026-04-13T23:50:41.679021Z,1527094342,2305
2026-04-14T00:00:40.486131Z,1527097629,2591
2026-04-14T00:10:39.672542Z,1527100784,3053
2026-04-14T00:20:43.714811Z,1527104084,3474
2026-04-14T00:30:40.937871Z,1527107575,3736
2026-04-14T00:40:41.480810Z,1527111179,3998
2026-04-14T00:50:41.266488Z,1527114881,4330
2026-04-14T01:00:43.018078Z,1527118951,4506
2026-04-14T01:10:41.756780Z,1527123060,4591
2026-04-14T01:20:44.273780Z,1527127404,4667
2026-04-14T01:30:39.566120Z,1527131880,4721
2026-04-14T01:40:41.651711Z,1527136152,4690
2026-04-14T01:50:49.789335Z,1527140638,4748
2026-04-14T02:00:49.273223Z,1527144908,4688
2026-04-14T02:10:48.707329Z,1527148916,4616
2026-04-14T02:20:48.098015Z,1527152648,4545
2026-04-14T02:30:47.466975Z,1527156563,4478
2026-04-14T02:40:47.882918Z,1527160552,4457
2026-04-14T02:50:48.484572Z,1527164098,4332
2026-04-14T03:00:50.590927Z,1527167673,4215
2026-04-14T03:10:47.657436Z,1527171252,4102
2026-04-14T03:20:50.889017Z,1527174646,3967
2026-04-14T03:30:49.438836Z,1527177959,3844
2026-04-14T03:40:47.775597Z,1527181108,3749
2026-04-14T03:50:48.069154Z,1527184143,3659
2026-04-14T04:00:52.596469Z,1527187204,3555
2026-04-14T04:10:47.638659Z,1527190283,3487
2026-04-14T04:20:48.123299Z,1527192954,3417
2026-04-14T04:30:48.858436Z,1527195520,3237
2026-04-14T04:40:49.650969Z,1527198268,3187
2026-04-14T04:50:44.431288Z,1527200848,3115
2026-04-14T05:00:54.503768Z,1527203336,2970
2026-04-14T05:10:48.608127Z,1527205715,2897
2026-04-14T05:20:52.622455Z,1527208002,2817
2026-04-14T05:31:04.553284Z,1527210331,2806
2026-04-14T05:40:47.299120Z,1527212731,2719
2026-04-14T05:50:51.932452Z,1527214837,2637
2026-04-14T06:01:18.556584Z,1527217034,2555
2026-04-14T06:10:58.567725Z,1527219167,2470
2026-04-14T06:20:45.840311Z,1527221191,2448
2026-04-14T06:31:02.657362Z,1527223089,2460
2026-04-14T06:40:53.310591Z,1527225034,2402
2026-04-14T06:50:55.748163Z,1527226962,2338
2026-04-14T07:01:14.552231Z,1527228967,2301
2026-04-14T07:10:45.742728Z,1527230919,2244
2026-04-14T07:21:00.900698Z,1527232980,2203
2026-04-14T07:31:07.635585Z,1527234787,2195
2026-04-14T07:40:57.561979Z,1527236710,2172
2026-04-14T07:50:53.428056Z,1527238339,2174
2026-04-14T08:01:08.857314Z,1527240335,2148
2026-04-14T08:11:01.306061Z,1527242134,2126
2026-04-14T08:20:50.014732Z,1527244028,2145
2026-04-14T08:31:05.520470Z,1527245843,2146
2026-04-14T08:40:48.261627Z,1527247605,2182
2026-04-14T08:50:50.276685Z,1527249635,2200
2026-04-14T09:01:13.724071Z,1527251750,2270
2026-04-14T09:10:52.463786Z,1527253839,2249
2026-04-14T09:20:47.028670Z,1527255907,2267
2026-04-14T09:31:01.091200Z,1527257823,2284
2026-04-14T09:40:57.295918Z,1527260047,2347
2026-04-14T09:50:44.894673Z,1527262122,2373
2026-04-14T10:00:48.953986Z,1527264349,2399
2026-04-14T10:10:52.322782Z,1527266582,2401
2026-04-14T10:20:44.859478Z,1527268870,2461
2026-04-14T10:30:54.997437Z,1527271203,2485
2026-04-14T10:40:46.354857Z,1527273502,2491
2026-04-14T10:50:48.260446Z,1527275582,2497
2026-04-14T11:00:50.207073Z,1527278057,2548
2026-04-14T11:10:42.239120Z,1527280455,2585
2026-04-14T11:20:45.877723Z,1527282963,2626
2026-04-14T11:30:53.842298Z,1527285430,2659
2026-04-14T11:40:45.321404Z,1527288069,2736
2026-04-14T11:50:45.520038Z,1527290636,2806
2026-04-14T12:00:55.874449Z,1527293404,2821
2026-04-14T12:10:45.755218Z,1527296228,2848
2026-04-14T12:20:42.917256Z,1527299033,2947
2026-04-14T12:30:52.087617Z,1527302025,2998
2026-04-14T12:40:52.299317Z,1527304987,3077
2026-04-14T12:50:51.561276Z,1527308011,3097
2026-04-14T13:00:50.855105Z,1527311064,3194
2026-04-14T13:10:48.910779Z,1527314446,3288
2026-04-14T13:20:52.627201Z,1527317584,3366
2026-04-14T13:30:53.158640Z,1527320822,3442
2026-04-14T13:40:51.673613Z,1527324006,3495
2026-04-14T13:50:52.183692Z,1527327540,3549
2026-04-14T14:00:53.870499Z,1527331207,3624
2026-04-14T14:10:52.565047Z,1527334714,3648
2026-04-14T14:20:56.115351Z,1527337966,3641
2026-04-14T14:30:50.964660Z,1527341584,3704
2026-04-14T14:40:52.713186Z,1527345184,3815
2026-04-14T14:50:54.891819Z,1527348461,3842
2026-04-14T15:01:00.654074Z,1527351726,3902
2026-04-14T15:10:51.516949Z,1527355775,4002
2026-04-14T15:20:50.495059Z,1527359262,4051
2026-04-14T15:30:50.003887Z,1527363026,4119
2026-04-14T15:40:55.636816Z,1527366970,4230
2026-04-14T15:50:52.772194Z,1527370783,4312
2026-04-14T16:00:53.927475Z,1527374652,4323
2026-04-14T16:10:50.991015Z,1527378929,4291
2026-04-14T16:20:57.174091Z,1527382756,4332
2026-04-14T16:30:53.623798Z,1527386583,4402
2026-04-14T16:40:52.685220Z,1527390900,4414
2026-04-14T16:50:49.895850Z,1527394809,4506
2026-04-14T17:00:51.545883Z,1527398749,4543
2026-04-14T17:10:52.766723Z,1527403049,4577
2026-04-14T17:20:53.010813Z,1527407272,4612
2026-04-14T17:30:50.730237Z,1527411579,4722
2026-04-14T17:40:51.551256Z,1527415868,4788
2026-04-14T17:50:49.532575Z,1527420356,4827
2026-04-14T18:00:53.277906Z,1527424530,4846
2026-04-14T18:10:50.835593Z,1527428911,4824
2026-04-14T18:20:50.040464Z,1527433088,4872
2026-04-14T18:30:55.227039Z,1527437567,4924
2026-04-14T18:40:50.083686Z,1527441926,4996
2026-04-14T18:50:51.433408Z,1527446272,4925
2026-04-14T19:00:53.926537Z,1527450778,4967
2026-04-14T19:10:51.077141Z,1527455589,4983
2026-04-14T19:20:59.180011Z,1527460226,5104
2026-04-14T19:30:52.426031Z,1527464701,5144
2026-04-14T19:40:54.636715Z,1527469444,5151
2026-04-14T19:50:53.865251Z,1527473926,5204
2026-04-14T20:00:49.063698Z,1527478415,5229
2026-04-14T20:10:56.612468Z,1527483173,5135
2026-04-14T20:20:51.703785Z,1527487766,5208
2026-04-14T20:31:04.081099Z,1527492226,5236
2026-04-14T20:40:52.958347Z,1527496975,5277
2026-04-14T20:50:52.896249Z,1527501472,5259
2026-04-14T21:00:50.820341Z,1527505942,5308
2026-04-14T21:10:51.179657Z,1527510541,5286
2026-04-14T21:20:51.828102Z,1527515288,5322
2026-04-14T21:30:50.606891Z,1527519725,5341
2026-04-14T21:40:52.976334Z,1527524344,5301
2026-04-14T21:50:50.530525Z,1527528789,5289
2026-04-14T22:00:49.766608Z,1527533328,5276
2026-04-14T22:10:51.829695Z,1527538000,5301
2026-04-14T22:20:47.538474Z,1527542390,5266
2026-04-14T22:30:51.166966Z,1527547073,5343
2026-04-14T22:40:51.192190Z,1527551799,5362
2026-04-14T22:50:48.109749Z,1527556609,5360
2026-04-14T23:00:51.455279Z,1527561168,5358
2026-04-14T23:10:50.500217Z,1527565764,5384
2026-04-14T23:20:51.291010Z,1527570620,5375
2026-04-14T23:30:49.930474Z,1527575082,5318
2026-04-14T23:40:51.085150Z,1527579871,5322
2026-04-14T23:50:53.493575Z,1527584609,5450
2026-04-15T00:00:50.093838Z,1527589143,5440
2026-04-15T00:10:49.482455Z,1527593966,5329
2026-04-15T00:20:51.915956Z,1527598197,5218
2026-04-15T00:30:49.988585Z,1527602678,5256
2026-04-15T00:40:47.517402Z,1527607153,5278
2026-04-15T00:50:50.607951Z,1527611744,5307
2026-04-15T01:00:49.438166Z,1527616307,5248
2026-04-15T01:10:56.981436Z,1527620964,5228
2026-04-15T01:20:50.699768Z,1527625431,5201
2026-04-15T01:30:49.655460Z,1527629661,5125
2026-04-15T01:40:51.131351Z,1527634007,5026
2026-04-15T01:50:51.406219Z,1527638075,5017
2026-04-15T02:00:56.160821Z,1527642521,4961
2026-04-15T02:10:52.023569Z,1527646746,4774
2026-04-15T02:20:50.965000Z,1527650757,4704
2026-04-15T02:30:56.894435Z,1527654557,4617
2026-04-15T02:40:51.602534Z,1527658449,4602
2026-04-15T02:50:52.512920Z,1527662096,4548
2026-04-15T03:00:50.993499Z,1527665564,4357
2026-04-15T03:10:49.749441Z,1527669171,4199
2026-04-15T03:20:50.118602Z,1527672585,4039
2026-04-15T03:30:52.187446Z,1527675862,3981
2026-04-15T03:40:51.181980Z,1527678841,3878
2026-04-15T03:50:49.454854Z,1527682243,3804
2026-04-15T04:00:52.692085Z,1527685325,3638
2026-04-15T04:10:50.918601Z,1527688514,3548
2026-04-15T04:20:50.911601Z,1527691344,3508
2026-04-15T04:30:50.792908Z,1527694132,3511
2026-04-15T04:40:50.224799Z,1527696830,3338
2026-04-15T04:50:49.427186Z,1527699437,3265
2026-04-15T05:00:52.667649Z,1527701966,3131
2026-04-15T05:10:53.806860Z,1527704474,2977
2026-04-15T05:20:49.007460Z,1527706961,2912
2026-04-15T05:30:52.955839Z,1527709200,2895
2026-04-15T05:40:49.988096Z,1527711541,2773
2026-04-15T05:50:51.089340Z,1527713727,2717
2026-04-15T06:00:54.850832Z,1527715811,2609
2026-04-15T06:10:52.139336Z,1527718046,2561
2026-04-15T06:20:50.462236Z,1527720088,2510
2026-04-15T06:30:53.936696Z,1527722203,2510
2026-04-15T06:40:49.424479Z,1527724199,2468
2026-04-15T06:50:48.667543Z,1527726033,2403
2026-04-15T07:00:55.762391Z,1527728143,2378
2026-04-15T07:10:53.111303Z,1527730192,2375
2026-04-15T07:20:53.102415Z,1527732166,2331
2026-04-15T07:30:54.413755Z,1527733992,2280
2026-04-15T07:40:51.032726Z,1527735757,2259
2026-04-15T07:50:50.795577Z,1527737741,2263
2026-04-15T08:00:56.609590Z,1527739722,2282
2026-04-15T08:10:51.700070Z,1527741671,2293
2026-04-15T08:20:50.934613Z,1527743555,2282
2026-04-15T08:30:54.066298Z,1527745506,2263
2026-04-15T08:40:53.613692Z,1527747376,2284
2026-04-15T08:50:53.096936Z,1527749353,2225
2026-04-15T09:00:53.006011Z,1527751221,2252
2026-04-15T09:10:51.180930Z,1527753175,2254
2026-04-15T09:21:01.519918Z,1527755218,2362
2026-04-15T09:30:51.514321Z,1527757315,2364
2026-04-15T09:40:53.590149Z,1527759390,2382
2026-04-15T09:50:51.774866Z,1527761599,2421
2026-04-15T10:00:52.988323Z,1527763797,2426
2026-04-15T10:10:52.205420Z,1527766085,2442
2026-04-15T10:20:43.178781Z,1527768234,2505
2026-04-15T10:30:43.356740Z,1527770378,2501
2026-04-15T10:40:42.574741Z,1527772696,2509
2026-04-15T10:50:42.073317Z,1527775031,2496
2026-04-15T11:00:41.704633Z,1527777311,2513
2026-04-15T11:10:45.820261Z,1527779631,2591
2026-04-15T11:20:42.218096Z,1527781987,2661
2026-04-15T11:30:44.585432Z,1527784228,2677
2026-04-15T11:40:45.344906Z,1527786922,2709
2026-04-15T11:50:43.778662Z,1527789330,2802
2026-04-15T12:00:45.365361Z,1527791834,2851
2026-04-15T12:10:42.178946Z,1527794585,2908
2026-04-15T12:20:44.359721Z,1527797194,2973
2026-04-15T12:30:42.674803Z,1527800043,3061
2026-04-15T12:40:44.781511Z,1527802980,3137
2026-04-15T12:50:45.421567Z,1527805902,3213
2026-04-15T13:00:44.454707Z,1527809036,3319
2026-04-15T13:10:45.470997Z,1527812483,3409
2026-04-15T13:20:42.986490Z,1527815745,3554
2026-04-15T13:30:44.866529Z,1527818966,3656
2026-04-15T13:40:45.631332Z,1527822389,3703
2026-04-15T13:50:44.295727Z,1527825727,3784
2026-04-15T14:00:45.388085Z,1527828983,3798
2026-04-15T14:10:45.502954Z,1527832552,3848
2026-04-15T14:20:43.672329Z,1527836114,3877
2026-04-15T14:30:45.941349Z,1527839469,3929
2026-04-15T14:40:43.284134Z,1527843233,4022
2026-04-15T14:50:45.980315Z,1527846815,4056
2026-04-15T15:00:45.552650Z,1527850460,4102
2026-04-15T15:10:45.899903Z,1527853968,4108
2026-04-15T15:20:42.092330Z,1527857599,4190
2026-04-15T15:30:46.482609Z,1527861311,4135
2026-04-15T15:40:51.270977Z,1527864910,4234
2026-04-15T15:50:46.608619Z,1527868485,4212
2026-04-15T16:00:51.135930Z,1527872182,4295
2026-04-15T16:10:44.895409Z,1527875901,4435
2026-04-15T16:20:46.418919Z,1527880000,4523
2026-04-15T16:30:44.404803Z,1527883873,4626
2026-04-15T16:40:44.573680Z,1527887937,4652
2026-04-15T16:50:45.688397Z,1527892072,4653
2026-04-15T17:00:42.894830Z,1527896229,4736
2026-04-15T17:10:43.735236Z,1527900450,4796
2026-04-15T17:20:41.495340Z,1527904732,4883
2026-04-15T17:30:42.351846Z,1527908914,4838
2026-04-15T17:40:42.618261Z,1527913327,4909
2026-04-15T17:50:46.155206Z,1527917658,4992
2026-04-15T18:00:43.083170Z,1527921777,4943
2026-04-15T18:10:44.134981Z,1527926327,4903
2026-04-15T18:20:47.206157Z,1527930658,4850
2026-04-15T18:30:46.700233Z,1527934770,4832
2026-04-15T18:41:12.144835Z,1527939434,4895
2026-04-15T18:50:54.471883Z,1527943765,4956
2026-04-15T19:01:03.858655Z,1527948263,4931
2026-04-15T19:10:51.818263Z,1527952437,4926
2026-04-15T19:20:52.847790Z,1527957279,4962
2026-04-15T19:30:56.075459Z,1527961761,5028
2026-04-15T19:40:47.235983Z,1527966305,5120
2026-04-15T19:50:44.495329Z,1527970986,5110
2026-04-15T20:00:43.938280Z,1527975329,5190
2026-04-15T20:10:42.919759Z,1527980387,5175
2026-04-15T20:20:44.313189Z,1527985083,5271
2026-04-15T20:30:55.186066Z,1527989800,5343
2026-04-15T20:40:44.486357Z,1527994836,5354
2026-04-15T20:50:46.025340Z,1527999373,5434
2026-04-15T21:00:45.559348Z,1528003949,5437
2026-04-15T21:10:43.899798Z,1528008674,5352
2026-04-15T21:20:44.459186Z,1528013331,5330
2026-04-15T21:30:57.918302Z,1528018045,5286
2026-04-15T21:40:19.348007Z,1528022363,5263
2026-04-15T21:50:19.534528Z,1528026876,5244
2026-04-15T22:00:20.907185Z,1528031265,5330
2026-04-15T22:10:19.591188Z,1528036161,5304
2026-04-15T22:20:17.532812Z,1528040364,5223
2026-04-15T22:30:19.980627Z,1528044871,5280
2026-04-15T22:40:19.005519Z,1528049595,5293
2026-04-15T22:50:19.168827Z,1528054020,5379
2026-04-15T23:00:22.388868Z,1528058808,5367
2026-04-15T23:10:19.098287Z,1528063284,5336
2026-04-15T23:20:20.398707Z,1528067793,5311
2026-04-15T23:30:20.497940Z,1528072482,5283
2026-04-15T23:40:19.873979Z,1528076890,5330
2026-04-15T23:50:19.379144Z,1528081542,5278
2026-04-16T00:00:17.723880Z,1528086005,5291
2026-04-16T00:10:20.489936Z,1528090710,5229
2026-04-16T00:20:20.585565Z,1528094909,5245
2026-04-16T00:30:18.976676Z,1528099526,5234
2026-04-16T00:40:19.471098Z,1528104095,5167
2026-04-16T00:50:18.799256Z,1528108581,5146
2026-04-16T01:00:18.792463Z,1528113174,5215
2026-04-16T01:10:20.321941Z,1528117846,5252
2026-04-16T01:20:19.570377Z,1528122131,5182
2026-04-16T01:30:18.483333Z,1528126498,5168
2026-04-16T01:40:17.586505Z,1528130668,5078
2026-04-16T01:50:20.790841Z,1528134792,4978
2026-04-16T02:00:21.333203Z,1528139136,4975
2026-04-16T02:10:21.458042Z,1528143485,4869
2026-04-16T02:20:18.313544Z,1528147598,4682
2026-04-16T02:30:20.494278Z,1528151514,4609
2026-04-16T02:40:18.971675Z,1528155219,4523
2026-04-16T02:50:23.137558Z,1528159063,4325
2026-04-16T03:00:18.393780Z,1528162495,4210
2026-04-16T03:10:17.343145Z,1528166486,4077
2026-04-16T03:20:20.612296Z,1528169743,3941
2026-04-16T03:30:20.004341Z,1528172827,3865
2026-04-16T03:40:19.354138Z,1528175969,3759
2026-04-16T03:50:19.512392Z,1528178979,3650
2026-04-16T04:00:24.082028Z,1528181934,3611
2026-04-16T04:10:20.373223Z,1528184991,3532
2026-04-16T04:20:20.003486Z,1528187696,3399
2026-04-16T04:30:20.251502Z,1528190291,3365
2026-04-16T04:40:21.627652Z,1528193110,3286
2026-04-16T04:50:23.851073Z,1528195925,3219
2026-04-16T05:00:26.342489Z,1528198639,3100
2026-04-16T05:10:19.391394Z,1528201365,3050
2026-04-16T05:20:20.075442Z,1528203882,2983
2026-04-16T05:30:25.847960Z,1528206525,2968
2026-04-16T05:40:22.396670Z,1528208920,2869
2026-04-16T05:50:21.061583Z,1528211309,2765
2026-04-16T06:00:31.888932Z,1528213593,2629
2026-04-16T06:10:19.798426Z,1528215804,2590
2026-04-16T06:20:26.661241Z,1528217884,2577
2026-04-16T06:30:26.671490Z,1528219920,2482
2026-04-16T06:40:22.399693Z,1528221867,2409
2026-04-16T06:50:21.038212Z,1528223713,2360
2026-04-16T07:00:27.769738Z,1528225547,2302
2026-04-16T07:10:24.750722Z,1528227429,2240
2026-04-16T07:20:20.136532Z,1528229331,2167
2026-04-16T07:30:26.509387Z,1528231132,2159
2026-04-16T07:40:23.322925Z,1528232970,2152
2026-04-16T07:50:23.992669Z,1528234677,2141
2026-04-16T08:00:27.751644Z,1528236569,2180
2026-04-16T08:10:21.860185Z,1528238467,2183
2026-04-16T08:20:23.470702Z,1528240285,2218
2026-04-16T08:30:18.242370Z,1528242221,2204
2026-04-16T08:40:20.875037Z,1528244372,2244
2026-04-16T08:50:19.608797Z,1528246265,2267
2026-04-16T09:00:21.964391Z,1528248189,2310
2026-04-16T09:10:20.524596Z,1528250142,2325
2026-04-16T09:20:20.545997Z,1528252290,2327
2026-04-16T09:30:22.205747Z,1528254261,2382
2026-04-16T09:40:21.663797Z,1528256297,2391
2026-04-16T09:50:20.832276Z,1528258316,2440
2026-04-16T10:00:23.932664Z,1528260589,2475
2026-04-16T10:10:20.379124Z,1528262985,2492
2026-04-16T10:20:25.944994Z,1528265111,2543
2026-04-16T10:30:20.029248Z,1528267166,2509
2026-04-16T10:40:18.927696Z,1528269435,2525
2026-04-16T10:50:21.468657Z,1528271589,2587
2026-04-16T11:00:23.734433Z,1528273942,2651
2026-04-16T11:10:20.748224Z,1528276403,2684
2026-04-16T11:20:21.127141Z,1528278840,2729
2026-04-16T11:30:23.337944Z,1528281455,2829
2026-04-16T11:40:19.259115Z,1528284207,2903
2026-04-16T11:50:22.294076Z,1528286886,2952
2026-04-16T12:00:26.236931Z,1528289592,2925
2026-04-16T12:10:27.577481Z,1528292289,3026
2026-04-16T12:20:24.324225Z,1528295205,3068
2026-04-16T12:30:21.761854Z,1528297901,3148
2026-04-16T12:40:21.555250Z,1528300862,3247
2026-04-16T12:50:21.236089Z,1528303715,3291
2026-04-16T13:00:24.412670Z,1528306647,3332
2026-04-16T13:10:28.645415Z,1528309709,3368
2026-04-16T13:20:21.992405Z,1528312927,3456
2026-04-16T13:30:26.725167Z,1528315930,3519
2026-04-16T13:40:22.646130Z,1528319151,3568
2026-04-16T13:50:23.082247Z,1528322554,3691
2026-04-16T14:00:26.255993Z,1528325893,3752
2026-04-16T14:10:48.561358Z,1528329430,3766
2026-04-16T14:20:27.132472Z,1528332558,3877
2026-04-16T14:30:27.960519Z,1528336030,3953
2026-04-16T14:40:26.004036Z,1528339791,3957
2026-04-16T14:50:25.850807Z,1528343218,4023
2026-04-16T15:00:33.758698Z,1528346791,4049
2026-04-16T15:10:29.281858Z,1528350338,4019
2026-04-16T15:20:23.444921Z,1528354190,4114
2026-04-16T15:30:28.634321Z,1528357981,4202
2026-04-16T15:40:25.680315Z,1528361752,4224
2026-04-16T15:50:45.308904Z,1528365652,4233
2026-04-16T16:00:37.187272Z,1528369531,4297
2026-04-16T16:10:24.260707Z,1528373459,4358
2026-04-16T16:20:34.340563Z,1528377325,4441
2026-04-16T16:30:27.192920Z,1528380990,4460
2026-04-16T16:40:20.116003Z,1528385009,4541
2026-04-16T16:50:21.615999Z,1528388911,4597
2026-04-16T17:00:23.811400Z,1528393054,4659
2026-04-16T17:10:23.381471Z,1528397125,4658
2026-04-16T17:20:23.072544Z,1528401307,4715
2026-04-16T17:30:26.551627Z,1528405627,4793
2026-04-16T17:40:22.858464Z,1528410163,4818
2026-04-16T17:50:20.124249Z,1528414510,4844
2026-04-16T18:00:39.630241Z,1528419084,4873
2026-04-16T18:10:29.375523Z,1528423441,4900
2026-04-16T18:20:24.911520Z,1528427843,4830
2026-04-16T18:30:19.836427Z,1528432260,4883
2026-04-16T18:40:21.637575Z,1528436659,4982
2026-04-16T18:50:26.067193Z,1528441114,5075
2026-04-16T19:00:24.807734Z,1528445356,5083
2026-04-16T19:10:18.132806Z,1528450040,5164
2026-04-16T19:20:21.477382Z,1528454713,5185
2026-04-16T19:30:19.562523Z,1528459421,5244
2026-04-16T19:40:24.139773Z,1528464132,5304
2026-04-16T19:50:20.518555Z,1528468936,5428
2026-04-16T20:00:22.693489Z,1528473512,5405
2026-04-16T20:10:20.710590Z,1528478605,5421
2026-04-16T20:20:20.402385Z,1528483099,5397
2026-04-16T20:30:22.869039Z,1528487792,5492
2026-04-16T20:40:33.361102Z,1528492794,5427
2026-04-16T20:50:36.379571Z,1528497300,5417
2026-04-16T21:00:34.814597Z,1528501839,5432
2026-04-16T21:10:34.717923Z,1528506413,5372
2026-04-16T21:20:33.975575Z,1528510997,5439
2026-04-16T21:30:32.305274Z,1528515424,5388
2026-04-16T21:40:34.945786Z,1528519950,5404
2026-04-16T21:50:35.239250Z,1528524642,5420
2026-04-16T22:00:36.435115Z,1528529502,5429
2026-04-16T22:10:35.377500Z,1528534230,5421
2026-04-16T22:20:32.548399Z,1528538949,5430
2026-04-16T22:30:33.453186Z,1528543290,5388
2026-04-16T22:40:33.894325Z,1528548193,5405
2026-04-16T22:50:33.620459Z,1528552733,5428
2026-04-16T23:00:35.519031Z,1528557306,5422
2026-04-16T23:10:34.300984Z,1528561727,5349
2026-04-16T23:20:33.974909Z,1528566390,5358
2026-04-16T23:30:33.275028Z,1528570854,5455
2026-04-16T23:40:33.269186Z,1528575572,5406
2026-04-16T23:50:35.962012Z,1528580351,5497
2026-04-17T00:00:41.248356Z,1528584951,5435
2026-04-17T00:10:32.881733Z,1528589531,5410
2026-04-17T00:20:33.666999Z,1528594124,5356
2026-04-17T00:30:34.650986Z,1528598524,5407
2026-04-17T00:40:35.231839Z,1528603574,5352
2026-04-17T00:50:33.629042Z,1528608159,5401
2026-04-17T01:00:33.129867Z,1528612826,5380
2026-04-17T01:10:33.745175Z,1528617807,5336
2026-04-17T01:20:35.184343Z,1528622277,5307
2026-04-17T01:30:33.371157Z,1528626798,5252
2026-04-17T01:40:31.800741Z,1528631281,5159
2026-04-17T01:50:33.225266Z,1528635891,5095
2026-04-17T02:00:35.550295Z,1528640404,5072
2026-04-17T02:10:33.231759Z,1528644532,5011
2026-04-17T02:20:33.475876Z,1528648923,4952
2026-04-17T02:30:31.262543Z,1528653154,4898
2026-04-17T02:40:33.614650Z,1528657337,4821
2026-04-17T02:50:33.278759Z,1528661405,4720
2026-04-17T03:00:33.113642Z,1528665343,4583
2026-04-17T03:10:34.044913Z,1528669218,4454
2026-04-17T03:20:32.186858Z,1528673136,4286
2026-04-17T03:30:34.368721Z,1528676877,4177
2026-04-17T03:40:33.669748Z,1528680384,4120
2026-04-17T03:50:33.602608Z,1528683694,4008
2026-04-17T04:00:36.413202Z,1528687093,3917
2026-04-17T04:10:35.192482Z,1528690345,3815
2026-04-17T04:20:34.121949Z,1528693792,3730
2026-04-17T04:30:33.457648Z,1528696934,3577
2026-04-17T04:40:33.429122Z,1528699941,3441
2026-04-17T04:50:35.415655Z,1528702702,3363
2026-04-17T05:00:35.981355Z,1528705348,3295
2026-04-17T05:10:32.930314Z,1528708031,3208
2026-04-17T05:20:33.256929Z,1528710634,3145
2026-04-17T05:30:39.006771Z,1528713382,3128
2026-04-17T05:40:31.799061Z,1528715849,3064
2026-04-17T05:50:34.250775Z,1528718332,2953
2026-04-17T06:00:33.445705Z,1528720751,2867
2026-04-17T06:10:34.116784Z,1528723007,2806
2026-04-17T06:20:33.415324Z,1528725046,2766
2026-04-17T06:30:31.797394Z,1528727302,2675
2026-04-17T06:40:33.671770Z,1528729718,2578
2026-04-17T06:50:34.825849Z,1528731806,2553
2026-04-17T07:00:34.220620Z,1528734030,2545
2026-04-17T07:10:34.855158Z,1528736297,2496
2026-04-17T07:20:34.006531Z,1528738344,2500
2026-04-17T07:30:13.179597Z,1528740259,2496
2026-04-17T07:40:11.712833Z,1528742346,2458
2026-04-17T07:50:13.903089Z,1528744409,2497
2026-04-17T08:00:13.693381Z,1528746416,2517
2026-04-17T08:10:15.241116Z,1528748495,2496
2026-04-17T08:20:13.118165Z,1528750604,2470
2026-04-17T08:30:13.465137Z,1528752683,2475
2026-04-17T08:40:21.300855Z,1528754926,2455
2026-04-17T08:50:13.427313Z,1528757088,2476
2026-04-17T09:00:14.667180Z,1528759250,2480
2026-04-17T09:10:20.009624Z,1528761660,2543
2026-04-17T09:20:12.261829Z,1528763791,2522
2026-04-17T09:30:13.020441Z,1528766291,2578
2026-04-17T09:40:12.675711Z,1528768656,2617
2026-04-17T09:50:13.795887Z,1528770996,2615
2026-04-17T10:00:12.804923Z,1528773356,2643
2026-04-17T10:10:13.272648Z,1528775878,2698
2026-04-17T10:20:11.681663Z,1528778328,2740
2026-04-17T10:30:15.105959Z,1528780821,2752
2026-04-17T10:40:11.999397Z,1528783598,2818
2026-04-17T10:50:14.251513Z,1528786090,2860
2026-04-17T11:00:14.615443Z,1528788675,2868
2026-04-17T11:10:12.970374Z,1528791164,2906
2026-04-17T11:20:14.552335Z,1528793847,2931
2026-04-17T11:30:15.066550Z,1528796585,3037
2026-04-17T11:40:17.472061Z,1528799477,3133
2026-04-17T11:50:12.176521Z,1528802192,3186
2026-04-17T12:00:13.669216Z,1528804890,3227
2026-04-17T12:10:12.988012Z,1528807937,3362
2026-04-17T12:20:13.396821Z,1528810992,3434
2026-04-17T12:30:13.898632Z,1528814142,3478
2026-04-17T12:40:15.261810Z,1528817368,3580
2026-04-17T12:50:16.150174Z,1528820692,3692
2026-04-17T13:00:14.392884Z,1528823968,3823
2026-04-17T13:10:13.650112Z,1528827767,3967
2026-04-17T13:20:16.482304Z,1528831309,4093
2026-04-17T13:30:15.900514Z,1528834918,4162
2026-04-17T13:40:16.117851Z,1528838832,4167
2026-04-17T13:50:13.737972Z,1528842746,4308
2026-04-17T14:00:15.393285Z,1528846713,4420
2026-04-17T14:10:16.639027Z,1528850834,4483
2026-04-17T14:20:15.756044Z,1528854737,4518
2026-04-17T14:30:17.621490Z,1528858941,4669
2026-04-17T14:40:13.943305Z,1528863487,4697
2026-04-17T14:50:21.932850Z,1528867582,4841
2026-04-17T15:00:14.794173Z,1528871857,4877
2026-04-17T15:10:14.405263Z,1528876275,4832
2026-04-17T15:20:17.470156Z,1528880596,4880
2026-04-17T15:30:15.793479Z,1528884842,4873
2026-04-17T15:40:15.963379Z,1528889218,4892
2026-04-17T15:50:15.363655Z,1528893739,4963
2026-04-17T16:00:14.739680Z,1528897944,5033
2026-04-17T16:10:13.161575Z,1528902481,5075
2026-04-17T16:20:15.534436Z,1528906776,5087
2026-04-17T16:30:13.958749Z,1528911170,5247
2026-04-17T16:40:21.615000Z,1528915800,5277
2026-04-17T16:50:12.495902Z,1528920012,5314
2026-04-17T17:00:15.712657Z,1528924529,5333
2026-04-17T17:10:11.491798Z,1528929093,5402
2026-04-17T17:20:14.401194Z,1528933544,5409
2026-04-17T17:30:16.940797Z,1528938116,5415
2026-04-17T17:40:10.483691Z,1528943054,5430
2026-04-17T17:50:14.063205Z,1528947557,5468
2026-04-17T18:00:11.566260Z,1528952186,5527
2026-04-17T18:10:17.047173Z,1528956785,5508
2026-04-17T18:20:22.592627Z,1528961562,5594
2026-04-17T18:30:14.048938Z,1528966261,5622
2026-04-17T18:40:13.990529Z,1528971109,5609
2026-04-17T18:50:13.605333Z,1528975803,5714
2026-04-17T19:00:13.941813Z,1528980722,5821
2026-04-17T19:10:14.954802Z,1528986208,5914
2026-04-17T19:20:13.667545Z,1528991463,5902
2026-04-17T19:30:12.454064Z,1528996898,5967
2026-04-17T19:40:13.866864Z,1529002208,6127
2026-04-17T19:50:14.530259Z,1529007700,6154
2026-04-17T20:00:15.487860Z,1529013201,6261
2026-04-17T20:10:15.868045Z,1529018663,6330
2026-04-17T20:20:12.941560Z,1529024367,6367
2026-04-17T20:30:14.443973Z,1529030156,6497
2026-04-17T20:40:14.043458Z,1529036325,6696
2026-04-17T20:50:12.928740Z,1529042050,6664
2026-04-17T21:00:14.703523Z,1529048098,6727
2026-04-17T21:10:13.020024Z,1529054267,6775
2026-04-17T21:20:54.978826Z,1529060571,6778
2026-04-17T21:30:57.591411Z,1529066248,6782
2026-04-17T21:40:59.013291Z,1529072103,6769
2026-04-17T21:50:59.435842Z,1529077604,6737
2026-04-17T22:01:00.141438Z,1529083372,6726
2026-04-17T22:10:57.681029Z,1529089496,6668
2026-04-17T22:20:55.240454Z,1529094959,6606
2026-04-17T22:30:57.746945Z,1529100239,6502
2026-04-17T22:40:54.581219Z,1529105945,6469
2026-04-17T22:50:58.346852Z,1529111515,6421
2026-04-17T23:00:59.073806Z,1529117126,6414
2026-04-17T23:10:56.056395Z,1529122632,6365
2026-04-17T23:20:58.174415Z,1529127640,6293
2026-04-17T23:30:57.573909Z,1529133415,6303
2026-04-17T23:40:57.569073Z,1529139228,6245
2026-04-17T23:50:56.799537Z,1529144248,6179
2026-04-18T00:00:58.565490Z,1529149454,6110
2026-04-18T00:10:58.017321Z,1529154811,6180
2026-04-18T00:20:58.547445Z,1529160165,6223
2026-04-18T00:30:58.782397Z,1529165256,6148
2026-04-18T00:40:54.687145Z,1529170651,6096
2026-04-18T00:50:56.595017Z,1529175859,6077
2026-04-18T01:00:57.851409Z,1529181142,6043
2026-04-18T01:11:00.459570Z,1529186677,6121
2026-04-18T01:21:00.586600Z,1529191838,6139
2026-04-18T01:31:04.694433Z,1529196997,6149
2026-04-18T01:40:56.525385Z,1529202568,6144
2026-04-18T01:51:00.508839Z,1529208058,6158
2026-04-18T02:00:57.352183Z,1529213353,6132
2026-04-18T02:10:56.774251Z,1529218750,6092
2026-04-18T02:20:58.024259Z,1529223666,6093
2026-04-18T02:30:54.880231Z,1529229047,6082
2026-04-18T02:40:56.387737Z,1529234308,6015
2026-04-18T02:50:58.984403Z,1529239302,6025
2026-04-18T03:01:06.700803Z,1529244724,6040
2026-04-18T03:10:58.242448Z,1529249904,5895
2026-04-18T03:20:55.201751Z,1529254379,5845
2026-04-18T03:30:57.564998Z,1529259934,5823
2026-04-18T03:40:55.358385Z,1529264970,5751
2026-04-18T03:50:57.439617Z,1529269670,5639
2026-04-18T04:01:05.741902Z,1529274694,5591
2026-04-18T04:10:55.150902Z,1529279459,5546
2026-04-18T04:20:59.178173Z,1529283594,5439
2026-04-18T04:31:01.859122Z,1529288357,5397
2026-04-18T04:41:00.225699Z,1529292962,5313
2026-04-18T04:50:58.104614Z,1529297310,5188
2026-04-18T05:01:10.152739Z,1529301601,5136
2026-04-18T05:11:01.076748Z,1529306043,4970
2026-04-18T05:20:59.634956Z,1529309781,4923
2026-04-18T05:31:09.254682Z,1529314254,4801
2026-04-18T05:41:02.206680Z,1529318451,4658
2026-04-18T05:51:01.146909Z,1529322359,4520
2026-04-18T06:01:18.302066Z,1529326438,4464
2026-04-18T06:11:02.093849Z,1529330231,4318
2026-04-18T06:20:59.566040Z,1529333744,4293
2026-04-18T06:31:10.302527Z,1529337544,4258
2026-04-18T06:41:03.209464Z,1529341043,4177
2026-04-18T06:50:59.000977Z,1529344327,4057
2026-04-18T07:01:13.430839Z,1529348013,4031
2026-04-18T07:11:05.836962Z,1529351400,3963
2026-04-18T07:21:05.996910Z,1529354323,3860
2026-04-18T07:31:09.871137Z,1529357694,3782
2026-04-18T07:41:01.542654Z,1529361139,3730
2026-04-18T07:50:55.089895Z,1529363947,3693
2026-04-18T08:00:53.360451Z,1529367077,3701
2026-04-18T08:10:51.748603Z,1529370331,3698
2026-04-18T08:20:52.303802Z,1529373215,3647
2026-04-18T08:30:53.687235Z,1529376496,3647
2026-04-18T08:40:52.321747Z,1529379744,3674
2026-04-18T08:50:54.109178Z,1529382719,3660
2026-04-18T09:00:55.898763Z,1529385864,3678
2026-04-18T09:10:55.715129Z,1529389154,3655
2026-04-18T09:20:55.452816Z,1529392124,3758
2026-04-18T09:30:51.572368Z,1529395166,3774
2026-04-18T09:40:54.998749Z,1529398409,3809
2026-04-18T09:50:54.200783Z,1529401443,3855
2026-04-18T10:00:54.411116Z,1529404842,3852
2026-04-18T10:10:53.357611Z,1529408482,3916
2026-04-18T10:20:53.271776Z,1529412059,4019
2026-04-18T10:30:55.276027Z,1529415340,4070
2026-04-18T10:40:54.849133Z,1529419104,4111
2026-04-18T10:50:55.785327Z,1529422832,4197
2026-04-18T11:00:56.621836Z,1529426535,4253
2026-04-18T11:10:53.306904Z,1529429901,4362
2026-04-18T11:20:54.562258Z,1529434049,4429
2026-04-18T11:30:57.647197Z,1529437681,4509
2026-04-18T11:40:55.113443Z,1529441907,4614
2026-04-18T11:50:53.278815Z,1529445735,4631
2026-04-18T12:00:58.605629Z,1529449757,4724
2026-04-18T12:10:53.192002Z,1529454127,4795
2026-04-18T12:20:53.785909Z,1529458306,4915
2026-04-18T12:30:55.234957Z,1529462785,5044
2026-04-18T12:40:53.775932Z,1529466892,5111
2026-04-18T12:50:52.878509Z,1529471413,5212
2026-04-18T13:00:55.948238Z,1529476161,5399
2026-04-18T13:10:55.951458Z,1529481055,5518
2026-04-18T13:20:55.985556Z,1529485878,5643
2026-04-18T13:30:57.257661Z,1529491020,5746
2026-04-18T13:40:55.525040Z,1529496112,5858
2026-04-18T13:50:54.356231Z,1529500906,5972
2026-04-18T14:00:58.004813Z,1529506146,6037
2026-04-18T14:10:52.946296Z,1529511397,6054
2026-04-18T14:20:55.252023Z,1529516288,6193
2026-04-18T14:30:55.730952Z,1529521821,6316
2026-04-18T14:40:55.255800Z,1529527518,6514
2026-04-18T14:50:55.149446Z,1529532711,6643
2026-04-18T15:00:56.876486Z,1529538586,6733
2026-04-18T15:10:56.555035Z,1529544465,6848
2026-04-18T15:20:54.972646Z,1529550310,6970
2026-04-18T15:30:56.980684Z,1529556321,7022
2026-04-18T15:40:54.082599Z,1529562348,7062
2026-04-18T15:50:52.878717Z,1529568478,7171
2026-04-18T16:00:59.962269Z,1529574753,7255
2026-04-18T16:10:52.957389Z,1529581377,7252
2026-04-18T16:20:51.330005Z,1529587471,7222
2026-04-18T16:30:54.858457Z,1529593325,7290
2026-04-18T16:40:55.600331Z,1529600264,7303
2026-04-18T16:50:55.922059Z,1529606463,7375
2026-04-18T17:00:56.717738Z,1529612715,7436
2026-04-18T17:10:51.639903Z,1529619130,7475
2026-04-18T17:20:56.484566Z,1529625503,7510
2026-04-18T17:30:57.516809Z,1529631959,7788
2026-04-18T17:40:55.461159Z,1529639032,7834
2026-04-18T17:50:51.090104Z,1529645472,7908
2026-04-18T18:00:54.000770Z,1529652182,8021
2026-04-18T18:11:00.440654Z,1529659151,7967
2026-04-18T18:20:53.700613Z,1529666048,7998
2026-04-18T18:30:54.386360Z,1529672905,8075
2026-04-18T18:40:45.704969Z,1529679840,8131
2026-04-18T18:50:45.806570Z,1529686556,8220
2026-04-18T19:00:47.843270Z,1529693759,8227
2026-04-18T19:10:46.979147Z,1529701795,8258
2026-04-18T19:20:45.254119Z,1529709087,8266
2026-04-18T19:30:51.228739Z,1529716937,8311
2026-04-18T19:40:46.905510Z,1529724317,8327
2026-04-18T19:50:44.486879Z,1529731021,8420
2026-04-18T20:00:50.947524Z,1529738535,8412
2026-04-18T20:10:42.818332Z,1529745568,8305
2026-04-18T20:20:43.790055Z,1529752293,8247
2026-04-18T20:30:44.401006Z,1529759568,8226
2026-04-18T20:40:46.959691Z,1529766829,8206
2026-04-18T20:50:47.382479Z,1529773569,8114
2026-04-18T21:00:48.984023Z,1529780274,8090
2026-04-18T21:10:45.306007Z,1529787549,8104
2026-04-18T21:20:47.024096Z,1529794379,8007
2026-04-18T21:30:44.918342Z,1529801012,7999
2026-04-18T21:40:45.496663Z,1529807689,8002
2026-04-18T21:50:46.459299Z,1529814273,7927
2026-04-18T22:00:52.922656Z,1529821078,7803
2026-04-18T22:10:44.524267Z,1529827656,7789
2026-04-18T22:20:43.997408Z,1529833798,7678
2026-04-18T22:30:47.300547Z,1529840088,7601
2026-04-18T22:40:44.343861Z,1529846193,7574
2026-04-18T22:50:43.350530Z,1529852196,7507
2026-04-18T23:00:46.961767Z,1529858318,7433
2026-04-18T23:10:42.703452Z,1529864258,7348
2026-04-18T23:20:45.344591Z,1529869985,7269
2026-04-18T23:30:44.854733Z,1529876000,7272
2026-04-18T23:40:44.747751Z,1529882008,7160
2026-04-18T23:50:43.645476Z,1529887977,7025
2026-04-19T00:00:49.076852Z,1529893653,6989
2026-04-19T00:10:42.852817Z,1529899572,6854
2026-04-19T00:20:45.634705Z,1529905261,6813
2026-04-19T00:30:45.072361Z,1529910960,6818
2026-04-19T00:40:44.283649Z,1529916763,6717
2026-04-19T00:50:43.853577Z,1529922472,6584
2026-04-19T01:00:45.657663Z,1529927891,6523
2026-04-19T01:10:44.046596Z,1529933659,6503
2026-04-19T01:20:43.519039Z,1529939194,6515
2026-04-19T01:30:43.988867Z,1529944851,6413
2026-04-19T01:40:46.298478Z,1529951985,6175
2026-04-19T01:50:45.480259Z,1529957846,5933
2026-04-19T02:00:50.513100Z,1529963941,5555
2026-04-19T02:10:43.340203Z,1529970782,5369
2026-04-19T02:20:44.994188Z,1529975895,5383
2026-04-19T02:30:44.048762Z,1529980300,5472
2026-04-19T02:40:44.584481Z,1529986120,5544
2026-04-19T02:50:43.114518Z,1529991274,5630
2026-04-19T03:00:44.840191Z,1529996557,5608
2026-04-19T03:10:43.164400Z,1530001613,5517
2026-04-19T03:20:43.607825Z,1530006848,5358
2026-04-19T03:30:43.619814Z,1530013611,5158
2026-04-19T03:40:44.683628Z,1530018387,5312
2026-04-19T03:50:43.437259Z,1530022994,5320
2026-04-19T04:00:43.754877Z,1530027467,5313
2026-04-19T04:10:44.662336Z,1530032043,5264
2026-04-19T04:20:42.858025Z,1530036283,5284
2026-04-19T04:30:44.171447Z,1530040660,5309
2026-04-19T04:40:44.196353Z,1530044986,5267
2026-04-19T04:50:43.580464Z,1530049263,5197
2026-04-19T05:00:45.168554Z,1530053686,5109
2026-04-19T05:10:43.831078Z,1530058105,5005
2026-04-19T05:20:57.331220Z,1530062345,5000
2026-04-19T05:31:12.901893Z,1530066314,4992
2026-04-19T05:41:01.906694Z,1530070681,4944
2026-04-19T05:51:01.325119Z,1530074693,4876
2026-04-19T06:01:08.136299Z,1530078757,4777
2026-04-19T06:11:05.943685Z,1530082663,4638
2026-04-19T06:21:04.485028Z,1530086285,4545
2026-04-19T06:31:11.392144Z,1530090237,4487
2026-04-19T06:41:00.800541Z,1530093724,4416
2026-04-19T06:51:02.207857Z,1530097109,4342
2026-04-19T07:01:07.187689Z,1530100841,4254
2026-04-19T07:11:03.375729Z,1530104611,4167
2026-04-19T07:21:00.447249Z,1530108008,4092
2026-04-19T07:30:59.348099Z,1530111158,4045
2026-04-19T07:40:58.036917Z,1530114453,3942
2026-04-19T07:51:00.380128Z,1530117889,3932
2026-04-19T08:01:13.951297Z,1530121216,3918
2026-04-19T08:11:01.513443Z,1530124394,3816
2026-04-19T08:20:58.911086Z,1530127615,3755
2026-04-19T08:31:01.974059Z,1530130841,3825
2026-04-19T08:41:00.915904Z,1530134163,3858
2026-04-19T08:50:57.707040Z,1530137427,3867
2026-04-19T09:01:15.459313Z,1530140585,3894
2026-04-19T09:11:00.525895Z,1530144281,3958
2026-04-19T09:20:54.403460Z,1530147665,3993
2026-04-19T09:30:59.878312Z,1530151108,4020
2026-04-19T09:40:56.024901Z,1530154460,4043
2026-04-19T09:50:57.062346Z,1530157860,4070
2026-04-19T10:01:04.046621Z,1530161363,4116
2026-04-19T10:10:54.132369Z,1530164870,4181
2026-04-19T10:21:00.445455Z,1530168415,4187
2026-04-19T10:30:58.691444Z,1530172030,4219
2026-04-19T10:40:55.023205Z,1530175589,4251
2026-04-19T10:50:54.713821Z,1530179248,4263
2026-04-19T11:00:58.465298Z,1530182780,4286
2026-04-19T11:10:56.980453Z,1530186782,4352
2026-04-19T11:20:58.734091Z,1530190664,4413
2026-04-19T11:30:58.975040Z,1530194532,4492
2026-04-19T11:40:51.487416Z,1530198741,4603
2026-04-19T11:50:55.876854Z,1530202690,4638
2026-04-19T12:01:03.566849Z,1530206911,4755
2026-04-19T12:10:52.799985Z,1530211208,4828
2026-04-19T12:20:53.004189Z,1530215316,4938
2026-04-19T12:30:54.894246Z,1530219844,5027
2026-04-19T12:40:54.217070Z,1530224539,5131
2026-04-19T12:50:52.363934Z,1530228884,5144
2026-04-19T13:00:54.883029Z,1530233489,5264
2026-04-19T13:10:52.353121Z,1530238290,5404
2026-04-19T13:20:55.125027Z,1530243248,5478
2026-04-19T13:30:54.569830Z,1530248222,5509
2026-04-19T13:40:54.815110Z,1530253274,5586
2026-04-19T13:50:53.824432Z,1530258391,5713
2026-04-19T14:00:51.354783Z,1530263463,5835
2026-04-19T14:10:56.891416Z,1530268428,5865
2026-04-19T14:20:53.270679Z,1530273757,5950
2026-04-19T14:30:52.233065Z,1530279293,6154
2026-04-19T14:40:53.706212Z,1530285053,6244
2026-04-19T14:50:52.665616Z,1530290294,6284
2026-04-19T15:00:52.877082Z,1530296116,6435
2026-04-19T15:10:53.442809Z,1530302022,6592
2026-04-19T15:20:52.472107Z,1530307759,6678
2026-04-19T15:30:54.530018Z,1530313508,6819
2026-04-19T15:40:58.213063Z,1530319120,6906
2026-04-19T15:50:53.894976Z,1530325046,7013
2026-04-19T16:00:55.064075Z,1530331477,7092
2026-04-19T16:10:54.505537Z,1530338008,7105
2026-04-19T16:20:54.894856Z,1530344240,7244
2026-04-19T16:30:57.444889Z,1530350642,7387
2026-04-19T16:40:51.881687Z,1530357298,7443
2026-04-19T16:50:54.429143Z,1530363882,7539
2026-04-19T17:01:02.004022Z,1530370724,7723
2026-04-19T17:10:53.751517Z,1530377231,7725
2026-04-19T17:20:54.382125Z,1530383781,7732
2026-04-19T17:30:56.299358Z,1530390784,7786
2026-04-19T17:40:52.636051Z,1530397853,7935
2026-04-19T17:50:54.953482Z,1530404732,7935
2026-04-19T18:01:00.955992Z,1530411869,8000
2026-04-19T18:10:53.895330Z,1530419151,8017
2026-04-19T18:20:55.964697Z,1530426268,8119
2026-04-19T18:30:56.132181Z,1530432918,8172
2026-04-19T18:40:53.166006Z,1530440459,8228
2026-04-19T18:50:55.912350Z,1530447674,8106
2026-04-19T19:00:58.149821Z,1530454890,8198
2026-04-19T19:10:54.024422Z,1530462329,8198
2026-04-19T19:20:52.596328Z,1530469521,8285
2026-04-19T19:30:51.690872Z,1530476757,8294
2026-04-19T19:40:56.006782Z,1530483824,8224
2026-04-19T19:50:54.545763Z,1530491257,8215
2026-04-19T20:01:06.619553Z,1530498383,8115
2026-04-19T20:10:54.630410Z,1530505065,7895
2026-04-19T20:20:55.813442Z,1530511841,7870
2026-04-19T20:30:56.806389Z,1530518582,7868
2026-04-19T20:40:57.316023Z,1530525696,7883
2026-04-19T20:50:54.875886Z,1530532253,7732
2026-04-19T21:01:00.640001Z,1530538479,7609
2026-04-19T21:10:58.672968Z,1530545945,7412
2026-04-19T21:20:56.255237Z,1530552111,7378
2026-04-19T21:30:58.397453Z,1530558140,7239
2026-04-19T21:40:59.602628Z,1530564133,7174
2026-04-19T21:50:54.538274Z,1530570152,7093
2026-04-19T22:01:04.563593Z,1530576206,7037
2026-04-19T22:10:55.444068Z,1530582381,6779
2026-04-19T22:20:56.389809Z,1530588067,6577
2026-04-19T22:30:55.678018Z,1530593349,6488
2026-04-19T22:40:57.284916Z,1530599231,6425
2026-04-19T22:50:54.150742Z,1530604353,6359
2026-04-19T23:00:54.587011Z,1530609973,6270
2026-04-19T23:10:55.180023Z,1530615285,6289
2026-04-19T23:20:56.680718Z,1530620661,6241
2026-04-19T23:30:55.926738Z,1530625847,6319
2026-04-19T23:40:57.349548Z,1530631535,6266
2026-04-19T23:50:55.913150Z,1530636550,6165
2026-04-20T00:01:11.242220Z,1530642059,6030
2026-04-20T00:10:53.867395Z,1530647368,5962
2026-04-20T00:20:56.586188Z,1530652331,5979
2026-04-20T00:30:58.085776Z,1530657548,5978
2026-04-20T00:40:54.278413Z,1530662530,6003
2026-04-20T00:50:53.860402Z,1530667632,5942
2026-04-20T01:00:59.128694Z,1530672836,5818
2026-04-20T01:10:55.707439Z,1530677921,5749
2026-04-20T01:20:51.652435Z,1530682565,5753
2026-04-20T01:30:55.364291Z,1530687508,5599
2026-04-20T01:40:51.500267Z,1530692432,5543
2026-04-20T01:50:54.879708Z,1530697342,5479
2026-04-20T02:00:56.931712Z,1530702176,5465
2026-04-20T02:10:53.361692Z,1530707650,4994
2026-04-20T02:20:53.811204Z,1530713320,4973
2026-04-20T02:30:54.570317Z,1530717466,4982
2026-04-20T02:40:53.408281Z,1530721876,5007
2026-04-20T02:50:52.319125Z,1530725420,4939
2026-04-20T03:00:56.368897Z,1530729866,4799
2026-04-20T03:10:54.787802Z,1530733618,4614
2026-04-20T03:20:56.292378Z,1530737188,4493
2026-04-20T03:30:58.945959Z,1530740760,4450
2026-04-20T03:40:59.009252Z,1530744225,4311
2026-04-20T03:50:58.620316Z,1530747568,4220
2026-04-20T04:01:03.452180Z,1530750986,4137
2026-04-20T04:10:58.766783Z,1530754420,3947
2026-04-20T04:20:57.885390Z,1530757389,3765
2026-04-20T04:31:01.817498Z,1530760359,3661
2026-04-20T04:40:57.106279Z,1530763237,3587
2026-04-20T04:50:54.255312Z,1530765949,3397
2026-04-20T05:01:03.721679Z,1530768732,3341
2026-04-20T05:10:57.151594Z,1530771316,3235
2026-04-20T05:20:58.393696Z,1530773684,3080
2026-04-20T05:31:05.385400Z,1530776326,3027
2026-04-20T05:41:03.621619Z,1530778774,2985
2026-04-20T05:50:59.776565Z,1530781200,2902
2026-04-20T06:01:08.303390Z,1530783479,2832
2026-04-20T06:10:59.369805Z,1530785860,2694
2026-04-20T06:21:03.219175Z,1530787961,2645
2026-04-20T06:31:06.770849Z,1530790091,2605
2026-04-20T06:41:10.518162Z,1530792391,2575
2026-04-20T06:50:59.676915Z,1530794496,2514
2026-04-20T07:01:09.379307Z,1530796436,2445
2026-04-20T07:11:02.625552Z,1530798399,2412
2026-04-20T07:21:00.783687Z,1530800287,2385
2026-04-20T07:31:10.555074Z,1530802260,2368
2026-04-20T07:41:03.878155Z,1530804205,2302
2026-04-20T07:51:01.904497Z,1530806132,2300
2026-04-20T08:01:05.626470Z,1530808035,2298
2026-04-20T08:11:03.515328Z,1530809839,2216
2026-04-20T08:21:01.574472Z,1530811648,2187
2026-04-20T08:31:03.915239Z,1530813649,2180
2026-04-20T08:41:04.466020Z,1530815466,2163
2026-04-20T08:51:01.698572Z,1530817203,2175
2026-04-20T09:01:12.861238Z,1530819129,2195
2026-04-20T09:10:59.213086Z,1530820970,2149
2026-04-20T09:21:00.105369Z,1530823102,2176
2026-04-20T09:31:06.574584Z,1530824851,2178
2026-04-20T09:40:58.248497Z,1530826747,2200
2026-04-20T09:50:59.366505Z,1530828612,2162
2026-04-20T10:01:12.060620Z,1530830607,2171
2026-04-20T10:10:59.731507Z,1530832540,2224
2026-04-20T10:20:57.759483Z,1530834620,2216
2026-04-20T10:30:59.027267Z,1530836649,2270
2026-04-20T10:40:55.286852Z,1530838664,2291
2026-04-20T10:50:58.164794Z,1530840764,2336
2026-04-20T11:01:01.809808Z,1530842804,2387
2026-04-20T11:10:58.271722Z,1530844945,2390
2026-04-20T11:20:56.976749Z,1530846904,2426
2026-04-20T11:31:00.017189Z,1530849182,2442
2026-04-20T11:40:57.318352Z,1530851617,2513
2026-04-20T11:50:57.079627Z,1530853718,2588
2026-04-20T12:01:05.683611Z,1530856246,2619
2026-04-20T12:10:57.131546Z,1530858944,2696
2026-04-20T12:21:00.331896Z,1530861360,2784
2026-04-20T12:30:58.985929Z,1530863976,2839
2026-04-20T12:40:57.617044Z,1530866495,2990
2026-04-20T12:50:59.418981Z,1530869271,3027
2026-04-20T13:01:01.530553Z,1530872171,3115
2026-04-20T13:10:58.599376Z,1530875112,3171
2026-04-20T13:20:57.056071Z,1530878116,3254
2026-04-20T13:30:58.876537Z,1530881317,3370
2026-04-20T13:41:00.041613Z,1530884443,3558
2026-04-20T13:50:59.006788Z,1530887644,3614
2026-04-20T14:01:00.513952Z,1530891128,3637
2026-04-20T14:11:01.318119Z,1530894409,3673
2026-04-20T14:20:58.707768Z,1530897826,3741
2026-04-20T14:30:17.201606Z,1530900899,3861
2026-04-20T14:40:21.835005Z,1530904516,3952
2026-04-20T14:50:26.351671Z,1530908236,4009
2026-04-20T15:00:27.251272Z,1530911670,3989
2026-04-20T15:10:17.349781Z,1530915259,4058
2026-04-20T15:20:19.648585Z,1530918771,4093
2026-04-20T15:30:16.456062Z,1530922464,4129
2026-04-20T15:40:20.432811Z,1530926277,4194
2026-04-20T15:50:18.451001Z,1530929980,4282
2026-04-20T16:00:20.069893Z,1530933663,4291
2026-04-20T16:10:18.611341Z,1530937867,4342
2026-04-20T16:20:23.940260Z,1530941743,4389
2026-04-20T16:30:17.050310Z,1530945442,4407
2026-04-20T16:40:18.071662Z,1530949741,4512
2026-04-20T16:50:20.387571Z,1530953997,4575
2026-04-20T17:00:16.275075Z,1530958454,4648
2026-04-20T17:10:15.524697Z,1530962593,4700
2026-04-20T17:20:21.956211Z,1530967022,4771
2026-04-20T17:30:17.295603Z,1530971393,4850
2026-04-20T17:40:22.013094Z,1530976164,4895
2026-04-20T17:50:19.605690Z,1530980612,4939
2026-04-20T18:00:16.716741Z,1530985687,5068
2026-04-20T18:10:18.093509Z,1530990294,5115
2026-04-20T18:20:16.440339Z,1530995137,5083
2026-04-20T18:30:17.365453Z,1530999559,5114
2026-04-20T18:40:18.436164Z,1531004078,5039
2026-04-20T18:50:15.189481Z,1531009200,5116
2026-04-20T19:00:18.239099Z,1531014001,5141
2026-04-20T19:10:18.933278Z,1531019124,5150
2026-04-20T19:20:17.175940Z,1531021390,4919
2026-04-20T19:30:18.334072Z,1531029059,4987
2026-04-20T19:40:16.718371Z,1531033607,5049
2026-04-20T19:50:18.596035Z,1531038531,5044
2026-04-20T20:00:20.648493Z,1531043376,5074
2026-04-20T20:10:16.576105Z,1531047964,5054
2026-04-20T20:20:16.828158Z,1531052535,5052
2026-04-20T20:30:16.836225Z,1531056897,5092
2026-04-20T20:40:15.561608Z,1531061278,5245
2026-04-20T20:50:17.209999Z,1531066305,5242
2026-04-20T21:00:17.427571Z,1531070912,5214
2026-04-20T21:10:18.151594Z,1531075830,5205
2026-04-20T21:20:16.745624Z,1531080581,5164
2026-04-20T21:30:16.952104Z,1531085033,5193
2026-04-20T21:40:18.087700Z,1531089631,5195
2026-04-20T21:50:16.081315Z,1531094069,5185
2026-04-20T22:00:15.560825Z,1531098912,5144
2026-04-20T22:10:18.150400Z,1531103153,5128
2026-04-20T22:20:18.817345Z,1531108148,5183
2026-04-20T22:30:15.412566Z,1531112373,5170
2026-04-20T22:40:18.192355Z,1531117038,5171
2026-04-20T22:50:16.521901Z,1531121498,5202
2026-04-20T23:00:16.305871Z,1531126195,5263
2026-04-20T23:10:17.598505Z,1531130730,5267
2026-04-20T23:20:14.532798Z,1531135395,5179
2026-04-20T23:30:14.343705Z,1531140053,5215
2026-04-20T23:40:18.066925Z,1531144543,5252
2026-04-20T23:50:17.626799Z,1531149032,5231
2026-04-21T00:00:14.931151Z,1531153596,5220
2026-04-21T00:10:14.294805Z,1531158259,5272
2026-04-21T00:20:16.374062Z,1531162658,5232
2026-04-21T00:30:15.426883Z,1531167078,5215
2026-04-21T00:40:15.298431Z,1531171394,5222
2026-04-21T00:50:17.882461Z,1531176042,5212
2026-04-21T01:00:17.768739Z,1531180758,5196
2026-04-21T01:10:15.357395Z,1531185368,5159
2026-04-21T01:20:15.689149Z,1531189696,5001
2026-04-21T01:30:17.012693Z,1531193678,5026
2026-04-21T01:40:16.167471Z,1531197909,5014
2026-04-21T01:50:16.533252Z,1531202123,4997
2026-04-21T02:00:15.921504Z,1531206243,4958
2026-04-21T02:10:15.708291Z,1531210275,4765
2026-04-21T02:20:53.306492Z,1531214455,4652
2026-04-21T02:30:52.950471Z,1531218548,4572
2026-04-21T02:40:51.293179Z,1531222311,4473
2026-04-21T02:50:53.186807Z,1531225827,4432
2026-04-21T03:00:56.853188Z,1531229963,4276
2026-04-21T03:10:54.274464Z,1531233215,4112
2026-04-21T03:20:54.803722Z,1531236541,3900
2026-04-21T03:30:55.452524Z,1531239841,3807
2026-04-21T03:40:50.909688Z,1531242853,3719
2026-04-21T03:50:52.887330Z,1531245755,3606
2026-04-21T04:00:56.329505Z,1531248800,3504
2026-04-21T04:10:54.052437Z,1531251677,3419
2026-04-21T04:20:53.384579Z,1531254512,3281
2026-04-21T04:30:57.916294Z,1531257199,3230
2026-04-21T04:40:54.553729Z,1531259940,3171
2026-04-21T04:50:52.661971Z,1531262327,3042
2026-04-21T05:00:59.662150Z,1531264853,2949
2026-04-21T05:10:52.946664Z,1531267014,2849
2026-04-21T05:20:52.131061Z,1531269107,2681
2026-04-21T05:30:57.085340Z,1531271187,2604
2026-04-21T05:40:54.474963Z,1531273354,2572
2026-04-21T05:50:54.949117Z,1531275430,2509
2026-04-21T06:00:58.152716Z,1531277420,2470
2026-04-21T06:10:52.092856Z,1531279339,2374
2026-04-21T06:20:56.891641Z,1531281111,2300
2026-04-21T06:30:55.669520Z,1531283047,2282
2026-04-21T06:40:54.375416Z,1531284736,2206
2026-04-21T06:50:58.063697Z,1531286543,2162
2026-04-21T07:00:58.256803Z,1531288308,2166
2026-04-21T07:10:53.991020Z,1531290069,2147
2026-04-21T07:20:53.532415Z,1531291771,2112
2026-04-21T07:30:56.665878Z,1531293428,2073
2026-04-21T07:40:56.149127Z,1531295307,2031
2026-04-21T07:50:58.828705Z,1531297017,2047
2026-04-21T08:01:04.579087Z,1531298715,2010
2026-04-21T08:10:56.852195Z,1531300263,2016
2026-04-21T08:20:56.704692Z,1531302042,2042
2026-04-21T08:30:57.522648Z,1531303667,2049
2026-04-21T08:40:59.312556Z,1531305454,2028
2026-04-21T08:50:54.565175Z,1531307118,2083
2026-04-21T09:00:59.111543Z,1531308861,2049
2026-04-21T09:11:00.301469Z,1531310683,2051
2026-04-21T09:20:54.912779Z,1531312454,2080
2026-04-21T09:30:55.537798Z,1531314244,2079
2026-04-21T09:40:54.787767Z,1531316072,2097
2026-04-21T09:50:54.226308Z,1531318065,2174
2026-04-21T10:00:57.276774Z,1531320162,2242
2026-04-21T10:10:54.115135Z,1531322206,2250
2026-04-21T10:20:52.617433Z,1531324196,2251
2026-04-21T10:30:56.482123Z,1531326243,2286
2026-04-21T10:40:53.790263Z,1531328282,2318
2026-04-21T10:50:51.581363Z,1531330268,2294
2026-04-21T11:00:57.023503Z,1531332472,2279
2026-04-21T11:10:52.676911Z,1531334428,2326
2026-04-21T11:20:54.152506Z,1531336503,2374
2026-04-21T11:30:51.474542Z,1531338842,2407
2026-04-21T11:40:51.634378Z,1531341247,2508
2026-04-21T11:50:51.815062Z,1531343516,2568
2026-04-21T12:00:55.629289Z,1531346027,2654
2026-04-21T12:10:54.247202Z,1531348603,2733
2026-04-21T12:20:56.361052Z,1531351219,2794
2026-04-21T12:30:54.344684Z,1531353775,2901
2026-04-21T12:40:53.358253Z,1531356382,2918
2026-04-21T12:50:53.766504Z,1531358925,3034
2026-04-21T13:00:54.277838Z,1531362099,3123
2026-04-21T13:10:57.415103Z,1531364895,3178
2026-04-21T13:20:53.507010Z,1531367721,3248
2026-04-21T13:30:56.554886Z,1531370477,3361
2026-04-21T13:40:55.616008Z,1531373647,3486
2026-04-21T13:51:02.888792Z,1531376888,3581
2026-04-21T14:01:22.888765Z,1531380327,3658
2026-04-21T14:11:03.918131Z,1531383476,3713
2026-04-21T14:21:02.642871Z,1531386625,3754
2026-04-21T14:30:59.959904Z,1531389895,3877
2026-04-21T14:41:04.198705Z,1531393294,3917
2026-04-21T14:51:00.146068Z,1531396594,3980
2026-04-21T15:01:00.202878Z,1531399967,3999
2026-04-21T15:11:02.174574Z,1531403600,4028
2026-04-21T15:21:02.989370Z,1531406928,4100
2026-04-21T15:31:05.058801Z,1531410754,4143
2026-04-21T15:41:01.422653Z,1531414308,4233
2026-04-21T15:51:04.011593Z,1531417684,4321
2026-04-21T16:01:02.831097Z,1531421589,4384
2026-04-21T16:11:03.200763Z,1531425808,4497
2026-04-21T16:21:02.359415Z,1531429775,4562
2026-04-21T16:31:04.683606Z,1531433731,4619
2026-04-21T16:41:02.356380Z,1531437764,4633
2026-04-21T16:51:01.316170Z,1531441837,4645
2026-04-21T17:01:00.273732Z,1531445887,4628
2026-04-21T17:11:00.372231Z,1531450751,4708
2026-04-21T17:21:03.610353Z,1531454526,4712
2026-04-21T17:31:00.487186Z,1531458625,4826
2026-04-21T17:41:01.544767Z,1531463179,4940
2026-04-21T17:50:59.065921Z,1531467429,4961
2026-04-21T18:01:02.669941Z,1531471830,4944
2026-04-21T18:11:01.255151Z,1531476436,5051
2026-04-21T18:21:02.137545Z,1531480989,5024
2026-04-21T18:30:59.572855Z,1531485697,5040
2026-04-21T18:41:01.778738Z,1531490265,5108
2026-04-21T18:51:02.625693Z,1531494978,5072
2026-04-21T19:01:05.663900Z,1531499432,5152
2026-04-21T19:10:59.455408Z,1531504362,5212
2026-04-21T19:21:08.744825Z,1531508975,5216
2026-04-21T19:31:03.505118Z,1531513679,5244
2026-04-21T19:41:02.689663Z,1531518661,5241
2026-04-21T19:51:02.078916Z,1531523375,5256
2026-04-21T20:01:03.839079Z,1531528002,5338
2026-04-21T20:11:01.126654Z,1531532862,5333
2026-04-21T20:21:00.730821Z,1531537553,5348
2026-04-21T20:31:02.417370Z,1531542740,5466
2026-04-21T20:41:03.060053Z,1531547875,5481
2026-04-21T20:51:03.244908Z,1531552781,5503
2026-04-21T21:01:03.760668Z,1531557734,5453
2026-04-21T21:11:03.340205Z,1531562627,5381
2026-04-21T21:21:04.049007Z,1531567280,5365
2026-04-21T21:31:02.440839Z,1531571964,5279
2026-04-21T21:40:58.777365Z,1531576641,5312
2026-04-21T21:51:01.364230Z,1531581492,5275
2026-04-21T22:01:03.215216Z,1531586171,5186
2026-04-21T22:10:59.295647Z,1531591403,5214
2026-04-21T22:21:01.718191Z,1531595832,5133
2026-04-21T22:31:01.108002Z,1531600472,5123
2026-04-21T22:40:59.705567Z,1531605116,5031
2026-04-21T22:50:59.817544Z,1531609453,5075
2026-04-21T23:00:24.483188Z,1531613574,5039
2026-04-21T23:10:24.419723Z,1531617908,5032
2026-04-21T23:20:26.433204Z,1531622479,5061
2026-04-21T23:30:29.260520Z,1531626910,5071
2026-04-21T23:40:24.741871Z,1531632446,4965
2026-04-21T23:50:24.567507Z,1531637657,5096
2026-04-22T00:00:33.328412Z,1531642304,5191
2026-04-22T00:10:25.337569Z,1531646781,5164
2026-04-22T00:20:25.602546Z,1531651144,5176
2026-04-22T00:30:26.920515Z,1531655265,5207
2026-04-22T00:40:24.642624Z,1531659790,5133
2026-04-22T00:50:25.934633Z,1531664270,5227
2026-04-22T01:00:29.924773Z,1531668749,5212
2026-04-22T01:10:26.249140Z,1531673408,5117
2026-04-22T01:20:28.306787Z,1531677640,5103
2026-04-22T01:30:28.861452Z,1531682027,5012
2026-04-22T01:40:25.616917Z,1531686472,4966
2026-04-22T01:51:00.704495Z,1531690858,4852
2026-04-22T02:01:02.486184Z,1531695075,4764
2026-04-22T02:10:59.789697Z,1531699162,4689
2026-04-22T02:21:03.779472Z,1531703065,4585
2026-04-22T02:31:01.361087Z,1531706789,4443
2026-04-22T02:41:00.282089Z,1531710488,4418
2026-04-22T02:50:59.553083Z,1531714124,4242
2026-04-22T03:01:01.090695Z,1531717577,4093
2026-04-22T03:11:01.661482Z,1531721185,3914
2026-04-22T03:21:00.036877Z,1531724228,3813
2026-04-22T03:31:00.289477Z,1531727284,3745
2026-04-22T03:41:01.509121Z,1531730417,3600
2026-04-22T03:50:58.726462Z,1531733333,3501
2026-04-22T04:01:01.411787Z,1531736193,3362
2026-04-22T04:11:00.421860Z,1531739087,3271
2026-04-22T04:21:02.263177Z,1531741793,3186
2026-04-22T04:31:01.903486Z,1531744369,3050
2026-04-22T04:41:00.664204Z,1531747042,2948
2026-04-22T04:51:02.974793Z,1531749403,2876
2026-04-22T05:01:03.380315Z,1531751680,2786
2026-04-22T05:11:01.076181Z,1531754003,2770
2026-04-22T05:21:02.580973Z,1531756108,2614
2026-04-22T05:31:01.445638Z,1531758082,2605
2026-04-22T05:41:01.104244Z,1531760208,2557
2026-04-22T05:51:00.663881Z,1531762118,2485
2026-04-22T06:01:05.775035Z,1531764062,2436
2026-04-22T06:11:01.394954Z,1531765910,2386
2026-04-22T06:21:04.867605Z,1531767733,2313
2026-04-22T06:31:00.890354Z,1531769502,2337
2026-04-22T06:41:01.909134Z,1531771248,2266
2026-04-22T06:51:01.511771Z,1531773002,2221
2026-04-22T07:01:05.559695Z,1531774727,2176
2026-04-22T07:11:01.805210Z,1531776517,2122
2026-04-22T07:21:02.521543Z,1531778189,2043
2026-04-22T07:31:03.011231Z,1531779835,2049
2026-04-22T07:40:59.643435Z,1531781646,1998
2026-04-22T07:51:03.084932Z,1531783329,1991
2026-04-22T08:01:06.946924Z,1531785090,1986
2026-04-22T08:11:01.560616Z,1531786799,2000
2026-04-22T08:21:02.343024Z,1531788459,1962
2026-04-22T08:31:05.588150Z,1531790046,1946
2026-04-22T08:41:01.720908Z,1531791727,1932
2026-04-22T08:51:01.486202Z,1531793578,1950
2026-04-22T09:01:09.667577Z,1531795339,1959
2026-04-22T09:11:01.191684Z,1531797226,1996
2026-04-22T09:21:00.605687Z,1531798949,2018
2026-04-22T09:31:01.605733Z,1531800741,2046
2026-04-22T09:41:03.913994Z,1531802546,2017
2026-04-22T09:50:58.712847Z,1531804472,2082
2026-04-22T10:01:05.787593Z,1531806433,2107
2026-04-22T10:11:01.848600Z,1531808384,2138
2026-04-22T10:21:01.794826Z,1531810287,2136
2026-04-22T10:31:01.176292Z,1531812110,2171
2026-04-22T10:40:58.408623Z,1531814129,2227
2026-04-22T10:50:59.218609Z,1531816216,2245
2026-04-22T11:01:02.104565Z,1531818259,2295
2026-04-22T11:11:00.352517Z,1531820482,2357
2026-04-22T11:21:00.324200Z,1531822685,2401
2026-04-22T11:31:03.900757Z,1531824894,2444
2026-04-22T11:40:58.663484Z,1531827069,2500
2026-04-22T11:50:57.649452Z,1531829475,2561
2026-04-22T12:01:01.168380Z,1531831917,2576
2026-04-22T12:11:07.486523Z,1531834230,2629
2026-04-22T12:21:00.519100Z,1531836906,2703
2026-04-22T12:31:00.285715Z,1531839457,2745
2026-04-22T12:41:01.479233Z,1531842177,2817
2026-04-22T12:51:00.844499Z,1531844788,2960
2026-04-22T13:00:58.686739Z,1531847674,3035
2026-04-22T13:11:03.068506Z,1531850776,3138
2026-04-22T13:21:01.456747Z,1531853658,3195
2026-04-22T13:30:59.557189Z,1531856771,3248
2026-04-22T13:40:24.666964Z,1531859496,3321
2026-04-22T13:50:32.140085Z,1531862580,3399
2026-04-22T14:00:21.864271Z,1531865892,3459
2026-04-22T14:10:24.430218Z,1531869141,3461
2026-04-22T14:20:22.390278Z,1531872448,3517
2026-04-22T14:30:22.893196Z,1531875997,3606
2026-04-22T14:40:26.736379Z,1531879675,3657
2026-04-22T14:50:23.274573Z,1531883243,3723
2026-04-22T15:00:27.079710Z,1531886912,3758
2026-04-22T15:10:24.143108Z,1531890514,3838
2026-04-22T15:20:24.248489Z,1531894221,3890
2026-04-22T15:30:25.096217Z,1531897900,3910
2026-04-22T15:40:26.336057Z,1531901303,3968
2026-04-22T15:50:25.956504Z,1531904954,4027
2026-04-22T16:00:25.115018Z,1531908603,3983
2026-04-22T16:10:24.210860Z,1531912704,4015
2026-04-22T16:20:31.012478Z,1531916381,4063
2026-04-22T16:30:31.352003Z,1531920113,4094
2026-04-22T16:40:31.754781Z,1531923872,4196
