timestamp,visits,player_count
2026-02-16T22:30:20.825356Z,376313003,659
2026-02-16T22:40:20.973403Z,376313286,631
2026-02-16T22:50:21.956139Z,376313530,596
2026-02-16T23:00:22.096986Z,376313798,624
2026-02-16T23:10:18.581060Z,376314208,607
2026-02-16T23:20:22.267546Z,376314481,616
2026-02-16T23:30:22.729694Z,376314824,657
2026-02-16T23:40:20.635914Z,376315110,622
2026-02-16T23:50:18.377973Z,376315422,680
2026-02-17T00:00:22.698630Z,376315694,679
2026-02-17T00:10:19.917710Z,376315974,678
2026-02-17T00:20:19.946872Z,376316225,649
2026-02-17T00:30:24.058838Z,376316495,636
2026-02-17T00:40:21.760884Z,376316735,585
2026-02-17T00:50:24.423138Z,376317027,596
2026-02-17T01:00:27.757595Z,376317277,609
2026-02-17T01:10:20.580173Z,376317514,612
2026-02-17T01:20:19.478324Z,376317813,599
2026-02-17T01:30:22.616584Z,376318115,655
2026-02-17T01:40:23.897104Z,376318400,624
2026-02-17T01:50:22.104166Z,376318669,630
2026-02-17T02:00:25.225232Z,376318947,656
2026-02-17T02:10:23.027881Z,376319230,701
2026-02-17T02:20:23.333332Z,376319527,699
2026-02-17T02:30:27.613694Z,376319792,669
2026-02-17T02:40:22.402721Z,376320055,661
2026-02-17T02:50:23.304805Z,376320317,731
2026-02-17T03:00:28.759586Z,376320574,723
2026-02-17T03:10:22.443477Z,376320836,730
2026-02-17T03:20:25.803990Z,376321099,723
2026-02-17T03:30:30.613828Z,376321345,711
2026-02-17T03:40:22.744390Z,376321593,691
2026-02-17T03:50:28.872199Z,376321870,695
2026-02-17T04:00:28.837370Z,376322115,662
2026-02-17T04:10:26.499888Z,376322408,644
2026-02-17T04:20:22.833774Z,376322646,604
2026-02-17T04:30:24.657679Z,376322897,620
2026-02-17T04:40:24.201068Z,376323151,577
2026-02-17T04:50:24.924545Z,376323400,628
2026-02-17T05:00:34.309159Z,376323660,608
2026-02-17T05:10:27.156654Z,376323857,571
2026-02-17T05:20:27.920058Z,376324060,588
2026-02-17T05:30:27.233089Z,376324278,606
2026-02-17T05:40:25.751708Z,376324421,601
2026-02-17T05:50:25.505772Z,376324611,579
2026-02-17T06:00:33.784430Z,376324804,576
2026-02-17T06:10:26.047561Z,376324928,560
2026-02-17T06:20:25.067660Z,376325070,515
2026-02-17T06:30:27.413542Z,376325249,534
2026-02-17T06:40:22.297397Z,376325402,554
2026-02-17T06:50:22.541687Z,376325546,529
2026-02-17T07:00:26.810876Z,376325692,543
2026-02-17T07:10:25.306371Z,376325834,563
2026-02-17T07:20:26.426933Z,376325970,541
2026-02-17T07:30:28.834606Z,376326098,528
2026-02-17T07:40:23.505828Z,376326185,527
2026-02-17T07:50:21.696301Z,376326284,515
2026-02-17T08:00:29.383416Z,376326405,491
2026-02-17T08:10:23.070159Z,376326548,476
2026-02-17T08:20:24.244009Z,376326652,446
2026-02-17T08:30:24.484066Z,376326738,437
2026-02-17T08:40:21.593352Z,376326827,413
2026-02-17T08:50:22.487791Z,376326951,402
2026-02-17T09:00:27.641874Z,376327081,394
2026-02-17T09:10:21.793256Z,376327201,383
2026-02-17T09:20:21.943388Z,376327277,368
2026-02-17T09:30:21.261021Z,376327346,353
2026-02-17T09:40:22.237395Z,376327457,378
2026-02-17T09:50:21.720895Z,376327537,384
2026-02-17T10:00:23.334581Z,376327647,391
2026-02-17T10:10:22.873347Z,376327770,406
2026-02-17T10:20:25.117519Z,376327851,406
2026-02-17T10:30:22.734139Z,376327935,399
2026-02-17T10:40:20.106860Z,376327997,383
2026-02-17T10:50:24.007427Z,376328094,364
2026-02-17T11:00:21.552101Z,376328147,337
2026-02-17T11:10:21.286184Z,376328252,345
2026-02-17T11:20:20.564177Z,376328340,349
2026-02-17T11:30:18.780887Z,376328412,361
2026-02-17T11:40:19.687312Z,376328488,361
2026-02-17T11:50:21.336109Z,376328610,369
2026-02-17T12:00:16.601380Z,376328720,380
2026-02-17T12:10:17.719400Z,376328819,383
2026-02-17T12:20:16.837300Z,376328906,375
2026-02-17T12:30:16.033553Z,376328985,370
2026-02-17T12:40:14.644634Z,376329076,361
2026-02-17T12:50:15.887420Z,376329189,357
2026-02-17T13:00:17.593619Z,376329286,329
2026-02-17T13:10:17.048945Z,376329350,336
2026-02-17T13:20:16.569582Z,376329453,345
2026-02-17T13:30:14.966456Z,376329555,344
2026-02-17T13:40:15.098127Z,376329641,349
2026-02-17T13:50:17.184918Z,376329730,331
2026-02-17T14:00:17.202571Z,376329869,370
2026-02-17T14:10:17.221990Z,376330017,358
2026-02-17T14:20:14.639554Z,376330156,355
2026-02-17T14:30:18.444804Z,376330286,367
2026-02-17T14:40:17.946926Z,376330403,376
2026-02-17T14:50:15.802409Z,376330527,394
2026-02-17T15:00:18.978720Z,376330640,405
2026-02-17T15:10:00.00Z,NaN,NaN
2026-02-17T15:20:17.295099Z,376330905,349
2026-02-17T15:30:15.998090Z,376331036,376
2026-02-17T15:40:17.843903Z,376331194,389
2026-02-17T15:50:19.226596Z,376331319,406
2026-02-17T16:00:19.624175Z,376331466,428
2026-02-17T16:10:17.258652Z,376331598,453
2026-02-17T16:20:17.929579Z,376331731,444
2026-02-17T16:30:17.558493Z,376331860,429
2026-02-17T16:40:18.575466Z,376332018,434
2026-02-17T16:50:19.389126Z,376332138,421
2026-02-17T17:00:20.649837Z,376332257,429
2026-02-17T17:10:16.789906Z,376332334,443
2026-02-17T17:20:19.456434Z,376332632,439
2026-02-17T17:30:19.972559Z,376332818,458
2026-02-17T17:40:16.982372Z,376332968,466
2026-02-17T17:50:17.106432Z,376333130,447
2026-02-17T18:00:18.744477Z,376333336,468
2026-02-17T18:10:19.389557Z,376333490,459
2026-02-17T18:20:19.128243Z,376333703,463
2026-02-17T18:30:18.298979Z,376333899,481
2026-02-17T18:40:19.761913Z,376334126,491
2026-02-17T18:50:18.977383Z,376334323,482
2026-02-17T19:00:20.238038Z,376334514,485
2026-02-17T19:10:15.168863Z,376334730,514
2026-02-17T19:20:16.511884Z,376334973,522
2026-02-17T19:30:18.748643Z,376335192,508
2026-02-17T19:40:16.749095Z,376335407,447
2026-02-17T19:50:16.857336Z,376335666,451
2026-02-17T20:00:18.621420Z,376335927,462
2026-02-17T20:10:18.275649Z,376336167,469
2026-02-17T20:20:17.293104Z,376336420,490
2026-02-17T20:30:18.677299Z,376336636,454
2026-02-17T20:40:16.716602Z,376336887,468
2026-02-17T20:50:17.013156Z,376337137,485
2026-02-17T21:00:17.802751Z,376337411,480
2026-02-17T21:10:16.478469Z,376337622,468
2026-02-17T21:20:16.963549Z,376337848,464
2026-02-17T21:30:17.892327Z,376338064,452
2026-02-17T21:40:16.400213Z,376338322,469
2026-02-17T21:50:15.850830Z,376338605,516
2026-02-17T22:00:18.250201Z,376338896,523
2026-02-17T22:10:16.521582Z,376339250,556
2026-02-17T22:20:17.130063Z,376339480,554
2026-02-17T22:30:14.781612Z,376339709,560
2026-02-17T22:40:17.268885Z,376339921,580
2026-02-17T22:50:33.740867Z,376340179,608
2026-02-17T23:00:15.492265Z,376340444,601
2026-02-17T23:10:17.444172Z,376340712,560
2026-02-17T23:20:15.987786Z,376340923,536
2026-02-17T23:30:16.865229Z,376341180,559
2026-02-17T23:40:15.844022Z,376341428,548
2026-02-17T23:50:15.150661Z,376341667,542
2026-02-18T00:00:14.644513Z,376341912,523
2026-02-18T00:10:15.769303Z,376342209,538
2026-02-18T00:20:18.196183Z,376342457,541
2026-02-18T00:30:15.239762Z,376342704,546
2026-02-18T00:40:14.867440Z,376342968,515
2026-02-18T00:50:16.306334Z,376343162,517
2026-02-18T01:00:16.848244Z,376343389,525
2026-02-18T01:10:17.353798Z,376343650,538
2026-02-18T01:20:16.066332Z,376343868,562
2026-02-18T01:30:14.347695Z,376344184,613
2026-02-18T01:40:15.818110Z,376344478,609
2026-02-18T01:50:17.438722Z,376344665,577
2026-02-18T02:00:16.878250Z,376344913,554
2026-02-18T02:10:59.926924Z,376345159,567
2026-02-18T02:20:58.991309Z,376345371,581
2026-02-18T02:30:59.485599Z,376345583,571
2026-02-18T02:40:58.520488Z,376345789,550
2026-02-18T02:50:59.810936Z,376346003,564
2026-02-18T03:00:58.890010Z,376346234,585
2026-02-18T03:10:59.234867Z,376346476,567
2026-02-18T03:20:58.781724Z,376346646,550
2026-02-18T03:30:58.616197Z,376346843,561
2026-02-18T03:40:59.045269Z,376347098,568
2026-02-18T03:51:05.032074Z,376347335,541
2026-02-18T04:00:58.273994Z,376347532,569
2026-02-18T04:10:56.220882Z,376347695,564
2026-02-18T04:20:59.010314Z,376347902,538
2026-02-18T04:30:57.682733Z,376348110,526
2026-02-18T04:41:04.822250Z,376348337,498
2026-02-18T04:51:10.211726Z,376348530,503
2026-02-18T05:01:01.499343Z,376348685,488
2026-02-18T05:11:01.173820Z,376348886,501
2026-02-18T05:20:58.779666Z,376349057,490
2026-02-18T05:31:00.084223Z,376349202,490
2026-02-18T05:41:01.989957Z,376349371,509
2026-02-18T05:51:00.034341Z,376349524,499
2026-02-18T06:01:01.572350Z,376349692,489
2026-02-18T06:11:00.297034Z,376349835,471
2026-02-18T06:20:57.754255Z,376350055,489
2026-02-18T06:31:02.515948Z,376350210,484
2026-02-18T06:40:58.854485Z,376350357,511
2026-02-18T06:50:59.279078Z,376350476,509
2026-02-18T07:00:59.767523Z,376350571,499
2026-02-18T07:10:58.232589Z,376350695,518
2026-02-18T07:20:58.766564Z,376350849,506
2026-02-18T07:30:59.600525Z,376350937,489
2026-02-18T07:40:56.507602Z,376351021,454
2026-02-18T07:50:59.451550Z,376351118,484
2026-02-18T08:00:58.187694Z,376351231,472
2026-02-18T08:10:56.932801Z,376351347,445
2026-02-18T08:21:00.860965Z,376351449,446
2026-02-18T08:31:00.883260Z,376351538,443
2026-02-18T08:41:01.283181Z,376351624,444
2026-02-18T08:50:59.558887Z,376351696,420
2026-02-18T09:01:05.355288Z,376351786,417
2026-02-18T09:11:05.919710Z,376351892,412
2026-02-18T09:21:06.153570Z,376351967,408
2026-02-18T09:31:04.267911Z,376352038,372
2026-02-18T09:41:05.735269Z,376352119,384
2026-02-18T09:51:06.023922Z,376352181,367
2026-02-18T10:01:05.948488Z,376352247,359
2026-02-18T10:11:05.604971Z,376352341,351
2026-02-18T10:21:04.745589Z,376352408,333
2026-02-18T10:31:06.955477Z,376352497,335
2026-02-18T10:41:06.449008Z,376352582,311
2026-02-18T10:51:03.528744Z,376352660,284
2026-02-18T11:01:07.920440Z,376352745,281
2026-02-18T11:11:05.556417Z,376352834,282
2026-02-18T11:21:07.450430Z,376352909,245
2026-02-18T11:31:08.744649Z,376353035,247
2026-02-18T11:41:05.596735Z,376353156,266
2026-02-18T11:51:06.008944Z,376353286,259
2026-02-18T12:01:09.102813Z,376353354,252
2026-02-18T12:11:05.624433Z,376353437,250
2026-02-18T12:21:06.650946Z,376353538,234
2026-02-18T12:31:06.764637Z,376353630,239
2026-02-18T12:41:05.560701Z,376353709,240
2026-02-18T12:51:06.210975Z,376353834,251
2026-02-18T13:01:08.249084Z,376353985,284
2026-02-18T13:11:06.291639Z,376354117,299
2026-02-18T13:21:06.412887Z,376354255,313
2026-02-18T13:31:07.316581Z,376354444,364
2026-02-18T13:41:06.144855Z,376354545,359
2026-02-18T13:51:05.679193Z,376354677,362
2026-02-18T14:01:14.621344Z,376354781,375
2026-02-18T14:11:07.503941Z,376354912,363
2026-02-18T14:21:06.464823Z,376355049,408
2026-02-18T14:31:06.119922Z,376355155,406
2026-02-18T14:41:08.015388Z,376355299,420
2026-02-18T14:51:08.910084Z,376355439,420
2026-02-18T15:01:08.259451Z,376355578,428
2026-02-18T15:11:06.607659Z,376355780,404
2026-02-18T15:21:07.252321Z,376355927,404
2026-02-18T15:31:08.747457Z,376356103,421
2026-02-18T15:41:08.712962Z,376356241,447
2026-02-18T15:51:06.978144Z,376356425,453
2026-02-18T16:01:13.407152Z,376356595,461
2026-02-18T16:11:07.543855Z,376356809,469
2026-02-18T16:21:06.372226Z,376357013,469
2026-02-18T16:31:07.654753Z,376357186,451
2026-02-18T16:41:06.977036Z,376357355,401
2026-02-18T16:51:06.143091Z,376357533,419
2026-02-18T17:01:09.874383Z,376357673,442
2026-02-18T17:11:07.145505Z,376357822,457
2026-02-18T17:21:07.530676Z,376357990,428
2026-02-18T17:31:14.580091Z,376358179,429
2026-02-18T17:41:07.410840Z,376358330,427
2026-02-18T17:51:07.633408Z,376358517,391
2026-02-18T18:01:22.492651Z,376358785,431
2026-02-18T18:11:07.968155Z,376358970,431
2026-02-18T18:21:07.501910Z,376359161,446
2026-02-18T18:31:07.961566Z,376359355,455
2026-02-18T18:41:08.260895Z,376359557,477
2026-02-18T18:51:05.519653Z,376359776,493
2026-02-18T19:01:15.017433Z,376359958,482
2026-02-18T19:11:06.442632Z,376360159,495
2026-02-18T19:21:09.442022Z,376360376,517
2026-02-18T19:31:33.413025Z,376360535,503
2026-02-18T19:41:19.310079Z,376360686,497
2026-02-18T19:51:06.931207Z,376360849,504
2026-02-18T20:01:08.368625Z,376361018,504
2026-02-18T20:11:08.600204Z,376361189,486
2026-02-18T20:21:21.251489Z,376361413,460
2026-02-18T20:31:07.946860Z,376361663,475
2026-02-18T20:41:06.660526Z,376361939,527
2026-02-18T20:51:04.153002Z,376362158,520
2026-02-18T21:01:28.219913Z,376362419,521
2026-02-18T21:11:20.134318Z,376362650,548
2026-02-18T21:21:05.509213Z,376362879,531
2026-02-18T21:31:05.352121Z,376363140,542
2026-02-18T21:41:04.473527Z,376363410,590
2026-02-18T21:51:12.862707Z,376363672,634
2026-02-18T22:01:05.257798Z,376363917,611
2026-02-18T22:11:06.983363Z,376364143,651
2026-02-18T22:21:05.363452Z,376364395,656
2026-02-18T22:31:18.848864Z,376364632,629
2026-02-18T22:41:06.310971Z,376364901,621
2026-02-18T22:51:16.121261Z,376365116,627
2026-02-18T23:01:05.971213Z,376365375,650
2026-02-18T23:11:10.456357Z,376365613,624
2026-02-18T23:20:56.046064Z,376365870,628
2026-02-18T23:30:56.272178Z,376366106,641
2026-02-18T23:40:56.691253Z,376366375,640
2026-02-18T23:50:55.479119Z,376366606,611
2026-02-19T00:01:00.439910Z,376366834,597
2026-02-19T00:10:53.696607Z,376367119,608
2026-02-19T00:20:55.939418Z,376367333,603
2026-02-19T00:30:57.768147Z,376367536,569
2026-02-19T00:40:54.780649Z,376367783,579
2026-02-19T00:50:54.586748Z,376367978,567
2026-02-19T01:00:55.960938Z,376368200,573
2026-02-19T01:10:54.741285Z,376368450,599
2026-02-19T01:20:55.955561Z,376368684,590
2026-02-19T01:31:00.135395Z,376368889,615
2026-02-19T01:40:56.790353Z,376369109,592
2026-02-19T01:50:58.100402Z,376369360,595
2026-02-19T02:01:02.442354Z,376369555,611
2026-02-19T02:10:57.359166Z,376369801,583
2026-02-19T02:20:58.408208Z,376370042,610
2026-02-19T02:30:58.903010Z,376370293,585
2026-02-19T02:40:57.970234Z,376370588,610
2026-02-19T02:50:58.142472Z,376370862,620
2026-02-19T03:01:03.151029Z,376371151,625
2026-02-19T03:10:58.853259Z,376371349,652
2026-02-19T03:20:59.733638Z,376371583,643
2026-02-19T03:31:04.637096Z,376371783,657
2026-02-19T03:40:59.433220Z,376372011,674
2026-02-19T03:51:00.977977Z,376372237,628
2026-02-19T04:01:06.592393Z,376372448,628
2026-02-19T04:10:59.483724Z,376372623,591
2026-02-19T04:21:00.091941Z,376372860,608
2026-02-19T04:31:02.852743Z,376373108,603
2026-02-19T04:41:00.240393Z,376373325,612
2026-02-19T04:50:57.930140Z,376373513,610
2026-02-19T05:01:09.030331Z,376373665,586
2026-02-19T05:10:58.784055Z,376373785,584
2026-02-19T05:20:58.637264Z,376373928,590
2026-02-19T05:31:03.242353Z,376374063,565
2026-02-19T05:40:59.788138Z,376374212,547
2026-02-19T05:50:57.696782Z,376374385,554
2026-02-19T06:00:43.013251Z,376374545,557
2026-02-19T06:10:44.747126Z,376374696,542
2026-02-19T06:20:46.228780Z,376374822,484
2026-02-19T06:30:44.682422Z,376374956,460
2026-02-19T06:40:44.657810Z,376375096,479
2026-02-19T06:50:44.940267Z,376375260,466
2026-02-19T07:00:43.800332Z,376375411,473
2026-02-19T07:10:43.797527Z,376375578,440
2026-02-19T07:20:42.988947Z,376375724,449
2026-02-19T07:30:46.406351Z,376375880,430
2026-02-19T07:40:45.844326Z,376375995,414
2026-02-19T07:50:42.796685Z,376376142,439
2026-02-19T08:00:45.395128Z,376376262,422
2026-02-19T08:10:42.777172Z,376376351,419
2026-02-19T08:20:45.149385Z,376376476,443
2026-02-19T08:30:46.807813Z,376376569,428
2026-02-19T08:40:43.673647Z,376376707,432
2026-02-19T08:50:42.650663Z,376376805,426
2026-02-19T09:00:45.699209Z,376376920,438
2026-02-19T09:10:44.851208Z,376377005,438
2026-02-19T09:20:45.536042Z,376377063,431
2026-02-19T09:30:46.123745Z,376377128,414
2026-02-19T09:40:45.141705Z,376377183,384
2026-02-19T09:50:44.278912Z,376377239,383
2026-02-19T10:00:45.515594Z,376377295,387
2026-02-19T10:10:42.904545Z,376377346,348
2026-02-19T10:20:46.453012Z,376377422,359
2026-02-19T10:30:44.700207Z,376377505,360
2026-02-19T10:40:44.724499Z,376377596,347
2026-02-19T10:50:46.654645Z,376377667,359
2026-02-19T11:00:46.239844Z,376377762,326
2026-02-19T11:10:42.938654Z,376377813,321
2026-02-19T11:20:44.931900Z,376377889,332
2026-02-19T11:30:46.506297Z,376377978,323
2026-02-19T11:40:46.088186Z,376378054,324
2026-02-19T11:50:44.767529Z,376378154,359
2026-02-19T12:00:47.280948Z,376378321,353
2026-02-19T12:10:45.574951Z,376378458,322
2026-02-19T12:20:48.672787Z,376378587,326
2026-02-19T12:30:48.445197Z,376378722,329
2026-02-19T12:40:48.116797Z,376378904,342
2026-02-19T12:50:51.381909Z,376379054,369
2026-02-19T13:00:54.597956Z,376379193,377
2026-02-19T13:10:52.562509Z,376379296,352
2026-02-19T13:20:56.312213Z,376379440,339
2026-02-19T13:30:54.152873Z,376379588,359
2026-02-19T13:40:52.441075Z,376379757,379
2026-02-19T13:50:55.294351Z,376379952,415
2026-02-19T14:00:53.503077Z,376380111,425
2026-02-19T14:10:53.779904Z,376380270,389
2026-02-19T14:20:55.070502Z,376380418,381
2026-02-19T14:31:01.531973Z,376380556,388
2026-02-19T14:40:53.387507Z,376380712,378
2026-02-19T14:50:58.159775Z,376380827,364
2026-02-19T15:00:59.255350Z,376381011,411
2026-02-19T15:11:01.769129Z,376381138,368
2026-02-19T15:20:54.146672Z,376381268,380
2026-02-19T15:31:00.995377Z,376381435,423
2026-02-19T15:40:52.556398Z,376381574,439
2026-02-19T15:50:54.179326Z,376381683,435
2026-02-19T16:01:04.216503Z,376381801,415
2026-02-19T16:10:55.777453Z,376381924,427
2026-02-19T16:20:55.004585Z,376382048,429
2026-02-19T16:30:59.055953Z,376382196,461
2026-02-19T16:40:55.050943Z,376382364,489
2026-02-19T16:50:59.100813Z,376382511,502
2026-02-19T17:01:02.525618Z,376382684,498
2026-02-19T17:10:55.787104Z,376382849,512
2026-02-19T17:20:54.405988Z,376383063,498
2026-02-19T17:31:00.014107Z,376383222,492
2026-02-19T17:40:56.758138Z,376383418,484
2026-02-19T17:50:54.979985Z,376383646,539
2026-02-19T18:01:09.843402Z,376383882,547
2026-02-19T18:10:59.475386Z,376384092,560
2026-02-19T18:20:56.420352Z,376384290,560
2026-02-19T18:30:57.678799Z,376384464,550
2026-02-19T18:40:55.699439Z,376384690,564
2026-02-19T18:50:56.710408Z,376384938,522
2026-02-19T19:01:02.543634Z,376385153,523
2026-02-19T19:10:57.036469Z,376385314,510
2026-02-19T19:21:03.550815Z,376385547,556
2026-02-19T19:30:57.996725Z,376385813,562
2026-02-19T19:40:59.155369Z,376386161,533
2026-02-19T19:51:00.267552Z,376386439,550
2026-02-19T20:01:04.494796Z,376386679,549
2026-02-19T20:10:53.858604Z,376386924,539
2026-02-19T20:20:57.672914Z,376387135,528
2026-02-19T20:31:00.396098Z,376387332,563
2026-02-19T20:40:54.229803Z,376387565,593
2026-02-19T20:50:53.790838Z,376387794,610
2026-02-19T21:00:25.157083Z,376387996,560
2026-02-19T21:10:23.827855Z,376388172,561
2026-02-19T21:20:33.013271Z,376388372,553
2026-02-19T21:30:24.638933Z,376388627,584
2026-02-19T21:40:25.311512Z,376388865,562
2026-02-19T21:50:25.388218Z,376389112,553
2026-02-19T22:00:25.284581Z,376389368,572
2026-02-19T22:10:31.836848Z,376389635,613
2026-02-19T22:20:28.275614Z,376389855,583
2026-02-19T22:30:26.331880Z,376390128,598
2026-02-19T22:40:27.233097Z,376390359,607
2026-02-19T22:50:24.604902Z,376390625,599
2026-02-19T23:00:25.504773Z,376390892,586
2026-02-19T23:10:24.336258Z,376391200,610
2026-02-19T23:20:22.558274Z,376391440,569
2026-02-19T23:30:28.589829Z,376391697,558
2026-02-19T23:40:26.591064Z,376391890,541
2026-02-19T23:50:24.270400Z,376392110,502
2026-02-20T00:00:26.553855Z,376392272,487
2026-02-20T00:10:27.681822Z,376392492,491
2026-02-20T00:20:31.693191Z,376392671,471
2026-02-20T00:30:29.253609Z,376392842,477
2026-02-20T00:40:30.994731Z,376393014,501
2026-02-20T00:50:31.447616Z,376393167,504
2026-02-20T01:00:33.254509Z,376393364,509
2026-02-20T01:10:29.732169Z,376393585,495
2026-02-20T01:20:32.787281Z,376393766,488
2026-02-20T01:30:29.562098Z,376393980,511
2026-02-20T01:40:28.964156Z,376394161,510
2026-02-20T01:50:28.786599Z,376394320,504
2026-02-20T02:00:30.763962Z,376394492,543
2026-02-20T02:10:27.261775Z,376394684,548
2026-02-20T02:20:28.911156Z,376394842,541
2026-02-20T02:30:30.341986Z,376395055,543
2026-02-20T02:40:31.672209Z,376395261,561
2026-02-20T02:50:36.859609Z,376395484,559
2026-02-20T03:00:37.754317Z,376395687,544
2026-02-20T03:10:32.231393Z,376395885,563
2026-02-20T03:20:29.380430Z,376396090,581
2026-02-20T03:30:34.948809Z,376396256,552
2026-02-20T03:40:32.789807Z,376396453,552
2026-02-20T03:50:28.697009Z,376396698,559
2026-02-20T04:00:40.446022Z,376396889,493
2026-02-20T04:10:30.922376Z,376397126,499
2026-02-20T04:20:31.929849Z,376397434,551
2026-02-20T04:30:34.475347Z,376397640,550
2026-02-20T04:40:38.436306Z,376397825,547
2026-02-20T04:50:33.526942Z,376398029,531
2026-02-20T05:00:44.090322Z,376398201,529
2026-02-20T05:10:32.127003Z,376398376,518
2026-02-20T05:20:31.666638Z,376398555,503
2026-02-20T05:30:41.094890Z,376398724,464
2026-02-20T05:40:36.258002Z,376398905,488
2026-02-20T05:50:32.238055Z,376399139,482
2026-02-20T06:00:46.107081Z,376399339,507
2026-02-20T06:10:38.423641Z,376399513,511
2026-02-20T06:20:36.110158Z,376399668,496
2026-02-20T06:30:39.319406Z,376399840,461
2026-02-20T06:40:37.119912Z,376399998,435
2026-02-20T06:50:33.866396Z,376400137,435
2026-02-20T07:00:46.239762Z,376400253,429
2026-02-20T07:10:33.492541Z,376400377,421
2026-02-20T07:20:24.486529Z,376400507,435
2026-02-20T07:30:24.449941Z,376400649,439
2026-02-20T07:40:27.006854Z,376400792,437
2026-02-20T07:50:24.604298Z,376400875,435
2026-02-20T08:00:28.751965Z,376400987,459
2026-02-20T08:10:25.962049Z,376401085,449
2026-02-20T08:20:26.179947Z,376401181,428
2026-02-20T08:30:25.874470Z,376401299,443
2026-02-20T08:40:24.611728Z,376401428,435
2026-02-20T08:50:24.395712Z,376401527,417
2026-02-20T09:00:26.471053Z,376401649,395
2026-02-20T09:10:27.114344Z,376401755,389
2026-02-20T09:20:24.762072Z,376401836,381
2026-02-20T09:30:25.800868Z,376401945,372
2026-02-20T09:40:25.329651Z,376402054,372
2026-02-20T09:50:27.308883Z,376402146,373
2026-02-20T10:00:25.931091Z,376402226,345
2026-02-20T10:10:27.118360Z,376402314,345
2026-02-20T10:20:27.641653Z,376402384,358
2026-02-20T10:30:24.371938Z,376402446,358
2026-02-20T10:40:24.159271Z,376402538,373
2026-02-20T10:50:24.927454Z,376402618,378
2026-02-20T11:00:25.087890Z,376402702,370
2026-02-20T11:10:25.011947Z,376402764,361
2026-02-20T11:20:12.907626Z,376402822,357
2026-02-20T11:30:16.493790Z,376402918,382
2026-02-20T11:40:13.008071Z,376403017,391
2026-02-20T11:50:14.705960Z,376403121,393
2026-02-20T12:00:11.799933Z,376403203,408
2026-02-20T12:10:12.602746Z,376403281,385
2026-02-20T12:20:13.669812Z,376403378,373
2026-02-20T12:30:13.997654Z,376403518,386
2026-02-20T12:40:13.786256Z,376403626,372
2026-02-20T12:50:13.456183Z,376403718,361
2026-02-20T13:00:14.743868Z,376403850,369
2026-02-20T13:10:11.269602Z,376403955,393
2026-02-20T13:20:13.097427Z,376404084,386
2026-02-20T13:30:15.164290Z,376404179,391
2026-02-20T13:40:14.145619Z,376404280,341
2026-02-20T13:50:13.756618Z,376404402,331
2026-02-20T14:00:14.871141Z,376404511,334
2026-02-20T14:10:14.191635Z,376404653,333
2026-02-20T14:20:13.531489Z,376404812,333
2026-02-20T14:30:17.972485Z,376404937,337
2026-02-20T14:40:15.328245Z,376405083,363
2026-02-20T14:50:13.001320Z,376405215,374
2026-02-20T15:00:15.699113Z,376405333,378
2026-02-20T15:10:12.804413Z,376405448,402
2026-02-20T15:20:14.235643Z,376405571,386
2026-02-20T15:30:14.038436Z,376405746,402
2026-02-20T15:40:14.297261Z,376405904,399
2026-02-20T15:50:14.641033Z,376406055,414
2026-02-20T16:00:15.019090Z,376406235,420
2026-02-20T16:10:14.057928Z,376406421,436
2026-02-20T16:20:14.533521Z,376406599,476
2026-02-20T16:30:14.803575Z,376406785,476
2026-02-20T16:40:12.894053Z,376406967,479
2026-02-20T16:50:12.437591Z,376407172,464
2026-02-20T17:00:11.595877Z,376407378,501
2026-02-20T17:10:16.122287Z,376407585,504
2026-02-20T17:20:12.457191Z,376407777,519
2026-02-20T17:30:13.896597Z,376407942,493
2026-02-20T17:40:14.619249Z,376408083,491
2026-02-20T17:50:13.424279Z,376408258,510
2026-02-20T18:00:13.272623Z,376408427,515
2026-02-20T18:10:15.227745Z,376408609,529
2026-02-20T18:20:13.931189Z,376408811,540
2026-02-20T18:30:19.582078Z,376409037,557
2026-02-20T18:40:40.441549Z,376409246,534
2026-02-20T18:50:39.801556Z,376409438,531
2026-02-20T19:00:39.896200Z,376409720,546
2026-02-20T19:10:39.718648Z,376409957,551
2026-02-20T19:20:38.310432Z,376410175,560
2026-02-20T19:30:39.903497Z,376410441,561
2026-02-20T19:40:38.484738Z,376410699,581
2026-02-20T19:50:40.209108Z,376410994,612
2026-02-20T20:00:38.775285Z,376411238,603
2026-02-20T20:10:38.180444Z,376411494,588
2026-02-20T20:20:36.271484Z,376411769,591
2026-02-20T20:30:40.025182Z,376411990,597
2026-02-20T20:40:39.172442Z,376412207,601
2026-02-20T20:50:40.065171Z,376412482,605
2026-02-20T21:00:39.867163Z,376412747,613
2026-02-20T21:10:37.371922Z,376412960,590
2026-02-20T21:20:43.217787Z,376413161,595
2026-02-20T21:30:37.947654Z,376413388,631
2026-02-20T21:40:38.275641Z,376413596,618
2026-02-20T21:50:39.027313Z,376413858,656
2026-02-20T22:00:39.010405Z,376414167,698
2026-02-20T22:10:38.377057Z,376414434,744
2026-02-20T22:20:37.885876Z,376414662,707
2026-02-20T22:30:39.596538Z,376414868,711
2026-02-20T22:40:36.560239Z,376415132,731
2026-02-20T22:50:41.001034Z,376415398,721
2026-02-20T23:00:44.264101Z,376415652,699
2026-02-20T23:10:40.417699Z,376415843,699
2026-02-20T23:20:39.537320Z,376416111,702
2026-02-20T23:30:47.731544Z,376416351,658
2026-02-20T23:40:36.313341Z,376416540,686
2026-02-20T23:50:38.204567Z,376416854,644
2026-02-21T00:01:00.054517Z,376417144,665
2026-02-21T00:10:58.064525Z,376417458,683
2026-02-21T00:20:57.456756Z,376417707,693
2026-02-21T00:30:59.862958Z,376417918,632
2026-02-21T00:40:59.411358Z,376418140,650
2026-02-21T00:50:59.818979Z,376418373,642
2026-02-21T01:00:59.396241Z,376418598,633
2026-02-21T01:11:01.711175Z,376418899,621
2026-02-21T01:21:00.255437Z,376419117,610
2026-02-21T01:30:58.040084Z,376419396,654
2026-02-21T01:40:57.754959Z,376419620,653
2026-02-21T01:50:52.280474Z,376419877,659
2026-02-21T02:00:52.932351Z,376420130,682
2026-02-21T02:10:49.037084Z,376420361,703
2026-02-21T02:20:51.360723Z,376420547,703
2026-02-21T02:30:51.771568Z,376420820,700
2026-02-21T02:40:50.057081Z,376421082,720
2026-02-21T02:50:49.556956Z,376421339,717
2026-02-21T03:00:54.821950Z,376421610,684
2026-02-21T03:10:50.643378Z,376421828,701
2026-02-21T03:20:52.089805Z,376422076,686
2026-02-21T03:30:49.084661Z,376422314,709
2026-02-21T03:40:52.541094Z,376422558,720
2026-02-21T03:50:53.177083Z,376422823,774
2026-02-21T04:01:00.307966Z,376423112,733
2026-02-21T04:10:51.263847Z,376423337,736
2026-02-21T04:20:52.624049Z,376423587,761
2026-02-21T04:30:51.422059Z,376423775,753
2026-02-21T04:40:51.197016Z,376424009,749
2026-02-21T04:50:54.025520Z,376424199,713
2026-02-21T05:01:00.908402Z,376424368,682
2026-02-21T05:10:51.979328Z,376424628,671
2026-02-21T05:20:50.680136Z,376424799,663
2026-02-21T05:30:55.653987Z,376425050,656
2026-02-21T05:40:47.811548Z,376425267,643
2026-02-21T05:50:52.250116Z,376425465,657
2026-02-21T06:00:56.397192Z,376425680,643
2026-02-21T06:10:49.884595Z,376425882,642
2026-02-21T06:20:51.064325Z,376426033,619
2026-02-21T06:30:51.988836Z,376426195,602
2026-02-21T06:40:51.542647Z,376426359,641
2026-02-21T06:50:51.736083Z,376426582,625
2026-02-21T07:00:53.570624Z,376426812,635
2026-02-21T07:10:49.814816Z,376426991,654
2026-02-21T07:20:49.672706Z,376427139,617
2026-02-21T07:30:50.577460Z,376427320,605
2026-02-21T07:40:48.975314Z,376427468,577
2026-02-21T07:50:49.094181Z,376427625,554
2026-02-21T08:00:50.715596Z,376427788,564
2026-02-21T08:10:49.996988Z,376427979,583
2026-02-21T08:20:50.090437Z,376428115,556
2026-02-21T08:30:52.191367Z,376428251,497
2026-02-21T08:40:49.842781Z,376428375,487
2026-02-21T08:50:54.553075Z,376428521,499
2026-02-21T09:00:56.697158Z,376428647,516
2026-02-21T09:10:54.633269Z,376428766,504
2026-02-21T09:20:56.542822Z,376428898,502
2026-02-21T09:30:55.068205Z,376429029,460
2026-02-21T09:40:54.874677Z,376429161,442
2026-02-21T09:50:56.739161Z,376429308,449
2026-02-21T10:00:56.266174Z,376429462,446
2026-02-21T10:10:57.065508Z,376429565,433
2026-02-21T10:20:55.766381Z,376429740,415
2026-02-21T10:30:57.316735Z,376429864,401
2026-02-21T10:40:55.004398Z,376430000,444
2026-02-21T10:50:55.485345Z,376430128,458
2026-02-21T11:00:57.318811Z,376430287,421
2026-02-21T11:10:54.776656Z,376430424,436
2026-02-21T11:20:58.264757Z,376430569,435
2026-02-21T11:30:58.399300Z,376430682,430
2026-02-21T11:40:56.159242Z,376430806,437
2026-02-21T11:50:55.770257Z,376430899,435
2026-02-21T12:00:59.845117Z,376430991,441
2026-02-21T12:10:55.190233Z,376431076,434
2026-02-21T12:20:53.986258Z,376431179,421
2026-02-21T12:30:57.262820Z,376431267,429
2026-02-21T12:40:57.276505Z,376431355,441
2026-02-21T12:50:55.111473Z,376431434,441
2026-02-21T13:01:02.944293Z,376431556,453
2026-02-21T13:10:56.554776Z,376431682,452
2026-02-21T13:20:54.789062Z,376431785,458
2026-02-21T13:30:55.530645Z,376431904,467
2026-02-21T13:40:56.301959Z,376431994,460
2026-02-21T13:50:56.167372Z,376432099,428
2026-02-21T14:00:58.097050Z,376432215,433
2026-02-21T14:10:56.212273Z,376432346,436
2026-02-21T14:20:54.510897Z,376432468,437
2026-02-21T14:30:54.423596Z,376432613,449
2026-02-21T14:40:55.389703Z,376432727,446
2026-02-21T14:50:55.232922Z,376432863,461
2026-02-21T15:00:58.846348Z,376433042,464
2026-02-21T15:10:55.561877Z,376433175,433
2026-02-21T15:20:55.753930Z,376433341,452
2026-02-21T15:30:54.235274Z,376433520,463
2026-02-21T15:40:54.135177Z,376433714,473
2026-02-21T15:50:44.359348Z,376433904,473
2026-02-21T16:00:50.740453Z,376434111,498
2026-02-21T16:10:43.906538Z,376434278,525
2026-02-21T16:20:45.160813Z,376434447,520
2026-02-21T16:30:49.637201Z,376434613,529
2026-02-21T16:40:45.739603Z,376434813,522
2026-02-21T16:50:44.834159Z,376435046,558
2026-02-21T17:00:48.203445Z,376435319,569
2026-02-21T17:10:46.091059Z,376435591,577
2026-02-21T17:20:46.299818Z,376435825,606
2026-02-21T17:30:48.169184Z,376436074,618
2026-02-21T17:40:48.741243Z,376436354,618
2026-02-21T17:50:44.693437Z,376436596,624
2026-02-21T18:00:47.931911Z,376436795,639
2026-02-21T18:10:45.419240Z,376437000,633
2026-02-21T18:20:45.744332Z,376437236,612
2026-02-21T18:30:49.863891Z,376437494,615
2026-02-21T18:40:47.386738Z,376437754,622
2026-02-21T18:50:45.384093Z,376437996,633
2026-02-21T19:00:49.513173Z,376438257,655
2026-02-21T19:10:45.242323Z,376438512,650
2026-02-21T19:20:46.507539Z,376438735,651
2026-02-21T19:30:53.135462Z,376438951,639
2026-02-21T19:40:46.716672Z,376439187,618
2026-02-21T19:50:48.208091Z,376439440,604
2026-02-21T20:00:47.681901Z,376439746,636
2026-02-21T20:10:48.416637Z,376440010,650
2026-02-21T20:20:45.968661Z,376440253,679
2026-02-21T20:30:47.634211Z,376440529,665
2026-02-21T20:40:47.451293Z,376440798,708
2026-02-21T20:50:47.305766Z,376441123,692
2026-02-21T21:00:49.301992Z,376441390,721
2026-02-21T21:10:43.555007Z,376441672,706
2026-02-21T21:20:45.806870Z,376441921,724
2026-02-21T21:30:48.060425Z,376442202,765
2026-02-21T21:40:45.723161Z,376442481,773
2026-02-21T21:50:50.248027Z,376442764,752
2026-02-21T22:00:50.223490Z,376443029,774
2026-02-21T22:10:43.377780Z,376443330,808
2026-02-21T22:20:43.817506Z,376443574,787
2026-02-21T22:30:45.534663Z,376443832,747
2026-02-21T22:40:44.274820Z,376444139,723
2026-02-21T22:50:44.556701Z,376444381,702
2026-02-21T23:00:35.862424Z,376444668,715
2026-02-21T23:10:35.775034Z,376444964,715
2026-02-21T23:20:36.014306Z,376445261,692
2026-02-21T23:30:35.115294Z,376445559,686
2026-02-21T23:40:37.201947Z,376445836,692
2026-02-21T23:50:36.791906Z,376446097,709
2026-02-22T00:00:35.051103Z,376446334,700
2026-02-22T00:10:36.380189Z,376446571,703
2026-02-22T00:20:36.432356Z,376446771,651
2026-02-22T00:30:36.032314Z,376447045,642
2026-02-22T00:40:35.502942Z,376447271,639
2026-02-22T00:50:35.090786Z,376447481,638
2026-02-22T01:00:34.595056Z,376447697,642
2026-02-22T01:10:37.860661Z,376448000,691
2026-02-22T01:20:36.197098Z,376448252,650
2026-02-22T01:30:38.091719Z,376448505,629
2026-02-22T01:40:35.052936Z,376448727,631
2026-02-22T01:50:36.711424Z,376448970,617
2026-02-22T02:00:36.656383Z,376449234,605
2026-02-22T02:10:34.980759Z,376449451,627
2026-02-22T02:20:36.309074Z,376449685,632
2026-02-22T02:30:34.060271Z,376449923,647
2026-02-22T02:40:36.325039Z,376450157,657
2026-02-22T02:50:37.346563Z,376450359,656
2026-02-22T03:00:34.964841Z,376450559,652
2026-02-22T03:10:36.449576Z,376450788,646
2026-02-22T03:20:36.235201Z,376451030,607
2026-02-22T03:30:36.775739Z,376451276,612
2026-02-22T03:40:34.063236Z,376451526,616
2026-02-22T03:50:36.734871Z,376451796,627
2026-02-22T04:00:36.108284Z,376452075,676
2026-02-22T04:10:35.298718Z,376452347,689
2026-02-22T04:20:37.506961Z,376452621,672
2026-02-22T04:30:36.011630Z,376452873,648
2026-02-22T04:40:36.637370Z,376453075,648
2026-02-22T04:50:35.553935Z,376453279,624
2026-02-22T05:00:36.927566Z,376453508,602
2026-02-22T05:10:34.578668Z,376453730,589
2026-02-22T05:20:36.336611Z,376454014,587
2026-02-22T05:30:34.682242Z,376454231,602
2026-02-22T05:40:35.211946Z,376454503,628
2026-02-22T05:50:35.863506Z,376454725,646
2026-02-22T06:00:36.006378Z,376454930,652
2026-02-22T06:10:43.740201Z,376455149,601
2026-02-22T06:20:45.791293Z,376455336,610
2026-02-22T06:30:44.190805Z,376455524,572
2026-02-22T06:40:43.906127Z,376455753,587
2026-02-22T06:50:41.783356Z,376455987,519
2026-02-22T07:00:43.444310Z,376456230,549
2026-02-22T07:10:44.936868Z,376456416,561
2026-02-22T07:20:43.095937Z,376456606,564
2026-02-22T07:30:41.289300Z,376456794,501
2026-02-22T07:40:43.031547Z,376457004,506
2026-02-22T07:50:44.407735Z,376457177,495
2026-02-22T08:00:46.035082Z,376457353,468
2026-02-22T08:10:41.859585Z,376457520,489
2026-02-22T08:20:45.954837Z,376457682,469
2026-02-22T08:30:45.978398Z,376457843,455
2026-02-22T08:40:44.742570Z,376457983,440
2026-02-22T08:50:45.477558Z,376458175,460
2026-02-22T09:00:47.228580Z,376458327,440
2026-02-22T09:10:44.185939Z,376458485,440
2026-02-22T09:20:47.502776Z,376458585,441
2026-02-22T09:30:46.261291Z,376458693,439
2026-02-22T09:40:46.336272Z,376458803,447
2026-02-22T09:50:44.463226Z,376458920,451
2026-02-22T10:00:49.981647Z,376459023,454
2026-02-22T10:10:45.933816Z,376459142,461
2026-02-22T10:20:48.060779Z,376459231,452
2026-02-22T10:30:46.110025Z,376459336,454
2026-02-22T10:40:42.695891Z,376459461,441
2026-02-22T10:50:46.162650Z,376459574,450
2026-02-22T11:00:50.073775Z,376459679,459
2026-02-22T11:10:46.003510Z,376459800,449
2026-02-22T11:20:48.767484Z,376459928,450
2026-02-22T11:30:50.544215Z,376460045,458
2026-02-22T11:40:47.593039Z,376460179,456
2026-02-22T11:50:48.285657Z,376460298,470
2026-02-22T12:00:48.029679Z,376460408,483
2026-02-22T12:10:46.853520Z,376460528,472
2026-02-22T12:20:47.122516Z,376460643,490
2026-02-22T12:30:50.063582Z,376460761,456
2026-02-22T12:40:48.696619Z,376460880,465
2026-02-22T12:50:45.143156Z,376461006,471
2026-02-22T13:00:54.832077Z,376461141,480
2026-02-22T13:10:39.930543Z,376461284,482
2026-02-22T13:20:37.802430Z,376461447,487
2026-02-22T13:30:38.009577Z,376461614,519
2026-02-22T13:40:36.719144Z,376461789,491
2026-02-22T13:50:38.114449Z,376461953,519
2026-02-22T14:00:38.296994Z,376462091,521
2026-02-22T14:10:37.113363Z,376462251,508
2026-02-22T14:20:38.085061Z,376462498,536
2026-02-22T14:30:39.920740Z,376462691,558
2026-02-22T14:40:40.343781Z,376462857,553
2026-02-22T14:50:39.838078Z,376462993,544
2026-02-22T15:00:40.557500Z,376463169,561
2026-02-22T15:10:39.724568Z,376463343,548
2026-02-22T15:20:38.974536Z,376463491,550
2026-02-22T15:30:41.044443Z,376463667,575
2026-02-22T15:40:41.809990Z,376463827,567
2026-02-22T15:50:39.268085Z,376464025,562
2026-02-22T16:00:40.883682Z,376464232,583
2026-02-22T16:10:38.618317Z,376464432,598
2026-02-22T16:20:39.530752Z,376464608,609
2026-02-22T16:30:40.832689Z,376464770,625
2026-02-22T16:40:39.905366Z,376464934,644
2026-02-22T16:50:38.063118Z,376465095,631
2026-02-22T17:00:43.506042Z,376465300,656
2026-02-22T17:10:38.681182Z,376465487,626
2026-02-22T17:20:41.928078Z,376465666,649
2026-02-22T17:30:41.124325Z,376465891,654
2026-02-22T17:40:41.024911Z,376466084,658
2026-02-22T17:50:39.449787Z,376466286,655
2026-02-22T18:00:43.701230Z,376466496,649
2026-02-22T18:10:41.483275Z,376466726,694
2026-02-22T18:20:40.897916Z,376466975,673
2026-02-22T18:30:40.635328Z,376467244,659
2026-02-22T18:40:39.138880Z,376467512,685
2026-02-22T18:50:41.410491Z,376467775,670
2026-02-22T19:00:45.880432Z,376468140,711
2026-02-22T19:10:41.300508Z,376468455,707
2026-02-22T19:20:41.395194Z,376468788,721
2026-02-22T19:30:42.016810Z,376469139,727
2026-02-22T19:40:39.618979Z,376469468,745
2026-02-22T19:50:40.407415Z,376469786,700
2026-02-22T20:00:41.674756Z,376470117,754
2026-02-22T20:10:39.213078Z,376470428,778
2026-02-22T20:20:40.129108Z,376470795,800
2026-02-22T20:30:40.374259Z,376471145,810
2026-02-22T20:40:40.737673Z,376471473,819
2026-02-22T20:50:40.438143Z,376471776,818
2026-02-22T21:00:42.310621Z,376472058,798
2026-02-22T21:10:41.366970Z,376472364,819
2026-02-22T21:20:41.112676Z,376472641,785
2026-02-22T21:30:38.980184Z,376472940,785
2026-02-22T21:40:40.903796Z,376473186,775
2026-02-22T21:50:47.146411Z,376473478,780
2026-02-22T22:00:40.323194Z,376473816,753
2026-02-22T22:10:40.156803Z,376474117,753
2026-02-22T22:20:43.895416Z,376474459,742
2026-02-22T22:30:40.519286Z,376474827,756
2026-02-22T22:40:37.903741Z,376475224,769
2026-02-22T22:50:39.162124Z,376475602,773
2026-02-22T23:00:40.993665Z,376475918,748
2026-02-22T23:10:38.346533Z,376476216,760
2026-02-22T23:20:50.469054Z,376476548,762
2026-02-22T23:30:38.789770Z,376476800,769
2026-02-22T23:40:40.478837Z,376477128,768
2026-02-22T23:50:36.718683Z,376477463,757
2026-02-23T00:00:39.764797Z,376477833,747
2026-02-23T00:10:40.548374Z,376478150,776
2026-02-23T00:20:37.543461Z,376478423,780
2026-02-23T00:30:38.579508Z,376478733,779
2026-02-23T00:40:38.658123Z,376478945,761
2026-02-23T00:50:40.346548Z,376479170,713
2026-02-23T01:00:38.678851Z,376479415,728
2026-02-23T01:10:38.049353Z,376479718,708
2026-02-23T01:20:37.690856Z,376479934,745
2026-02-23T01:30:40.972815Z,376480193,739
2026-02-23T01:40:39.815393Z,376480349,745
2026-02-23T01:50:39.706405Z,376480566,730
2026-02-23T02:00:39.760999Z,376480845,773
2026-02-23T02:10:40.357332Z,376481052,791
2026-02-23T02:20:39.412511Z,376481330,806
2026-02-23T02:30:40.630608Z,376481551,802
2026-02-23T02:40:39.844317Z,376481778,781
2026-02-23T02:50:38.934353Z,376481999,775
2026-02-23T03:00:40.574023Z,376482202,761
2026-02-23T03:10:38.751260Z,376482375,780
2026-02-23T03:20:37.078315Z,376482575,764
2026-02-23T03:30:49.613911Z,376482846,767
2026-02-23T03:40:43.261215Z,376483107,786
2026-02-23T03:50:43.351643Z,376483350,721
2026-02-23T04:00:52.645253Z,376483602,684
2026-02-23T04:10:45.875938Z,376483799,661
2026-02-23T04:20:45.846915Z,376484038,676
2026-02-23T04:30:45.933074Z,376484220,653
2026-02-23T04:40:45.902826Z,376484401,646
2026-02-23T04:50:43.889957Z,376484618,632
2026-02-23T05:00:53.522585Z,376484865,666
2026-02-23T05:10:49.081824Z,376485058,651
2026-02-23T05:20:41.808119Z,376485197,648
2026-02-23T05:30:50.506452Z,376485373,604
2026-02-23T05:40:45.812754Z,376485569,645
2026-02-23T05:50:46.006351Z,376485697,599
2026-02-23T06:00:47.754313Z,376485823,573
2026-02-23T06:10:45.924672Z,376486010,576
2026-02-23T06:20:52.208184Z,376486160,581
2026-02-23T06:30:45.264107Z,376486341,599
2026-02-23T06:40:43.364436Z,376486520,574
2026-02-23T06:50:43.162175Z,376486716,564
2026-02-23T07:00:51.731131Z,376486851,499
2026-02-23T07:10:44.578911Z,376486999,522
2026-02-23T07:20:51.140426Z,376487162,519
2026-02-23T07:30:46.027914Z,376487321,512
2026-02-23T07:40:45.431432Z,376487465,501
2026-02-23T07:50:44.065545Z,376487592,458
2026-02-23T08:00:50.010190Z,376487708,469
2026-02-23T08:10:43.717852Z,376487827,495
2026-02-23T08:20:48.058260Z,376487935,498
2026-02-23T08:30:45.925175Z,376488027,498
2026-02-23T08:40:51.635938Z,376488114,498
2026-02-23T08:50:43.808603Z,376488197,509
2026-02-23T09:00:45.922336Z,376488289,503
2026-02-23T09:10:46.382115Z,376488386,481
2026-02-23T09:20:45.039686Z,376488487,491
2026-02-23T09:30:47.424597Z,376488583,462
2026-02-23T09:40:47.779579Z,376488697,470
2026-02-23T09:50:43.929398Z,376488784,450
2026-02-23T10:00:51.142881Z,376488908,453
2026-02-23T10:10:45.629101Z,376489041,472
2026-02-23T10:20:43.297694Z,376489169,456
2026-02-23T10:30:48.271351Z,376489293,452
2026-02-23T10:40:38.254050Z,376489408,475
2026-02-23T10:50:40.121528Z,376489569,489
2026-02-23T11:00:40.142516Z,376489652,449
2026-02-23T11:10:36.453530Z,376489748,469
2026-02-23T11:20:39.111998Z,376489823,444
2026-02-23T11:30:36.786461Z,376489899,439
2026-02-23T11:40:37.348859Z,376489969,453
2026-02-23T11:50:37.213376Z,376490040,452
2026-02-23T12:00:38.521996Z,376490132,459
2026-02-23T12:10:40.244375Z,376490223,465
2026-02-23T12:20:40.509528Z,376490302,443
2026-02-23T12:30:39.425309Z,376490397,427
2026-02-23T12:40:39.170671Z,376490503,438
2026-02-23T12:50:37.831313Z,376490601,438
2026-02-23T13:00:43.684686Z,376490705,471
2026-02-23T13:10:38.190841Z,376490801,473
2026-02-23T13:20:38.487237Z,376490895,482
2026-02-23T13:30:38.979564Z,376491000,488
2026-02-23T13:40:41.369251Z,376491126,486
2026-02-23T13:50:40.241550Z,376491265,511
2026-02-23T14:00:39.314216Z,376491355,475
2026-02-23T14:10:40.954704Z,376491460,436
2026-02-23T14:20:39.873229Z,376491537,438
2026-02-23T14:30:39.535800Z,376491634,440
2026-02-23T14:40:45.054654Z,376491743,440
2026-02-23T14:50:38.834082Z,376491874,442
2026-02-23T15:00:00.000Z,NaN,NaN
2026-02-23T15:10:52.652294Z,376492119,454
2026-02-23T15:21:03.274343Z,376492254,484
2026-02-23T15:30:53.457208Z,376492412,516
2026-02-23T15:40:54.746849Z,376492568,531
2026-02-23T15:50:57.719468Z,376492716,553
2026-02-23T16:00:59.595964Z,376492888,552
2026-02-23T16:11:03.119150Z,376493038,562
2026-02-23T16:20:49.295269Z,376493186,564
2026-02-23T16:31:07.764460Z,376493367,576
2026-02-23T16:41:11.506754Z,376493581,587
2026-02-23T16:51:12.803144Z,376493794,580
2026-02-23T17:01:12.493957Z,376494006,567
2026-02-23T17:10:53.106073Z,376494188,583
2026-02-23T17:20:58.444583Z,376494392,595
2026-02-23T17:31:02.215251Z,376494593,612
2026-02-23T17:40:53.694396Z,376494793,604
2026-02-23T17:51:16.641855Z,376494978,597
2026-02-23T18:01:16.749706Z,376495159,613
2026-02-23T18:11:10.436574Z,376495395,612
2026-02-23T18:20:57.161091Z,376495609,600
2026-02-23T18:30:58.610153Z,376495844,634
2026-02-23T18:41:16.412883Z,376496061,625
2026-02-23T18:51:14.681345Z,376496343,643
2026-02-23T19:01:15.683859Z,376496618,601
2026-02-23T19:10:59.146565Z,376496856,600
2026-02-23T19:21:04.389491Z,376497134,599
2026-02-23T19:31:09.673595Z,376497395,629
2026-02-23T19:41:05.801286Z,376497739,630
2026-02-23T19:50:56.805027Z,376497992,630
2026-02-23T20:01:11.977400Z,376498227,643
2026-02-23T20:10:56.047261Z,376498466,662
2026-02-23T20:21:11.117537Z,376498723,631
2026-02-23T20:31:11.821334Z,376498982,669
2026-02-23T20:41:03.955106Z,376499208,666
2026-02-23T20:51:19.919432Z,376499508,692
2026-02-23T21:00:57.686811Z,376499729,700
2026-02-23T21:11:02.206677Z,376499971,691
2026-02-23T21:21:21.292146Z,376500267,637
2026-02-23T21:31:14.256069Z,376500518,673
2026-02-23T21:41:02.716734Z,376500753,670
2026-02-23T21:51:05.778759Z,376500955,680
2026-02-23T22:01:20.653812Z,376501218,682
2026-02-23T22:11:03.635692Z,376501493,663
2026-02-23T22:20:55.299981Z,376501731,671
2026-02-23T22:30:20.776211Z,376502037,653
2026-02-23T22:40:20.382673Z,376502329,657
2026-02-23T22:50:23.001808Z,376502644,692
2026-02-23T23:00:20.085618Z,376502928,682
2026-02-23T23:10:21.444939Z,376503250,707
2026-02-23T23:20:26.096537Z,376503540,744
2026-02-23T23:30:29.069260Z,376503829,731
2026-02-23T23:40:21.896352Z,376504031,693
2026-02-23T23:50:20.997577Z,376504266,683
2026-02-24T00:00:21.748814Z,376504484,677
2026-02-24T00:10:21.146629Z,376504758,660
2026-02-24T00:20:23.307188Z,376504997,664
2026-02-24T00:30:22.018993Z,376505268,639
2026-02-24T00:40:20.364688Z,376505556,674
2026-02-24T00:50:23.505913Z,376505804,678
2026-02-24T01:00:22.734026Z,376506060,663
2026-02-24T01:10:21.676322Z,376506294,638
2026-02-24T01:20:25.348564Z,376506576,690
2026-02-24T01:30:22.620574Z,376506828,656
2026-02-24T01:40:21.981378Z,376507117,654
2026-02-24T01:50:23.394252Z,376507385,643
2026-02-24T02:00:24.448452Z,376507678,698
2026-02-24T02:10:19.368148Z,376507918,649
2026-02-24T02:20:21.824830Z,376508185,653
2026-02-24T02:30:24.686653Z,376508436,623
2026-02-24T02:40:20.607882Z,376508696,622
2026-02-24T02:50:22.044703Z,376508982,653
2026-02-24T03:00:25.753811Z,376509231,638
2026-02-24T03:10:21.689185Z,376509436,625
2026-02-24T03:20:22.196229Z,376509653,615
2026-02-24T03:30:22.481961Z,376509886,642
2026-02-24T03:40:23.450482Z,376510111,650
2026-02-24T03:50:21.477824Z,376510279,635
2026-02-24T04:00:22.655940Z,376510453,605
2026-02-24T04:10:25.506126Z,376510658,577
2026-02-24T04:20:21.377535Z,376510874,575
2026-02-24T04:30:23.360506Z,376511105,567
2026-02-24T04:40:23.237642Z,376511351,570
2026-02-24T04:50:24.091811Z,376511561,543
2026-02-24T05:00:28.350648Z,376511785,551
2026-02-24T05:10:21.410349Z,376512026,547
2026-02-24T05:20:23.489109Z,376512211,573
2026-02-24T05:30:26.846428Z,376512435,601
2026-02-24T05:40:22.947194Z,376512690,584
2026-02-24T05:50:29.954118Z,376512937,568
2026-02-24T06:00:30.155776Z,376513166,576
2026-02-24T06:10:29.409088Z,376513393,542
2026-02-24T06:20:29.755506Z,376513558,564
2026-02-24T06:30:32.040287Z,376513778,542
2026-02-24T06:40:30.925016Z,376513958,528
2026-02-24T06:50:27.653208Z,376514132,529
2026-02-24T07:00:32.605818Z,376514248,538
2026-02-24T07:10:28.387557Z,376514372,513
2026-02-24T07:20:29.497203Z,376514505,488
2026-02-24T07:30:30.489123Z,376514659,496
2026-02-24T07:40:30.587897Z,376514746,485
2026-02-24T07:50:31.861596Z,376514882,516
2026-02-24T08:00:30.175794Z,376514974,520
2026-02-24T08:10:31.274605Z,376515064,493
2026-02-24T08:20:30.538722Z,376515188,485
2026-02-24T08:30:31.324056Z,376515264,481
2026-02-24T08:40:30.750333Z,376515335,480
2026-02-24T08:50:29.400949Z,376515418,426
2026-02-24T09:00:33.144470Z,376515512,409
2026-02-24T09:10:30.261085Z,376515597,408
2026-02-24T09:20:32.683024Z,376515687,386
2026-02-24T09:30:34.056536Z,376515767,361
2026-02-24T09:40:37.300918Z,376515865,332
2026-02-24T09:50:31.793689Z,376515970,345
2026-02-24T10:00:38.787384Z,376516073,347
2026-02-24T10:10:34.207543Z,376516164,334
2026-02-24T10:20:30.991178Z,376516273,351
2026-02-24T10:30:36.923824Z,376516365,348
2026-02-24T10:40:34.671246Z,376516486,324
2026-02-24T10:50:35.394065Z,376516565,329
2026-02-24T11:00:36.319769Z,376516662,345
2026-02-24T11:10:32.808559Z,376516740,326
2026-02-24T11:20:32.626010Z,376516833,319
2026-02-24T11:30:33.562900Z,376516952,324
2026-02-24T11:40:37.215794Z,376517057,309
2026-02-24T11:50:35.314319Z,376517161,320
2026-02-24T12:00:48.825046Z,376517263,334
2026-02-24T12:10:37.913037Z,376517356,339
2026-02-24T12:20:38.545973Z,376517443,331
2026-02-24T12:30:39.289794Z,376517513,328
2026-02-24T12:40:47.013488Z,376517586,336
2026-02-24T12:50:32.537672Z,376517678,336
2026-02-24T13:00:43.347677Z,376517813,350
2026-02-24T13:10:21.356612Z,376517931,353
2026-02-24T13:20:21.832481Z,376518072,363
2026-02-24T13:30:20.006863Z,376518187,367
2026-02-24T13:40:21.924929Z,376518274,348
2026-02-24T13:50:22.741614Z,376518375,347
2026-02-24T14:00:21.724887Z,376518449,353
2026-02-24T14:10:22.287559Z,376518544,345
2026-02-24T14:20:23.460156Z,376518624,333
2026-02-24T14:30:23.883189Z,376518734,345
2026-02-24T14:40:23.442165Z,376518832,329
2026-02-24T14:50:22.993798Z,376518937,324
2026-02-24T15:00:21.251531Z,376519054,331
2026-02-24T15:10:22.158002Z,376519209,326
2026-02-24T15:20:22.707726Z,376519387,313
2026-02-24T15:30:20.801356Z,376519551,346
2026-02-24T15:40:24.361150Z,376519785,391
2026-02-24T15:50:47.227475Z,376519951,350
2026-02-24T16:00:21.766041Z,376520161,389
2026-02-24T16:10:23.624673Z,376520349,401
2026-02-24T16:20:30.707180Z,376520516,413
2026-02-24T16:30:31.267798Z,376520659,383
2026-02-24T16:40:26.349555Z,376520803,389
2026-02-24T16:50:29.659474Z,376520965,397
2026-02-24T17:00:22.048627Z,376521155,410
2026-02-24T17:10:20.994556Z,376521351,410
2026-02-24T17:20:24.806494Z,376521554,431
2026-02-24T17:30:24.646636Z,376521779,396
2026-02-24T17:40:23.534920Z,376521972,426
2026-02-24T17:50:23.894918Z,376522155,429
2026-02-24T18:00:24.755237Z,376522311,411
2026-02-24T18:10:22.869578Z,376522478,431
2026-02-24T18:20:25.050442Z,376522644,438
2026-02-24T18:30:22.610275Z,376522808,454
2026-02-24T18:40:23.486719Z,376522953,470
2026-02-24T18:50:21.571550Z,376523165,470
2026-02-24T19:00:24.016987Z,376523311,448
2026-02-24T19:10:20.975507Z,376523494,453
2026-02-24T19:20:22.164764Z,376523636,454
2026-02-24T19:30:22.290130Z,376523837,490
2026-02-24T19:40:21.402909Z,376524020,505
2026-02-24T19:50:22.355815Z,376524218,517
2026-02-24T20:00:21.209091Z,376524443,538
2026-02-24T20:10:20.524495Z,376524666,527
2026-02-24T20:20:22.912477Z,376524911,535
2026-02-24T20:30:22.825498Z,376525165,493
2026-02-24T20:40:23.350542Z,376525365,487
2026-02-24T20:50:21.080031Z,376525593,517
2026-02-24T21:00:22.068268Z,376525853,527
2026-02-24T21:10:35.427049Z,376526060,525
2026-02-24T21:20:31.961939Z,376526249,542
2026-02-24T21:30:32.066167Z,376526456,552
2026-02-24T21:40:30.479576Z,376526723,568
2026-02-24T21:50:33.417683Z,376527006,603
2026-02-24T22:00:34.134960Z,376527272,647
2026-02-24T22:10:38.489245Z,376527549,691
2026-02-24T22:20:31.365644Z,376527837,693
2026-02-24T22:30:33.066946Z,376528118,709
2026-02-24T22:40:30.935237Z,376528415,712
2026-02-24T22:50:31.303872Z,376528710,728
2026-02-24T23:00:31.776121Z,376529010,725
2026-02-24T23:10:34.078906Z,376529343,712
2026-02-24T23:20:31.272770Z,376529635,723
2026-02-24T23:30:33.034583Z,376529871,728
2026-02-24T23:40:33.606884Z,376530167,715
2026-02-24T23:50:32.941476Z,376530454,669
2026-02-25T00:00:32.945149Z,376530762,674
2026-02-25T00:10:39.697084Z,376531071,699
2026-02-25T00:20:32.584911Z,376531390,662
2026-02-25T00:30:30.940119Z,376531761,698
2026-02-25T00:40:33.534266Z,376532066,693
2026-02-25T00:50:33.944604Z,376532374,733
2026-02-25T01:00:34.473211Z,376532691,737
2026-02-25T01:10:32.204348Z,376532961,731
2026-02-25T01:20:29.581446Z,376533195,719
2026-02-25T01:30:34.739883Z,376533467,704
2026-02-25T01:40:30.984022Z,376533758,741
2026-02-25T01:50:30.478535Z,376533988,735
2026-02-25T02:00:34.907215Z,376534228,725
2026-02-25T02:10:31.247999Z,376534473,714
2026-02-25T02:20:34.397156Z,376534720,724
2026-02-25T02:30:31.747525Z,376534976,720
2026-02-25T02:40:32.887109Z,376535239,706
2026-02-25T02:50:30.581572Z,376535502,706
2026-02-25T03:00:31.110794Z,376535727,688
2026-02-25T03:10:31.584772Z,376535960,673
2026-02-25T03:20:31.763200Z,376536243,693
2026-02-25T03:30:00.000Z,NaN,NaN
2026-02-25T03:40:31.834270Z,376536706,639
2026-02-25T03:50:31.427749Z,376536961,586
2026-02-25T04:00:32.467561Z,376537203,568
2026-02-25T04:10:32.646105Z,376537446,573
2026-02-25T04:20:30.545355Z,376537685,571
2026-02-25T04:30:31.746930Z,376537952,570
2026-02-25T04:40:32.357278Z,376538196,580
2026-02-25T04:50:31.038366Z,376538416,578
2026-02-25T05:00:33.964036Z,376538615,578
2026-02-25T05:10:32.568811Z,376538867,560
2026-02-25T05:20:48.582800Z,376539064,525
2026-02-25T05:30:51.253849Z,376539257,489
2026-02-25T05:40:52.970052Z,376539493,475
2026-02-25T05:50:49.860650Z,376539726,500
2026-02-25T06:00:50.075177Z,376539940,479
2026-02-25T06:10:48.557034Z,376540109,468
2026-02-25T06:20:50.171532Z,376540337,488
2026-02-25T06:30:48.256757Z,376540539,461
2026-02-25T06:40:48.842778Z,376540762,450
2026-02-25T06:50:47.426760Z,376540923,430
2026-02-25T07:00:47.517368Z,376541081,414
2026-02-25T07:10:52.488014Z,376541219,360
2026-02-25T07:20:50.020999Z,376541392,350
2026-02-25T07:30:45.978872Z,376541507,356
2026-02-25T07:40:00.000Z,NaN,NaN
2026-02-25T07:50:00.000Z,NaN,NaN
2026-02-25T08:00:00.000Z,NaN,NaN
2026-02-25T08:10:00.000Z,NaN,NaN
2026-02-25T08:20:00.000Z,NaN,NaN
2026-02-25T08:30:00.000Z,NaN,NaN
2026-02-25T08:40:00.000Z,NaN,NaN
2026-02-25T08:50:00.000Z,NaN,NaN
2026-02-25T09:00:00.000Z,NaN,NaN
2026-02-25T09:10:00.000Z,NaN,NaN
2026-02-25T09:20:00.000Z,NaN,NaN
2026-02-25T09:30:00.000Z,NaN,NaN
2026-02-25T09:40:00.000Z,NaN,NaN
2026-02-25T09:50:00.000Z,NaN,NaN
2026-02-25T10:00:00.000Z,NaN,NaN
2026-02-25T10:10:00.000Z,NaN,NaN
2026-02-25T10:20:00.000Z,NaN,NaN
2026-02-25T10:30:00.000Z,NaN,NaN
2026-02-25T10:40:00.000Z,NaN,NaN
2026-02-25T10:50:00.000Z,NaN,NaN
2026-02-25T11:00:00.000Z,NaN,NaN
2026-02-25T11:10:00.000Z,NaN,NaN
2026-02-25T11:20:00.000Z,NaN,NaN
2026-02-25T11:30:00.000Z,NaN,NaN
2026-02-25T11:40:00.000Z,NaN,NaN
2026-02-25T11:50:00.000Z,NaN,NaN
2026-02-25T12:00:49.573684Z,376544125,343
2026-02-25T12:10:48.257519Z,376544194,336
2026-02-25T12:20:49.006405Z,376544266,351
2026-02-25T12:30:48.030133Z,376544365,347
2026-02-25T12:40:47.179288Z,376544501,329
2026-02-25T12:50:49.264051Z,376544606,314
2026-02-25T13:00:48.798201Z,376544701,321
2026-02-25T13:10:50.870540Z,376544810,314
2026-02-25T13:20:48.157260Z,376544937,337
2026-02-25T13:30:49.723889Z,376545054,335
2026-02-25T13:40:47.837463Z,376545200,339
2026-02-25T13:50:49.407169Z,376545351,354
2026-02-25T14:00:50.220299Z,376545509,364
2026-02-25T14:10:46.937271Z,376545623,367
2026-02-25T14:20:47.209064Z,376545741,377
2026-02-25T14:30:49.066917Z,376545847,376
2026-02-25T14:40:51.037494Z,376545981,376
2026-02-25T14:50:51.137815Z,376546113,385
2026-02-25T15:00:49.611221Z,376546263,364
2026-02-25T15:10:51.118251Z,376546385,358
2026-02-25T15:20:50.785605Z,376546501,361
2026-02-25T15:30:50.259628Z,376546631,370
2026-02-25T15:40:50.725094Z,376546725,367
2026-02-25T15:50:55.254623Z,376546829,369
2026-02-25T16:01:01.606219Z,376546941,374
2026-02-25T16:10:52.318400Z,376547062,369
2026-02-25T16:20:51.314837Z,376547229,339
2026-02-25T16:30:49.753994Z,376547422,367
2026-02-25T16:40:50.281322Z,376547578,364
2026-02-25T16:50:47.882565Z,376547727,368
2026-02-25T17:00:50.886262Z,376547861,351
2026-02-25T17:10:49.380470Z,376548089,390
2026-02-25T17:21:06.771542Z,376548288,366
2026-02-25T17:30:49.317195Z,376548478,375
2026-02-25T17:40:51.505043Z,376548666,384
2026-02-25T17:50:52.958283Z,376548843,395
2026-02-25T18:00:55.084260Z,376549058,418
2026-02-25T18:11:17.405233Z,376549277,452
2026-02-25T18:21:00.220280Z,376549460,486
2026-02-25T18:30:50.292416Z,376549655,493
2026-02-25T18:40:47.189394Z,376549854,497
2026-02-25T18:50:51.482155Z,376550117,531
2026-02-25T19:00:48.980864Z,376550347,544
2026-02-25T19:10:49.761006Z,376550578,545
2026-02-25T19:20:49.748192Z,376550816,554
2026-02-25T19:30:46.933270Z,376551027,553
2026-02-25T19:40:55.314407Z,376551245,554
2026-02-25T19:50:47.261910Z,376551423,543
2026-02-25T20:00:48.614874Z,376551627,565
2026-02-25T20:10:47.185496Z,376551838,579
2026-02-25T20:20:50.018587Z,376552055,590
2026-02-25T20:30:50.378585Z,376552282,605
2026-02-25T20:40:49.251227Z,376552555,627
2026-02-25T20:50:52.476512Z,376552843,628
2026-02-25T21:00:46.899413Z,376553173,662
2026-02-25T21:10:49.198674Z,376553444,677
2026-02-25T21:20:50.885724Z,376553700,688
2026-02-25T21:30:49.350114Z,376553936,698
2026-02-25T21:40:49.513560Z,376554176,700
2026-02-25T21:50:47.809822Z,376554401,685
2026-02-25T22:00:55.748085Z,376554646,718
2026-02-25T22:10:50.115473Z,376554838,702
2026-02-25T22:20:47.670418Z,376555087,675
2026-02-25T22:30:46.160429Z,376555281,627
2026-02-25T22:40:47.557275Z,376555518,679
2026-02-25T22:50:48.582292Z,376555768,660
2026-02-25T23:00:48.970481Z,376556046,628
2026-02-25T23:10:49.594053Z,376556310,644
2026-02-25T23:20:48.985400Z,376556577,614
2026-02-25T23:30:47.584344Z,376556811,622
2026-02-25T23:40:49.926579Z,376557052,593
2026-02-25T23:50:48.420809Z,376557314,603
2026-02-26T00:00:50.393730Z,376557561,599
2026-02-26T00:10:48.276760Z,376557851,609
2026-02-26T00:20:46.645690Z,376558118,660
2026-02-26T00:30:48.864728Z,376558379,706
2026-02-26T00:40:45.792049Z,376558692,677
2026-02-26T00:50:49.420632Z,376558945,682
2026-02-26T01:00:49.592579Z,376559171,677
2026-02-26T01:10:46.669550Z,376559406,672
2026-02-26T01:20:48.005228Z,376559636,683
2026-02-26T01:30:48.612944Z,376559876,712
2026-02-26T01:40:47.894264Z,376560069,699
2026-02-26T01:50:46.309769Z,376560293,718
2026-02-26T02:00:50.946474Z,376560494,713
2026-02-26T02:10:46.907950Z,376560675,708
2026-02-26T02:20:47.660726Z,376560914,651
2026-02-26T02:30:46.160195Z,376561102,645
2026-02-26T02:40:48.498729Z,376561311,646
2026-02-26T02:50:45.417028Z,376561506,638
2026-02-26T03:00:47.254588Z,376561716,681
2026-02-26T03:10:47.819129Z,376561910,673
2026-02-26T03:20:47.544312Z,376562162,676
2026-02-26T03:30:49.898018Z,376562421,651
2026-02-26T03:40:25.318401Z,376562637,663
2026-02-26T03:50:27.669107Z,376562848,642
2026-02-26T04:00:29.412778Z,376563016,628
2026-02-26T04:10:26.412614Z,376563235,646
2026-02-26T04:20:26.031384Z,376563393,619
2026-02-26T04:30:27.361521Z,376563665,633
2026-02-26T04:40:20.636301Z,376563817,594
2026-02-26T04:50:24.349843Z,376563982,589
2026-02-26T05:00:27.560674Z,376564156,566
2026-02-26T05:10:23.436622Z,376564296,570
2026-02-26T05:20:26.031053Z,376564447,571
2026-02-26T05:30:28.447859Z,376564598,561
2026-02-26T05:40:23.408049Z,376564775,527
2026-02-26T05:50:28.217945Z,376564932,477
2026-02-26T06:00:22.959536Z,376565063,465
2026-02-26T06:10:25.957696Z,376565208,442
2026-02-26T06:20:27.289672Z,376565369,427
2026-02-26T06:30:31.045925Z,376565540,415
2026-02-26T06:40:29.860883Z,376565657,392
2026-02-26T06:50:30.595111Z,376565823,391
2026-02-26T07:00:28.236203Z,376566002,409
2026-02-26T07:10:26.443089Z,376566140,377
2026-02-26T07:20:24.417426Z,376566299,415
2026-02-26T07:30:20.614104Z,376566404,408
2026-02-26T07:40:18.871753Z,376566510,380
2026-02-26T07:50:17.640159Z,376566681,380
2026-02-26T08:00:23.149330Z,376566776,372
2026-02-26T08:10:21.249681Z,376566871,381
2026-02-26T08:20:21.314400Z,376566958,366
2026-02-26T08:30:20.581529Z,376567041,357
2026-02-26T08:40:26.880804Z,376567119,340
2026-02-26T08:50:20.441286Z,376567183,330
2026-02-26T09:00:19.868068Z,376567280,343
2026-02-26T09:10:17.791374Z,376567387,329
2026-02-26T09:20:20.570845Z,376567490,315
2026-02-26T09:30:20.171587Z,376567554,311
2026-02-26T09:40:18.767025Z,376567643,333
2026-02-26T09:50:17.258074Z,376567732,320
2026-02-26T10:00:17.370565Z,376567827,335
2026-02-26T10:10:19.076155Z,376567916,325
2026-02-26T10:20:19.748203Z,376568017,319
2026-02-26T10:30:18.837118Z,376568127,316
2026-02-26T10:40:17.947047Z,376568249,354
2026-02-26T10:50:17.704538Z,376568359,351
2026-02-26T11:00:17.271381Z,376568487,365
2026-02-26T11:10:13.400034Z,376568594,340
2026-02-26T11:20:15.713641Z,376568672,328
2026-02-26T11:30:12.775056Z,376568763,326
2026-02-26T11:40:17.309605Z,376568839,300
2026-02-26T11:50:16.925155Z,376568939,311
2026-02-26T12:00:14.770914Z,376569033,305
2026-02-26T12:10:11.494008Z,376569142,302
2026-02-26T12:20:13.715306Z,376569238,282
2026-02-26T12:30:17.018899Z,376569363,279
2026-02-26T12:40:14.270467Z,376569522,317
2026-02-26T12:50:12.847387Z,376569672,324
2026-02-26T13:00:16.071117Z,376569777,326
2026-02-26T13:10:14.896086Z,376569881,335
2026-02-26T13:20:16.682198Z,376569976,350
2026-02-26T13:30:15.855385Z,376570050,348
2026-02-26T13:40:14.215219Z,376570142,351
2026-02-26T13:50:15.734950Z,376570239,337
2026-02-26T14:00:22.708209Z,376570361,355
2026-02-26T14:10:17.452191Z,376570508,351
2026-02-26T14:20:16.564940Z,376570631,354
2026-02-26T14:30:17.746658Z,376570759,373
2026-02-26T14:40:30.376560Z,376570957,410
2026-02-26T14:50:13.747386Z,376571157,421
2026-02-26T15:00:17.613275Z,376571322,450
2026-02-26T15:10:13.212713Z,376571481,452
2026-02-26T15:20:14.677239Z,376571676,473
2026-02-26T15:30:15.641655Z,376571824,465
2026-02-26T15:40:15.769280Z,376571970,426
2026-02-26T15:50:14.628268Z,376572116,457
2026-02-26T16:00:21.817366Z,376572241,467
2026-02-26T16:10:13.941926Z,376572418,479
2026-02-26T16:20:16.459130Z,376572601,470
2026-02-26T16:30:15.733770Z,376572750,511
2026-02-26T16:40:12.671421Z,376572979,502
2026-02-26T16:50:14.036511Z,376573231,544
2026-02-26T17:00:15.026627Z,376573437,543
2026-02-26T17:10:17.001228Z,376573616,540
2026-02-26T17:20:12.081838Z,376573841,565
2026-02-26T17:30:14.001263Z,376574041,527
2026-02-26T17:40:14.501763Z,376574206,571
2026-02-26T17:50:14.211126Z,376574422,573
2026-02-26T18:00:16.170080Z,376574611,597
2026-02-26T18:10:12.712036Z,376574851,614
2026-02-26T18:20:14.610275Z,376575071,639
2026-02-26T18:30:12.494058Z,376575318,650
2026-02-26T18:40:13.427133Z,376575521,654
2026-02-26T18:50:34.377101Z,376575734,636
2026-02-26T19:00:59.364626Z,376575972,609
2026-02-26T19:10:55.437095Z,376576208,594
2026-02-26T19:20:53.859193Z,376576475,611
2026-02-26T19:30:49.512781Z,376576678,621
2026-02-26T19:40:52.579466Z,376576870,611
2026-02-26T19:50:59.720132Z,376577136,629
2026-02-26T20:00:34.510828Z,376577316,641
2026-02-26T20:10:34.304533Z,376577505,626
2026-02-26T20:20:34.517454Z,376577711,618
2026-02-26T20:30:36.263156Z,376577963,620
2026-02-26T20:40:32.450986Z,376578165,611
2026-02-26T20:50:33.226466Z,376578406,593
2026-02-26T21:00:35.038611Z,376578601,613
2026-02-26T21:10:35.749898Z,376578825,600
2026-02-26T21:20:34.289356Z,376579090,625
2026-02-26T21:30:35.526586Z,376579289,637
2026-02-26T21:40:34.939932Z,376579539,640
2026-02-26T21:50:33.606390Z,376579772,627
2026-02-26T22:00:36.607017Z,376580032,642
2026-02-26T22:10:52.380367Z,376580256,631
2026-02-26T22:20:52.342176Z,376580505,621
2026-02-26T22:30:35.570550Z,376580767,603
2026-02-26T22:40:33.574644Z,376581015,629
2026-02-26T22:50:33.290183Z,376581271,632
2026-02-26T23:00:34.705117Z,376581494,637
2026-02-26T23:10:31.702050Z,376581842,654
2026-02-26T23:20:33.970533Z,376582172,732
2026-02-26T23:30:31.265926Z,376582460,734
2026-02-26T23:40:33.456277Z,376582747,731
2026-02-26T23:50:34.320169Z,376582976,731
2026-02-27T00:00:36.198357Z,376583270,727
2026-02-27T00:10:35.487138Z,376583547,726
2026-02-27T00:20:33.467361Z,376583847,730
2026-02-27T00:30:31.902106Z,376584094,730
2026-02-27T00:40:32.727502Z,376584399,733
2026-02-27T00:50:33.096755Z,376584672,723
2026-02-27T01:00:32.420688Z,376585006,734
2026-02-27T01:10:33.300800Z,376585291,769
2026-02-27T01:20:32.243203Z,376585480,712
2026-02-27T01:30:33.095357Z,376585705,678
2026-02-27T01:40:32.356553Z,376585900,646
2026-02-27T01:50:33.206736Z,376586091,657
2026-02-27T02:00:32.644937Z,376586310,684
2026-02-27T02:10:32.076295Z,376586499,652
2026-02-27T02:20:35.074433Z,376586791,670
2026-02-27T02:30:38.867694Z,376587010,654
2026-02-27T02:40:38.962436Z,376587204,632
2026-02-27T02:50:38.766023Z,376587455,605
2026-02-27T03:00:38.341443Z,376587745,640
2026-02-27T03:10:38.451429Z,376588030,650
2026-02-27T03:20:41.168314Z,376588285,665
2026-02-27T03:30:37.303697Z,376588524,647
2026-02-27T03:40:37.615123Z,376588771,672
2026-02-27T03:50:38.401209Z,376588991,673
2026-02-27T04:00:40.678451Z,376589219,680
2026-02-27T04:10:40.357149Z,376589433,669
2026-02-27T04:20:37.302327Z,376589646,668
2026-02-27T04:30:39.409675Z,376589849,638
2026-02-27T04:40:36.025796Z,376590056,624
2026-02-27T04:50:38.481956Z,376590293,615
2026-02-27T05:00:39.832893Z,376590484,586
2026-02-27T05:10:39.996881Z,376590650,590
2026-02-27T05:20:40.285975Z,376590822,582
2026-02-27T05:30:37.731012Z,376590971,562
2026-02-27T05:40:41.928751Z,376591135,585
2026-02-27T05:50:39.109997Z,376591338,547
2026-02-27T06:00:42.075417Z,376591500,534
2026-02-27T06:10:37.569405Z,376591681,480
2026-02-27T06:20:38.842100Z,376591821,454
2026-02-27T06:30:38.970049Z,376592000,483
2026-02-27T06:40:38.826617Z,376592175,495
2026-02-27T06:50:39.439131Z,376592340,506
2026-02-27T07:00:38.076210Z,376592494,516
2026-02-27T07:10:38.900233Z,376592640,507
2026-02-27T07:20:37.993619Z,376592797,537
2026-02-27T07:30:38.888949Z,376592947,524
2026-02-27T07:40:38.758172Z,376593156,479
2026-02-27T07:50:37.686945Z,376593316,482
2026-02-27T08:00:40.386041Z,376593460,455
2026-02-27T08:10:38.751262Z,376593614,458
2026-02-27T08:20:40.158919Z,376593820,463
2026-02-27T08:30:38.956307Z,376593973,450
2026-02-27T08:40:39.538427Z,376594111,465
2026-02-27T08:50:38.787536Z,376594212,458
2026-02-27T09:00:38.529065Z,376594309,452
2026-02-27T09:10:40.135867Z,376594405,440
2026-02-27T09:20:40.020932Z,376594490,421
2026-02-27T09:30:40.136153Z,376594608,428
2026-02-27T09:40:43.148963Z,376594717,415
2026-02-27T09:50:37.420990Z,376594852,429
2026-02-27T10:00:38.710361Z,376594960,415
2026-02-27T10:10:38.128615Z,376595052,372
2026-02-27T10:20:38.259053Z,376595132,364
2026-02-27T10:30:39.632636Z,376595221,356
2026-02-27T10:40:42.669127Z,376595325,359
2026-02-27T10:50:37.136857Z,376595412,334
2026-02-27T11:00:45.057526Z,376595512,340
2026-02-27T11:10:40.235715Z,376595605,368
2026-02-27T11:20:38.785549Z,376595730,350
2026-02-27T11:30:51.033224Z,376595839,332
2026-02-27T11:40:39.894686Z,376595966,335
2026-02-27T11:50:41.361549Z,376596067,357
2026-02-27T12:00:47.705396Z,376596147,332
2026-02-27T12:10:37.393247Z,376596226,339
2026-02-27T12:20:40.844467Z,376596314,342
2026-02-27T12:30:48.600666Z,376596401,338
2026-02-27T12:40:39.752236Z,376596464,336
2026-02-27T12:50:39.751855Z,376596583,346
2026-02-27T13:01:00.274285Z,376596677,365
2026-02-27T13:10:45.367568Z,376596864,363
2026-02-27T13:20:39.747307Z,376597006,347
2026-02-27T13:30:47.343177Z,376597111,325
2026-02-27T13:40:44.435732Z,376597215,342
2026-02-27T13:50:42.604326Z,376597368,335
2026-02-27T14:00:42.393661Z,376597486,353
2026-02-27T14:10:47.202279Z,376597602,366
2026-02-27T14:20:38.393666Z,376597700,381
2026-02-27T14:30:46.104946Z,376597840,403
2026-02-27T14:40:41.354324Z,376598004,420
2026-02-27T14:50:37.225999Z,376598163,439
2026-02-27T15:00:38.296962Z,376598314,450
2026-02-27T15:10:40.798461Z,376598463,463
2026-02-27T15:20:38.707057Z,376598646,432
2026-02-27T15:30:43.529602Z,376598811,440
2026-02-27T15:40:40.368170Z,376598995,432
2026-02-27T15:50:36.105088Z,376599182,419
2026-02-27T16:00:44.194234Z,376599327,445
2026-02-27T16:10:35.741585Z,376599487,445
2026-02-27T16:20:35.977697Z,376599659,446
2026-02-27T16:30:38.474949Z,376599866,461
2026-02-27T16:40:33.212280Z,376600019,459
2026-02-27T16:50:38.021873Z,376600194,471
2026-02-27T17:00:40.487449Z,376600380,497
2026-02-27T17:10:37.200652Z,376600546,505
2026-02-27T17:20:36.228608Z,376600729,523
2026-02-27T17:30:36.149266Z,376600901,530
2026-02-27T17:40:33.025138Z,376601051,528
2026-02-27T17:50:16.579536Z,376601212,534
2026-02-27T18:00:18.096928Z,376601397,528
2026-02-27T18:10:18.474512Z,376601610,569
2026-02-27T18:20:17.297443Z,376601823,570
2026-02-27T18:30:19.410309Z,376602041,557
2026-02-27T18:40:17.182034Z,376602250,587
2026-02-27T18:50:19.214830Z,376602438,572
2026-02-27T19:00:19.955029Z,376602656,576
2026-02-27T19:10:19.514425Z,376602877,591
2026-02-27T19:20:19.329192Z,376603082,606
2026-02-27T19:30:17.355688Z,376603270,603
2026-02-27T19:40:15.545332Z,376603439,625
2026-02-27T19:50:17.679512Z,376603647,604
2026-02-27T20:00:16.659215Z,376603807,603
2026-02-27T20:10:18.477171Z,376603976,623
2026-02-27T20:20:17.639194Z,376604242,653
2026-02-27T20:30:18.755134Z,376604532,688
2026-02-27T20:40:17.942837Z,376604834,700
2026-02-27T20:50:15.447006Z,376605136,696
2026-02-27T21:00:21.183821Z,376605395,678
2026-02-27T21:10:17.852074Z,376605654,718
2026-02-27T21:20:18.361251Z,376605891,698
2026-02-27T21:30:18.057634Z,376606151,708
2026-02-27T21:40:17.194392Z,376606451,679
2026-02-27T21:50:17.011550Z,376606786,667
2026-02-27T22:00:16.817942Z,376607081,652
2026-02-27T22:10:17.312054Z,376607374,693
2026-02-27T22:20:18.823712Z,376607746,744
2026-02-27T22:30:17.163203Z,376608025,796
2026-02-27T22:40:17.435235Z,376608338,801
2026-02-27T22:50:19.887319Z,376608618,805
2026-02-27T23:00:18.709705Z,376608841,822
2026-02-27T23:10:19.681634Z,376609099,818
2026-02-27T23:20:18.156170Z,376609318,814
2026-02-27T23:30:16.392590Z,376609551,815
2026-02-27T23:40:19.623071Z,376609760,817
2026-02-27T23:50:18.700605Z,376609992,780
2026-02-28T00:00:18.246990Z,376610243,770
2026-02-28T00:10:15.251567Z,376610459,787
2026-02-28T00:20:18.285768Z,376610704,773
2026-02-28T00:30:16.153377Z,376610911,736
2026-02-28T00:40:16.895289Z,376611137,742
2026-02-28T00:50:16.756799Z,376611382,775
2026-02-28T01:00:16.665522Z,376611600,785
2026-02-28T01:10:18.843587Z,376611878,803
2026-02-28T01:21:07.930797Z,376612151,780
2026-02-28T01:31:09.633158Z,376612423,790
2026-02-28T01:41:12.219333Z,376612671,842
2026-02-28T01:51:10.958356Z,376612935,829
2026-02-28T02:01:10.865613Z,376613211,798
2026-02-28T02:11:12.785902Z,376613484,806
2026-02-28T02:21:11.640639Z,376613730,809
2026-02-28T02:31:11.328284Z,376613985,814
2026-02-28T02:41:09.134327Z,376614316,840
2026-02-28T02:51:11.795306Z,376614563,859
2026-02-28T03:01:11.186462Z,376614759,838
2026-02-28T03:11:09.862938Z,376614982,811
2026-02-28T03:21:11.395715Z,376615249,819
2026-02-28T03:31:10.354194Z,376615475,836
2026-02-28T03:41:12.539590Z,376615690,823
2026-02-28T03:51:12.181789Z,376615984,849
2026-02-28T04:01:10.217761Z,376616261,815
2026-02-28T04:11:13.812057Z,376616545,830
2026-02-28T04:21:11.798282Z,376616778,843
2026-02-28T04:31:14.288846Z,376617012,868
2026-02-28T04:41:11.166535Z,376617226,841
2026-02-28T04:51:10.340158Z,376617467,826
2026-02-28T05:01:12.369161Z,376617711,826
2026-02-28T05:11:10.594689Z,376617924,827
2026-02-28T05:21:12.154010Z,376618153,851
2026-02-28T05:31:10.828838Z,376618373,800
2026-02-28T05:41:10.321965Z,376618554,752
2026-02-28T05:51:11.034009Z,376618712,732
2026-02-28T06:01:13.260787Z,376618926,723
2026-02-28T06:11:12.905810Z,376619142,723
2026-02-28T06:21:11.263645Z,376619339,712
2026-02-28T06:31:11.749021Z,376619595,674
2026-02-28T06:41:12.134022Z,376619780,656
2026-02-28T06:51:14.980066Z,376619949,659
2026-02-28T07:01:12.441882Z,376620179,648
2026-02-28T07:11:11.622545Z,376620391,657
2026-02-28T07:21:11.313369Z,376620620,644
2026-02-28T07:31:12.518776Z,376620778,635
2026-02-28T07:41:11.789984Z,376620929,627
2026-02-28T07:51:11.522493Z,376621104,625
2026-02-28T08:01:12.195629Z,376621222,639
2026-02-28T08:11:08.376199Z,376621357,657
2026-02-28T08:21:10.157339Z,376621518,639
2026-02-28T08:31:10.477719Z,376621673,623
2026-02-28T08:40:15.809605Z,376621829,613
2026-02-28T08:50:18.423199Z,376621997,597
2026-02-28T09:00:17.239086Z,376622126,575
2026-02-28T09:10:17.983107Z,376622252,535
2026-02-28T09:20:15.053307Z,376622372,531
2026-02-28T09:30:16.708856Z,376622468,507
2026-02-28T09:40:14.756767Z,376622580,507
2026-02-28T09:50:18.995122Z,376622685,497
2026-02-28T10:00:18.120593Z,376622783,503
2026-02-28T10:10:15.833572Z,376622870,498
2026-02-28T10:20:18.669097Z,376622998,498
2026-02-28T10:30:16.814238Z,376623126,512
2026-02-28T10:40:17.970654Z,376623240,499
2026-02-28T10:50:16.357942Z,376623357,510
2026-02-28T11:00:18.695357Z,376623485,526
2026-02-28T11:10:17.667788Z,376623572,533
2026-02-28T11:20:16.943033Z,376623699,508
2026-02-28T11:30:19.882126Z,376623841,517
2026-02-28T11:40:20.123491Z,376623981,494
2026-02-28T11:50:17.105786Z,376624109,479
2026-02-28T12:00:24.529796Z,376624250,484
2026-02-28T12:10:18.862722Z,376624361,482
2026-02-28T12:20:18.891941Z,376624523,507
2026-02-28T12:30:19.589050Z,376624612,505
2026-02-28T12:40:18.649139Z,376624708,506
2026-02-28T12:50:17.069934Z,376624829,517
2026-02-28T13:00:20.698321Z,376624995,549
2026-02-28T13:10:20.059277Z,376625156,524
2026-02-28T13:20:20.551573Z,376625315,545
2026-02-28T13:30:18.945571Z,376625447,567
2026-02-28T13:40:17.516816Z,376625602,567
2026-02-28T13:50:19.908171Z,376625792,565
2026-02-28T14:00:22.270776Z,376625970,597
2026-02-28T14:10:17.080192Z,376626179,610
2026-02-28T14:20:18.259729Z,376626366,615
2026-02-28T14:30:21.006499Z,376626528,641
2026-02-28T14:40:18.462605Z,376626691,613
2026-02-28T14:50:17.428825Z,376626872,635
2026-02-28T15:00:21.545454Z,376627013,639
2026-02-28T15:10:15.559206Z,376627184,646
2026-02-28T15:20:17.000056Z,376627360,622
2026-02-28T15:30:19.463558Z,376627560,662
2026-02-28T15:40:19.868482Z,376627736,690
2026-02-28T15:50:17.861196Z,376627929,673
2026-02-28T16:00:20.380790Z,376628125,663
2026-02-28T16:10:26.654487Z,376628335,675
2026-02-28T16:20:24.390268Z,376628535,691
2026-02-28T16:30:26.083650Z,376628721,692
2026-02-28T16:40:23.943281Z,376628928,719
2026-02-28T16:50:24.871584Z,376629127,716
2026-02-28T17:00:33.924124Z,376629315,726
2026-02-28T17:10:23.984808Z,376629498,733
2026-02-28T17:20:28.895035Z,376629667,743
2026-02-28T17:30:26.001383Z,376629907,751
2026-02-28T17:40:29.288220Z,376630108,737
2026-02-28T17:50:29.629791Z,376630324,786
2026-02-28T18:00:32.793047Z,376630495,777
2026-02-28T18:10:27.099328Z,376630652,791
2026-02-28T18:20:31.502030Z,376630867,744
2026-02-28T18:30:26.749139Z,376631125,748
2026-02-28T18:40:23.903222Z,376631377,762
2026-02-28T18:50:30.392449Z,376631629,761
2026-02-28T19:00:40.758377Z,376631842,738
2026-02-28T19:10:31.102986Z,376632182,748
2026-02-28T19:20:30.409786Z,376632453,745
2026-02-28T19:30:29.194650Z,376632725,770
2026-02-28T19:40:25.755760Z,376633022,796
2026-02-28T19:50:22.862046Z,376633323,775
2026-02-28T20:00:28.831523Z,376633607,766
2026-02-28T20:10:22.583490Z,376633883,778
2026-02-28T20:20:31.211460Z,376634179,755
2026-02-28T20:30:27.458505Z,376634500,778
2026-02-28T20:40:27.639233Z,376634839,805
2026-02-28T20:50:23.734468Z,376635188,791
2026-02-28T21:00:37.690603Z,376635523,793
2026-02-28T21:10:26.769737Z,376635845,793
2026-02-28T21:20:27.046969Z,376636131,836
2026-02-28T21:30:25.478185Z,376636440,850
2026-02-28T21:40:25.930252Z,376636738,893
2026-02-28T21:50:23.686603Z,376637130,888
2026-02-28T22:00:27.424677Z,376637441,856
2026-02-28T22:10:26.573790Z,376637781,855
2026-02-28T22:20:24.756738Z,376638097,807
2026-02-28T22:30:23.707148Z,376638462,807
2026-02-28T22:40:21.712553Z,376638769,804
2026-02-28T22:50:22.913709Z,376639172,838
2026-02-28T23:00:26.599731Z,376639452,785
2026-02-28T23:10:22.013239Z,376639733,789
2026-02-28T23:20:19.787844Z,376639999,755
2026-02-28T23:30:22.000250Z,376640251,747
2026-02-28T23:41:11.763404Z,376640493,726
2026-02-28T23:51:11.686725Z,376640707,713
2026-03-01T00:01:12.702322Z,376640971,718
2026-03-01T00:11:10.090483Z,376641238,718
2026-03-01T00:21:12.808828Z,376641452,693
2026-03-01T00:31:12.279417Z,376641659,684
2026-03-01T00:41:12.403187Z,376641878,713
2026-03-01T00:51:11.686674Z,376642100,695
2026-03-01T01:01:11.170020Z,376642337,670
2026-03-01T01:11:12.342789Z,376642565,647
2026-03-01T01:21:10.630804Z,376642834,634
2026-03-01T01:31:09.175495Z,376643044,629
2026-03-01T01:41:12.089947Z,376643293,633
2026-03-01T01:51:11.669983Z,376643532,678
2026-03-01T02:01:11.306046Z,376643811,685
2026-03-01T02:11:11.910488Z,376644090,704
2026-03-01T02:21:11.366551Z,376644347,723
2026-03-01T02:31:11.969814Z,376644559,726
2026-03-01T02:41:11.264581Z,376644810,731
2026-03-01T02:51:11.588011Z,376645108,738
2026-03-01T03:01:12.314713Z,376645344,732
2026-03-01T03:11:09.104917Z,376645579,739
2026-03-01T03:21:11.232525Z,376645873,750
2026-03-01T03:31:14.139371Z,376646075,745
2026-03-01T03:41:11.758276Z,376646347,763
2026-03-01T03:51:09.329450Z,376646567,763
2026-03-01T04:01:12.322625Z,376646727,746
2026-03-01T04:11:13.302594Z,376646935,707
2026-03-01T04:21:12.097094Z,376647148,675
2026-03-01T04:31:11.684494Z,376647340,665
2026-03-01T04:41:10.865973Z,376647578,684
2026-03-01T04:51:10.641093Z,376647785,688
2026-03-01T05:01:11.321512Z,376647960,651
2026-03-01T05:11:09.772411Z,376648135,671
2026-03-01T05:21:11.698354Z,376648341,677
2026-03-01T05:31:11.395212Z,376648559,699
2026-03-01T05:41:10.113466Z,376648739,683
2026-03-01T05:51:10.383210Z,376648895,664
2026-03-01T06:01:13.645113Z,376649093,651
2026-03-01T06:11:11.521712Z,376649269,643
2026-03-01T06:21:09.254007Z,376649490,643
2026-03-01T06:31:13.396345Z,376649651,618
2026-03-01T06:41:12.280538Z,376649866,598
2026-03-01T06:51:11.782307Z,376650063,626
2026-03-01T07:00:18.809434Z,376650258,640
2026-03-01T07:10:18.389255Z,376650491,624
2026-03-01T07:20:17.931731Z,376650670,635
2026-03-01T07:30:17.505308Z,376650832,640
2026-03-01T07:40:18.439076Z,376651027,661
2026-03-01T07:50:20.342443Z,376651212,673
2026-03-01T08:00:19.847626Z,376651404,666
2026-03-01T08:10:19.785846Z,376651547,681
2026-03-01T08:20:19.046057Z,376651698,694
2026-03-01T08:30:19.461405Z,376651868,710
2026-03-01T08:40:19.511513Z,376652044,675
2026-03-01T08:50:17.685219Z,376652178,696
2026-03-01T09:00:24.211015Z,376652343,670
2026-03-01T09:10:18.394869Z,376652512,658
2026-03-01T09:20:17.371671Z,376652694,660
2026-03-01T09:30:18.044648Z,376652843,624
2026-03-01T09:40:18.600041Z,376653030,616
2026-03-01T09:50:18.901670Z,376653202,603
2026-03-01T10:00:23.647828Z,376653329,607
2026-03-01T10:10:19.193024Z,376653434,609
2026-03-01T10:20:19.644294Z,376653566,612
2026-03-01T10:30:17.498019Z,376653716,626
2026-03-01T10:40:20.030719Z,376653835,590
2026-03-01T10:50:19.604269Z,376653973,585
2026-03-01T11:00:25.883101Z,376654098,560
2026-03-01T11:10:18.791614Z,376654233,561
2026-03-01T11:20:19.912358Z,376654376,576
2026-03-01T11:30:21.948555Z,376654554,572
2026-03-01T11:40:19.571114Z,376654697,561
2026-03-01T11:50:20.695557Z,376654890,594
2026-03-01T12:00:27.293416Z,376655074,524
2026-03-01T12:10:19.771978Z,376655235,502
2026-03-01T12:20:21.674631Z,376655397,510
2026-03-01T12:30:26.635631Z,376655568,528
2026-03-01T12:40:23.378794Z,376655709,503
2026-03-01T12:50:19.218965Z,376655825,504
2026-03-01T13:00:40.583579Z,376655950,514
2026-03-01T13:10:19.362218Z,376656060,512
2026-03-01T13:20:23.395009Z,376656174,517
2026-03-01T13:30:21.962772Z,376656319,517
2026-03-01T13:40:20.647571Z,376656445,543
2026-03-01T13:50:19.894264Z,376656593,535
2026-03-01T14:00:20.582125Z,376656741,543
2026-03-01T14:10:20.337070Z,376656860,549
2026-03-01T14:20:23.365865Z,376656995,530
2026-03-01T14:30:22.198716Z,376657146,517
2026-03-01T14:40:20.698121Z,376657308,524
2026-03-01T14:50:21.624064Z,376657461,532
2026-03-01T15:00:27.471539Z,376657618,540
2026-03-01T15:10:21.691885Z,376657798,535
2026-03-01T15:20:24.705243Z,376658002,537
2026-03-01T15:30:25.511299Z,376658256,603
2026-03-01T15:40:34.358701Z,376658492,594
2026-03-01T15:50:21.878318Z,376658671,587
2026-03-01T16:00:28.248203Z,376658915,621
2026-03-01T16:10:24.027306Z,376659096,621
2026-03-01T16:20:25.691184Z,376659281,621
2026-03-01T16:30:29.640735Z,376659477,640
2026-03-01T16:40:26.555989Z,376659702,657
2026-03-01T16:50:25.576518Z,376659894,645
2026-03-01T17:00:28.294709Z,376660129,632
2026-03-01T17:10:26.928113Z,376660359,646
2026-03-01T17:20:22.310814Z,376660632,668
2026-03-01T17:30:24.995927Z,376660875,696
2026-03-01T17:40:23.014798Z,376661150,739
2026-03-01T17:50:22.724104Z,376661340,735
2026-03-01T18:00:26.711929Z,376661611,792
2026-03-01T18:10:23.114722Z,376661797,770
2026-03-01T18:20:21.580365Z,376662023,761
2026-03-01T18:30:24.698562Z,376662242,724
2026-03-01T18:40:27.077686Z,376662484,712
2026-03-01T18:50:24.846725Z,376662731,757
2026-03-01T19:00:33.008677Z,376663004,780
2026-03-01T19:10:26.202284Z,376663249,775
2026-03-01T19:20:28.762010Z,376663474,784
2026-03-01T19:30:28.958443Z,376663712,769
2026-03-01T19:40:23.743586Z,376663946,775
2026-03-01T19:50:23.286537Z,376664206,760
2026-03-01T20:00:31.088123Z,376664457,777
2026-03-01T20:10:23.921181Z,376664717,797
2026-03-01T20:20:23.290534Z,376664997,794
2026-03-01T20:30:29.679929Z,376665282,763
2026-03-01T20:40:24.989137Z,376665564,798
2026-03-01T20:50:23.830317Z,376665857,765
2026-03-01T21:00:24.419803Z,376666136,790
2026-03-01T21:10:25.623746Z,376666393,774
2026-03-01T21:20:23.503286Z,376666647,777
2026-03-01T21:30:24.732910Z,376666916,746
2026-03-01T21:40:23.786133Z,376667176,761
2026-03-01T21:50:21.982521Z,376667427,728
2026-03-01T22:01:11.518082Z,376667722,714
2026-03-01T22:11:10.954600Z,376667983,690
2026-03-01T22:21:11.318759Z,376668227,706
2026-03-01T22:31:11.746575Z,376668490,688
2026-03-01T22:41:12.490296Z,376668761,679
2026-03-01T22:51:11.425353Z,376668994,681
2026-03-01T23:01:08.950679Z,376669217,692
2026-03-01T23:11:11.732217Z,376669486,681
2026-03-01T23:21:12.682764Z,376669711,666
2026-03-01T23:31:12.659124Z,376669950,648
2026-03-01T23:41:10.217268Z,376670159,629
2026-03-01T23:51:12.350925Z,376670400,625
2026-03-02T00:01:16.454086Z,376670633,619
2026-03-02T00:11:11.734579Z,376670813,620
2026-03-02T00:21:10.691011Z,376671024,617
2026-03-02T00:31:14.469441Z,376671201,570
2026-03-02T00:41:10.775830Z,376671385,554
2026-03-02T00:51:11.581784Z,376671603,556
2026-03-02T01:01:12.782363Z,376671798,569
2026-03-02T01:11:09.428090Z,376672014,589
2026-03-02T01:21:11.581366Z,376672242,628
2026-03-02T01:31:11.670682Z,376672472,645
2026-03-02T01:41:12.421349Z,376672675,660
2026-03-02T01:51:11.529284Z,376672845,655
2026-03-02T02:01:13.466226Z,376673015,660
2026-03-02T02:11:10.502075Z,376673208,659
2026-03-02T02:21:11.349853Z,376673434,667
2026-03-02T02:31:12.567898Z,376673638,638
2026-03-02T02:41:11.454617Z,376673878,584
2026-03-02T02:51:11.373805Z,376674083,586
2026-03-02T03:01:10.190338Z,376674292,549
2026-03-02T03:11:10.157103Z,376674491,525
2026-03-02T03:21:10.684634Z,376674675,522
2026-03-02T03:31:14.123753Z,376674872,548
2026-03-02T03:41:13.203664Z,376675084,521
2026-03-02T03:51:12.329400Z,376675257,511
2026-03-02T04:01:13.188323Z,376675491,520
2026-03-02T04:11:10.005267Z,376675684,536
2026-03-02T04:21:09.377852Z,376675879,539
2026-03-02T04:31:15.427528Z,376676064,479
2026-03-02T04:41:12.580152Z,376676233,473
2026-03-02T04:51:12.201436Z,376676376,470
2026-03-02T05:01:15.275071Z,376676545,474
2026-03-02T05:11:12.113414Z,376676667,470
2026-03-02T05:21:14.866417Z,376676792,466
2026-03-02T05:31:11.950359Z,376676932,469
2026-03-02T05:41:13.907859Z,376677055,472
2026-03-02T05:51:12.401964Z,376677202,472
2026-03-02T06:01:13.765868Z,376677327,454
2026-03-02T06:11:11.319960Z,376677502,466
2026-03-02T06:21:10.146305Z,376677643,478
2026-03-02T06:31:12.938028Z,376677783,483
2026-03-02T06:41:10.512374Z,376677903,472
2026-03-02T06:51:12.208254Z,376678063,462
2026-03-02T07:01:11.755108Z,376678226,452
2026-03-02T07:11:12.026921Z,376678385,485
2026-03-02T07:21:10.495105Z,376678523,476
2026-03-02T07:31:15.847813Z,376678655,453
2026-03-02T07:41:10.128807Z,376678759,452
2026-03-02T07:51:10.847156Z,376678845,465
2026-03-02T08:01:13.002838Z,376678937,455
2026-03-02T08:11:11.568511Z,376679022,415
2026-03-02T08:21:11.912856Z,376679138,413
2026-03-02T08:31:12.273713Z,376679256,425
2026-03-02T08:41:10.706113Z,376679369,422
2026-03-02T08:51:10.953141Z,376679487,448
2026-03-02T09:01:10.607340Z,376679567,450
2026-03-02T09:11:14.774775Z,376679643,434
2026-03-02T09:21:12.678989Z,376679740,430
2026-03-02T09:31:11.085812Z,376679816,428
2026-03-02T09:41:12.692221Z,376679872,437
2026-03-02T09:51:09.447226Z,376679937,434
2026-03-02T10:01:12.176681Z,376679997,433
2026-03-02T10:11:13.055752Z,376680064,437
2026-03-02T10:21:13.174801Z,376680136,413
2026-03-02T10:31:12.601916Z,376680193,408
2026-03-02T10:41:11.475655Z,376680259,399
2026-03-02T10:51:11.009780Z,376680333,396
2026-03-02T11:01:11.641145Z,376680399,368
2026-03-02T11:11:11.417324Z,376680464,362
2026-03-02T11:21:12.151950Z,376680539,371
2026-03-02T11:31:12.095002Z,376680605,350
2026-03-02T11:41:13.525975Z,376680690,362
2026-03-02T11:51:11.117099Z,376680755,375
2026-03-02T12:01:12.375630Z,376680807,353
2026-03-02T12:11:12.608570Z,376680867,354
2026-03-02T12:21:11.963908Z,376680941,352
2026-03-02T12:31:15.676021Z,376681013,332
2026-03-02T12:41:13.373536Z,376681084,353
2026-03-02T12:51:13.436428Z,376681187,346
2026-03-02T13:01:13.215279Z,376681252,339
2026-03-02T13:10:17.198668Z,376681328,331
2026-03-02T13:20:17.036550Z,376681404,348
2026-03-02T13:30:14.707237Z,376681493,346
2026-03-02T13:40:16.470495Z,376681594,351
2026-03-02T13:50:14.035910Z,376681684,362
2026-03-02T14:00:18.617420Z,376681785,361
2026-03-02T14:10:16.985164Z,376681881,344
2026-03-02T14:20:20.333992Z,376681973,354
2026-03-02T14:30:16.308264Z,376682066,356
2026-03-02T14:40:16.798011Z,376682177,383
2026-03-02T14:50:18.752197Z,376682273,393
2026-03-02T15:00:21.712349Z,376682410,391
2026-03-02T15:10:16.858171Z,376682541,420
2026-03-02T15:20:19.469717Z,376682673,422
2026-03-02T15:30:19.143712Z,376682803,403
2026-03-02T15:40:17.810432Z,376682939,401
2026-03-02T15:50:16.954442Z,376683051,411
2026-03-02T16:00:21.860263Z,376683187,388
2026-03-02T16:10:19.658871Z,376683323,389
2026-03-02T16:20:20.210384Z,376683471,413
2026-03-02T16:30:31.876444Z,376683621,428
2026-03-02T16:40:36.762926Z,376683756,450
2026-03-02T16:50:22.655349Z,376683881,436
2026-03-02T17:00:40.804034Z,376684035,455
2026-03-02T17:10:31.943240Z,376684214,500
2026-03-02T17:20:27.875344Z,376684410,523
2026-03-02T17:30:25.319467Z,376684611,533
2026-03-02T17:40:19.093487Z,376684819,547
2026-03-02T17:50:17.689166Z,376684971,532
2026-03-02T18:00:19.750812Z,376685133,526
2026-03-02T18:10:17.707333Z,376685329,534
2026-03-02T18:20:19.130998Z,376685495,550
2026-03-02T18:30:19.703871Z,376685674,531
2026-03-02T18:40:18.936210Z,376685898,537
2026-03-02T18:50:15.291224Z,376686079,519
2026-03-02T19:00:21.341274Z,376686252,498
2026-03-02T19:10:17.650514Z,376686416,488
2026-03-02T19:20:17.843244Z,376686604,526
2026-03-02T19:30:20.689715Z,376686834,536
2026-03-02T19:40:18.969064Z,376687017,522
2026-03-02T19:50:17.393762Z,376687194,497
2026-03-02T20:00:24.415701Z,376687345,480
2026-03-02T20:10:17.003826Z,376687563,510
2026-03-02T20:20:19.920088Z,376687707,489
2026-03-02T20:30:33.982170Z,376687884,478
2026-03-02T20:40:35.171016Z,376688097,517
2026-03-02T20:50:18.290436Z,376688271,516
2026-03-02T21:00:56.093081Z,376688501,515
2026-03-02T21:10:57.273945Z,376688705,508
2026-03-02T21:20:56.092399Z,376688889,524
2026-03-02T21:31:07.595476Z,376689070,521
2026-03-02T21:41:01.371309Z,376689254,510
2026-03-02T21:51:05.773343Z,376689496,513
2026-03-02T22:01:02.469711Z,376689711,493
2026-03-02T22:10:58.961603Z,376689958,499
2026-03-02T22:20:57.558545Z,376690125,476
2026-03-02T22:30:56.943807Z,376690327,456
2026-03-02T22:40:57.647148Z,376690518,455
2026-03-02T22:50:57.606051Z,376690692,478
2026-03-02T23:00:56.905307Z,376690883,475
2026-03-02T23:10:59.235542Z,376691040,460
2026-03-02T23:20:55.176964Z,376691231,468
2026-03-02T23:31:13.445274Z,376691447,459
2026-03-02T23:40:56.237717Z,376691652,505
2026-03-02T23:50:58.746707Z,376691899,537
2026-03-03T00:01:15.365437Z,376692090,520
2026-03-03T00:11:15.032364Z,376692251,519
2026-03-03T00:21:03.111729Z,376692418,521
2026-03-03T00:31:16.770704Z,376692577,521
2026-03-03T00:41:13.549875Z,376692743,505
2026-03-03T00:50:57.253239Z,376692881,492
2026-03-03T01:00:54.783521Z,376693040,457
2026-03-03T01:10:57.308456Z,376693187,473
2026-03-03T01:20:57.181513Z,376693336,473
2026-03-03T01:31:10.599353Z,376693525,479
2026-03-03T01:41:16.810137Z,376693709,492
2026-03-03T01:50:57.733586Z,376693890,512
2026-03-03T02:00:57.242629Z,376694092,518
2026-03-03T02:10:57.554590Z,376694268,505
2026-03-03T02:21:08.378182Z,376694502,519
2026-03-03T02:30:56.645255Z,376694697,513
2026-03-03T02:41:07.821219Z,376694902,494
2026-03-03T02:51:08.046310Z,376695078,527
2026-03-03T03:01:04.855549Z,376695224,497
2026-03-03T03:10:56.529607Z,376695382,514
2026-03-03T03:20:57.004115Z,376695516,495
2026-03-03T03:30:55.931952Z,376695689,488
2026-03-03T03:40:56.294525Z,376695839,451
2026-03-03T03:50:54.625850Z,376695981,426
2026-03-03T04:00:59.022375Z,376696104,434
2026-03-03T04:10:58.742017Z,376696235,400
2026-03-03T04:20:57.188609Z,376696368,406
2026-03-03T04:30:58.576632Z,376696523,430
2026-03-03T04:40:54.729741Z,376696675,403
2026-03-03T04:50:57.284177Z,376696839,446
2026-03-03T05:00:54.481786Z,376696948,420
2026-03-03T05:10:55.242297Z,376697084,437
2026-03-03T05:20:56.511995Z,376697200,414
2026-03-03T05:30:57.775206Z,376697311,413
2026-03-03T05:40:55.412385Z,376697414,423
2026-03-03T05:50:56.471169Z,376697530,398
2026-03-03T06:00:58.777104Z,376697655,416
2026-03-03T06:10:56.462997Z,376697790,431
2026-03-03T06:20:56.419122Z,376697929,412
2026-03-03T06:30:54.200816Z,376698053,419
2026-03-03T06:40:58.284407Z,376698192,431
2026-03-03T06:50:57.041272Z,376698288,427
2026-03-03T07:00:55.923369Z,376698401,436
2026-03-03T07:10:54.882432Z,376698506,408
2026-03-03T07:20:57.173536Z,376698613,391
2026-03-03T07:30:56.682196Z,376698736,378
2026-03-03T07:40:58.900599Z,376698831,369
2026-03-03T07:50:57.072178Z,376698940,371
2026-03-03T08:00:58.136313Z,376699037,370
2026-03-03T08:10:56.020204Z,376699176,366
2026-03-03T08:20:57.346816Z,376699263,345
2026-03-03T08:50:57.242120Z,376699574,354
2026-03-03T09:00:58.309369Z,376699657,340
2026-03-03T09:21:07.856636Z,376699782,334
2026-03-03T09:31:13.657803Z,376699851,318
2026-03-03T09:41:08.575030Z,376699917,310
2026-03-03T09:51:07.795494Z,376699968,280
2026-03-03T10:01:10.819724Z,376700016,275
2026-03-03T10:11:08.632179Z,376700083,278
2026-03-03T10:21:08.396413Z,376700149,280
2026-03-03T10:31:09.263715Z,376700191,280
2026-03-03T10:41:08.968911Z,376700263,285
2026-03-03T10:51:10.717761Z,376700311,218
2026-03-03T11:01:11.552908Z,376700391,241
2026-03-03T11:11:08.655058Z,376700468,249
2026-03-03T11:21:15.156080Z,376700566,276
2026-03-03T11:31:18.402866Z,376700677,287
2026-03-03T11:41:09.749920Z,376700764,285
2026-03-03T11:51:16.320483Z,376700856,265
2026-03-03T12:01:14.142601Z,376700920,250
2026-03-03T12:11:13.264749Z,376701025,260
2026-03-03T12:21:06.980728Z,376701172,251
2026-03-03T12:31:16.238767Z,376701271,236
2026-03-03T12:41:10.381415Z,376701330,235
2026-03-03T12:51:09.780182Z,376701451,259
2026-03-03T13:01:14.241024Z,376701631,280
2026-03-03T13:11:09.984775Z,376701770,282
2026-03-03T13:21:11.334832Z,376701898,313
2026-03-03T13:31:10.555017Z,376702007,312
2026-03-03T13:41:11.686217Z,376702116,309
2026-03-03T13:51:12.279084Z,376702244,330
2026-03-03T14:01:12.469284Z,376702349,333
2026-03-03T14:11:09.835688Z,376702467,329
2026-03-03T14:21:14.431874Z,376702609,332
2026-03-03T14:31:14.700818Z,376702711,334
2026-03-03T14:41:12.652290Z,376702828,337
2026-03-03T14:51:09.217240Z,376702976,334
2026-03-03T15:01:20.406778Z,376703139,344
2026-03-03T15:11:11.673083Z,376703272,365
2026-03-03T15:21:08.306492Z,376703423,389
2026-03-03T15:31:16.342783Z,376703539,398
2026-03-03T15:41:08.839525Z,376703670,411
2026-03-03T15:51:09.920950Z,376703775,400
2026-03-03T16:01:18.320378Z,376703887,413
2026-03-03T16:21:08.430537Z,376704119,403
2026-03-03T16:31:09.934672Z,376704264,412
2026-03-03T16:41:07.612565Z,376704411,428
2026-03-03T16:51:08.093543Z,376704546,439
2026-03-03T17:01:11.767585Z,376704693,423
2026-03-03T17:11:13.785623Z,376704811,424
2026-03-03T17:20:55.445358Z,376704945,427
2026-03-03T17:30:55.920036Z,376705089,429
2026-03-03T17:40:56.040297Z,376705228,421
2026-03-03T17:50:54.907635Z,376705343,396
2026-03-03T18:00:58.757758Z,376705554,440
2026-03-03T18:10:56.844911Z,376705712,435
2026-03-03T18:20:55.982423Z,376705841,456
2026-03-03T18:30:55.785682Z,376705999,454
2026-03-03T18:40:54.736441Z,376706206,464
2026-03-03T19:01:15.754750Z,376706668,490
2026-03-03T19:11:11.855627Z,376706847,509
2026-03-03T19:20:00.000Z,NaN,NaN
2026-03-03T19:30:57.474886Z,376707226,485
2026-03-03T19:40:56.896097Z,376707386,484
2026-03-03T19:50:56.741528Z,376707589,473
2026-03-03T20:00:55.252937Z,376707845,482
2026-03-03T20:10:57.018269Z,376708058,491
2026-03-03T20:20:55.126181Z,376708249,499
2026-03-03T20:30:56.588950Z,376708475,493
2026-03-03T20:40:56.127495Z,376708686,499
2026-03-03T20:50:55.985396Z,376708876,493
2026-03-03T21:00:56.859091Z,376709058,460
2026-03-03T21:10:55.628637Z,376709238,449
2026-03-03T21:20:55.267914Z,376709440,460
2026-03-03T21:31:03.930891Z,376709622,445
2026-03-03T21:40:59.419656Z,376709808,464
2026-03-03T21:50:53.579331Z,376710014,474
2026-03-03T22:01:00.762497Z,376710208,471
2026-03-03T22:10:55.603657Z,376710387,455
2026-03-03T22:20:57.657666Z,376710602,457
2026-03-03T22:30:57.376504Z,376710802,468
2026-03-03T22:40:58.096789Z,376710999,474
2026-03-03T22:50:55.538069Z,376711190,499
2026-03-03T23:00:56.982444Z,376711398,524
2026-03-03T23:10:54.231602Z,376711605,510
2026-03-03T23:20:56.523970Z,376711771,443
2026-03-03T23:30:55.548281Z,376712074,526
2026-03-03T23:40:55.791679Z,376712245,528
2026-03-03T23:50:57.349306Z,376712502,513
2026-03-04T00:00:55.754184Z,376712692,502
2026-03-04T00:10:55.486287Z,376712933,502
2026-03-04T00:20:55.267895Z,376713109,480
2026-03-04T00:30:56.332148Z,376713315,481
2026-03-04T00:40:55.115497Z,376713438,464
2026-03-04T00:50:57.068617Z,376713614,431
2026-03-04T01:00:53.858356Z,376713779,440
2026-03-04T01:10:49.544781Z,376713965,443
2026-03-04T01:20:50.101759Z,376714153,436
2026-03-04T01:30:49.433482Z,376714339,430
2026-03-04T01:40:49.682437Z,376714548,427
2026-03-04T01:50:48.293144Z,376714790,472
2026-03-04T02:00:49.584257Z,376714985,475
2026-03-04T02:10:51.158874Z,376715169,433
2026-03-04T02:20:48.018422Z,376715353,447
2026-03-04T02:30:49.135336Z,376715504,434
2026-03-04T02:40:48.360907Z,376715697,447
2026-03-04T02:50:52.423802Z,376715849,437
2026-03-04T03:00:51.186283Z,376716022,448
2026-03-04T03:10:49.239657Z,376716177,449
2026-03-04T03:20:48.427702Z,376716330,447
2026-03-04T03:30:52.434465Z,376716509,448
2026-03-04T03:40:50.048897Z,376716677,446
2026-03-04T03:50:54.663684Z,376716881,402
2026-03-04T04:00:52.698125Z,376717091,421
2026-03-04T04:10:51.524091Z,376717254,424
2026-03-04T04:20:50.345274Z,376717417,413
2026-03-04T04:30:53.280396Z,376717605,419
2026-03-04T04:40:51.267698Z,376717752,411
2026-03-04T04:50:49.835322Z,376717927,411
2026-03-04T05:00:50.574735Z,376718115,426
2026-03-04T05:10:50.767378Z,376718280,391
2026-03-04T05:20:52.098589Z,376718426,385
2026-03-04T05:30:54.036344Z,376718631,429
2026-03-04T05:40:52.331983Z,376718818,425
2026-03-04T05:50:50.881269Z,376718946,415
2026-03-04T06:00:51.196197Z,376719057,375
2026-03-04T06:10:52.326424Z,376719170,398
2026-03-04T06:20:51.061773Z,376719291,388
2026-03-04T06:30:50.643122Z,376719430,388
2026-03-04T06:40:52.912744Z,376719549,394
2026-03-04T06:50:52.523948Z,376719643,387
2026-03-04T07:00:54.819760Z,376719777,401
2026-03-04T07:10:51.313609Z,376719921,379
2026-03-04T07:20:51.278968Z,376720078,358
2026-03-04T07:30:51.561606Z,376720220,366
2026-03-04T07:40:50.911660Z,376720338,368
2026-03-04T07:50:51.235526Z,376720498,390
2026-03-04T08:00:51.084605Z,376720618,382
2026-03-04T08:10:50.458184Z,376720744,376
2026-03-04T08:20:50.131202Z,376720884,383
2026-03-04T08:30:55.506543Z,376721001,381
2026-03-04T08:40:51.934629Z,376721112,386
2026-03-04T08:50:51.179791Z,376721197,383
2026-03-04T09:00:48.124991Z,376721321,386
2026-03-04T09:10:55.057170Z,376721445,393
2026-03-04T09:20:55.813830Z,376721542,408
2026-03-04T09:31:01.566279Z,376721614,395
2026-03-04T09:41:00.446716Z,376721701,382
2026-03-04T09:50:56.762307Z,376721768,368
2026-03-04T10:01:06.351465Z,376721837,344
2026-03-04T10:10:58.252165Z,376721899,345
2026-03-04T10:20:56.229692Z,376721988,346
2026-03-04T10:40:57.216886Z,376722139,305
2026-03-04T10:51:00.789798Z,376722209,299
2026-03-04T11:01:08.613892Z,376722285,295
2026-03-04T11:10:58.796295Z,376722354,280
2026-03-04T11:21:05.324872Z,376722422,276
2026-03-04T11:31:14.030665Z,376722511,283
2026-03-04T11:41:05.317094Z,376722603,292
2026-03-04T11:50:59.247457Z,376722678,308
2026-03-04T12:01:11.972306Z,376722773,305
2026-03-04T12:11:01.708697Z,376722839,315
2026-03-04T12:21:09.607780Z,376722895,307
2026-03-04T12:31:03.661777Z,376722974,305
2026-03-04T12:41:04.946711Z,376723073,312
2026-03-04T12:51:05.701714Z,376723168,336
2026-03-04T13:01:19.091743Z,376723283,346
2026-03-04T13:11:10.266575Z,376723361,352
2026-03-04T13:21:01.704520Z,376723444,355
2026-03-04T13:31:07.592453Z,376723530,365
2026-03-04T13:41:01.036721Z,376723669,409
2026-03-04T13:51:02.789558Z,376723759,385
2026-03-04T14:01:27.925786Z,376723874,366
2026-03-04T14:11:01.841585Z,376723978,380
2026-03-04T14:21:02.307297Z,376724093,401
2026-03-04T14:31:04.405369Z,376724217,404
2026-03-04T14:41:05.709694Z,376724350,418
2026-03-04T14:51:01.830344Z,376724440,400
2026-03-04T15:01:05.338793Z,376724554,402
2026-03-04T15:11:01.291318Z,376724695,388
2026-03-04T15:21:06.317639Z,376724852,372
2026-03-04T15:31:07.206800Z,376725000,392
2026-03-04T15:41:01.339212Z,376725144,409
2026-03-04T15:50:56.879162Z,376725283,423
2026-03-04T16:01:10.737754Z,376725444,431
2026-03-04T16:11:01.842978Z,376725588,435
2026-03-04T16:20:55.691965Z,376725706,430
2026-03-04T16:31:02.940026Z,376725859,444
2026-03-04T16:41:11.088915Z,376726005,469
2026-03-04T16:51:08.338849Z,376726099,467
2026-03-04T17:01:20.784473Z,376726230,478
2026-03-04T17:10:54.856793Z,376726341,491
2026-03-04T17:20:51.889176Z,376726488,488
2026-03-04T17:30:58.553390Z,376726610,468
2026-03-04T17:40:50.799585Z,376726738,491
2026-03-04T17:50:57.847108Z,376726852,488
2026-03-04T18:01:04.113796Z,376726988,481
2026-03-04T18:10:53.573019Z,376727131,470
2026-03-04T18:20:59.372544Z,376727277,465
2026-03-04T18:30:53.179988Z,376727436,486
2026-03-04T18:40:59.391217Z,376727680,483
2026-03-04T18:50:55.865162Z,376727854,519
2026-03-04T19:00:57.818538Z,376728079,542
2026-03-04T19:10:55.523289Z,376728293,550
2026-03-04T19:20:56.127777Z,376728481,540
2026-03-04T19:30:53.192163Z,376728690,576
2026-03-04T19:40:52.710014Z,376728924,585
2026-03-04T19:50:57.486942Z,376729119,571
2026-03-04T20:00:53.546257Z,376729299,607
2026-03-04T20:10:53.532235Z,376729555,619
2026-03-04T20:20:52.921166Z,376729746,620
2026-03-04T20:31:00.328234Z,376729908,603
2026-03-04T20:40:55.015139Z,376730083,620
2026-03-04T20:51:00.611474Z,376730254,621
2026-03-04T21:00:56.590023Z,376730453,620
2026-03-04T21:10:58.863658Z,376730667,641
2026-03-04T21:20:51.047883Z,376730837,596
2026-03-04T21:30:56.615544Z,376731064,623
2026-03-04T21:40:54.010299Z,376731297,634
2026-03-04T21:50:55.423190Z,376731526,620
2026-03-04T22:00:57.943236Z,376731737,632
2026-03-04T22:10:56.758723Z,376731976,645
2026-03-04T22:20:54.695440Z,376732236,647
2026-03-04T22:30:55.520162Z,376732433,613
2026-03-04T22:40:56.920084Z,376732683,597
2026-03-04T22:50:56.164042Z,376732862,594
2026-03-04T23:00:56.746140Z,376733032,537
2026-03-04T23:10:54.301687Z,376733253,542
2026-03-04T23:20:53.159243Z,376733400,559
2026-03-04T23:30:54.737662Z,376733580,532
2026-03-04T23:40:56.622767Z,376733724,517
2026-03-04T23:50:50.305014Z,376733907,536
2026-03-05T00:00:51.683452Z,376734185,557
2026-03-05T00:10:51.359908Z,376734393,565
2026-03-05T00:20:49.293261Z,376734673,574
2026-03-05T00:30:56.354372Z,376734871,565
2026-03-05T00:40:50.544794Z,376735064,570
2026-03-05T00:50:50.916480Z,376735283,565
2026-03-05T01:00:54.144907Z,376735472,558
2026-03-05T01:10:53.035646Z,376735631,536
2026-03-05T01:20:52.016378Z,376735792,509
2026-03-05T01:30:57.873455Z,376735908,497
2026-03-05T01:40:50.598214Z,376736129,514
2026-03-05T01:50:52.949195Z,376736306,484
2026-03-05T02:00:53.074372Z,376736524,492
2026-03-05T02:10:53.129576Z,376736696,471
2026-03-05T02:20:54.143251Z,376736901,523
2026-03-05T02:30:56.385534Z,376737054,499
2026-03-05T02:40:53.907807Z,376737201,464
2026-03-05T02:50:55.280505Z,376737392,447
2026-03-05T03:00:56.764165Z,376737505,448
2026-03-05T03:10:56.202861Z,376737698,470
2026-03-05T03:20:55.360609Z,376737872,468
2026-03-05T03:30:57.535576Z,376738062,491
2026-03-05T03:40:53.145310Z,376738201,476
2026-03-05T03:50:52.329100Z,376738350,434
2026-03-05T04:00:56.646999Z,376738600,513
2026-03-05T04:10:54.812147Z,376738774,485
2026-03-05T04:20:53.756488Z,376738920,471
2026-03-05T04:30:55.378950Z,376739058,435
2026-03-05T04:40:53.625159Z,376739172,412
2026-03-05T04:50:52.868620Z,376739300,401
2026-03-05T05:01:00.497326Z,376739426,391
2026-03-05T05:10:51.950044Z,376739569,397
2026-03-05T05:20:54.487666Z,376739673,390
2026-03-05T05:31:00.117380Z,376739792,386
2026-03-05T05:40:53.501688Z,376739901,403
2026-03-05T05:51:00.486279Z,376739998,387
2026-03-05T06:01:01.106056Z,376740090,392
2026-03-05T06:10:56.562519Z,376740170,386
2026-03-05T06:20:53.809259Z,376740265,381
2026-03-05T06:30:57.665584Z,376740329,367
2026-03-05T06:40:54.594872Z,376740466,396
2026-03-05T06:50:53.914386Z,376740582,388
2026-03-05T07:00:56.198262Z,376740703,394
2026-03-05T07:10:52.841304Z,376740801,393
2026-03-05T07:20:54.259112Z,376740904,398
2026-03-05T07:30:53.419251Z,376740982,387
2026-03-05T07:40:55.522142Z,376741062,374
2026-03-05T07:50:52.492191Z,376741154,353
2026-03-05T08:00:55.150043Z,376741251,340
2026-03-05T08:10:55.494191Z,376741332,299
2026-03-05T08:20:52.770839Z,376741398,296
2026-03-05T08:30:52.910218Z,376741453,288
2026-03-05T08:40:49.614433Z,376741513,296
2026-03-05T08:50:52.678577Z,376741622,322
2026-03-05T09:00:51.544948Z,376741715,320
2026-03-05T09:10:50.772460Z,376741792,330
2026-03-05T09:20:51.145165Z,376741867,333
2026-03-05T09:30:50.801492Z,376741931,329
2026-03-05T09:40:50.749958Z,376742016,322
2026-03-05T09:50:52.813217Z,376742086,313
2026-03-05T10:00:53.494945Z,376742161,322
2026-03-05T10:10:53.136149Z,376742251,300
2026-03-05T10:20:50.272843Z,376742332,304
2026-03-05T10:30:53.077154Z,376742400,305
2026-03-05T10:40:49.149200Z,376742477,305
2026-03-05T10:50:56.141783Z,376742556,314
2026-03-05T11:00:55.358330Z,376742609,308
2026-03-05T11:10:51.053011Z,376742674,319
2026-03-05T11:20:50.359399Z,376742757,310
2026-03-05T11:30:54.363188Z,376742825,310
2026-03-05T11:40:51.329683Z,376742898,317
2026-03-05T11:50:55.688904Z,376742973,324
2026-03-05T12:00:51.236211Z,376743078,326
2026-03-05T12:10:52.425314Z,376743167,341
2026-03-05T12:20:53.362691Z,376743248,345
2026-03-05T12:30:51.869254Z,376743319,353
2026-03-05T12:40:53.535248Z,376743391,343
2026-03-05T12:50:50.478784Z,376743510,352
2026-03-05T13:00:57.647111Z,376743597,361
2026-03-05T13:10:52.620078Z,376743702,390
2026-03-05T13:20:54.031313Z,376743797,408
2026-03-05T13:30:53.072831Z,376743877,397
2026-03-05T13:40:51.263974Z,376743988,413
2026-03-05T13:50:58.998916Z,376744085,393
2026-03-05T14:00:52.273318Z,376744179,386
2026-03-05T14:10:52.522135Z,376744275,388
2026-03-05T14:20:54.179173Z,376744366,375
2026-03-05T14:30:53.841262Z,376744437,370
2026-03-05T14:40:52.534871Z,376744536,372
2026-03-05T14:50:54.163129Z,376744626,343
2026-03-05T15:00:54.189260Z,376744729,357
2026-03-05T15:10:53.278024Z,376744867,371
2026-03-05T15:20:53.952174Z,376745028,407
2026-03-05T15:30:57.444045Z,376745182,392
2026-03-05T15:40:53.701981Z,376745294,394
2026-03-05T15:50:49.080678Z,376745458,423
2026-03-05T16:00:54.471852Z,376745602,412
2026-03-05T16:10:54.797122Z,376745751,404
2026-03-05T16:20:50.762474Z,376745883,403
2026-03-05T17:22:48.094523Z,376746904,451
2026-03-05T17:31:15.247589Z,376747066,467
2026-03-05T17:41:23.133822Z,376747275,493
2026-03-05T17:51:01.878535Z,376747470,510
2026-03-05T18:01:14.681608Z,376747685,529
2026-03-05T18:10:58.692829Z,376747855,533
2026-03-05T18:21:06.370680Z,376748055,527
2026-03-05T18:30:58.615619Z,376748215,551
2026-03-05T18:40:59.839652Z,376748405,544
2026-03-05T18:51:01.079899Z,376748584,555
2026-03-05T19:00:59.551407Z,376748836,598
2026-03-05T19:10:59.637152Z,376749089,550
2026-03-05T19:21:14.844942Z,376749310,574
2026-03-05T19:31:13.988019Z,376749485,512
2026-03-05T19:40:59.401017Z,376749668,517
2026-03-05T19:50:59.554783Z,376749901,550
2026-03-05T20:01:06.495363Z,376750087,561
2026-03-05T20:10:57.173212Z,376750223,553
2026-03-05T20:20:58.447176Z,376750425,542
2026-03-05T20:31:01.151342Z,376750607,550
2026-03-05T20:41:02.916511Z,376750745,493
2026-03-05T20:50:57.762062Z,376750957,533
2026-03-05T21:01:05.164821Z,376751132,550
2026-03-05T21:10:57.474428Z,376751336,570
2026-03-05T21:20:58.687072Z,376751555,558
2026-03-05T21:30:58.230767Z,376751740,547
2026-03-05T21:40:54.377428Z,376751940,545
2026-03-05T21:50:56.355164Z,376752080,525
2026-03-05T22:00:57.203723Z,376752242,538
2026-03-05T22:10:56.342903Z,376752451,544
2026-03-05T22:20:57.736857Z,376752587,474
2026-03-05T22:30:59.913274Z,376752730,383
2026-03-05T23:06:07.361331Z,376753375,455
2026-03-05T23:11:12.534613Z,376753459,459
2026-03-05T23:31:16.954433Z,376753800,455
2026-03-05T23:45:55.415695Z,376754005,401
2026-03-05T23:50:55.380962Z,376754117,424
2026-03-06T00:00:57.067100Z,376754292,423
2026-03-06T00:10:55.928959Z,376754443,441
2026-03-06T00:20:55.442591Z,376754604,461
2026-03-06T00:30:54.927862Z,376754769,449
2026-03-06T00:41:16.258003Z,376754923,452
2026-03-06T00:51:09.912036Z,376755103,461
2026-03-06T01:01:11.639681Z,376755316,442
2026-03-06T01:11:09.854435Z,376755483,440
2026-03-06T01:21:10.065646Z,376755691,459
2026-03-06T01:31:12.383983Z,376755862,472
2026-03-06T01:41:13.509609Z,376756082,484
2026-03-06T01:51:08.321461Z,376756306,479
2026-03-06T02:01:13.130418Z,376756483,478
2026-03-06T02:11:13.601651Z,376756657,452
2026-03-06T02:21:11.709565Z,376756824,466
2026-03-06T02:31:09.544465Z,376756999,435
2026-03-06T02:41:12.067779Z,376757148,429
2026-03-06T02:51:08.660843Z,376757312,470
2026-03-06T03:01:14.225660Z,376757479,475
2026-03-06T03:11:11.306978Z,376757680,461
2026-03-06T03:21:11.766734Z,376757837,466
2026-03-06T03:31:10.575703Z,376757980,472
2026-03-06T03:41:15.215868Z,376758135,482
2026-03-06T03:51:11.389491Z,376758254,466
2026-03-06T04:01:10.696862Z,376758445,507
2026-03-06T04:11:11.131207Z,376758650,521
2026-03-06T04:21:11.744426Z,376758769,487
2026-03-06T04:31:12.431207Z,376758917,477
2026-03-06T04:41:12.771018Z,376759057,464
2026-03-06T04:51:13.291052Z,376759227,441
2026-03-06T05:01:11.913345Z,376759356,423
2026-03-06T05:11:11.246220Z,376759479,443
2026-03-06T05:21:10.742261Z,376759631,450
2026-03-06T05:31:14.095769Z,376759774,437
2026-03-06T05:41:13.229047Z,376759914,429
2026-03-06T05:51:11.379404Z,376760027,434
2026-03-06T06:01:14.677429Z,376760140,424
2026-03-06T06:11:11.833840Z,376760240,410
2026-03-06T06:21:11.139373Z,376760366,424
2026-03-06T06:31:13.663067Z,376760477,438
2026-03-06T06:41:10.842976Z,376760585,438
2026-03-06T06:51:13.956455Z,376760686,430
2026-03-06T07:01:10.274126Z,376760755,411
2026-03-06T07:11:11.587732Z,376760839,392
2026-03-06T07:21:10.456005Z,376760927,391
2026-03-06T07:31:13.121013Z,376761006,394
2026-03-06T07:41:11.150100Z,376761093,405
2026-03-06T07:51:11.578956Z,376761178,398
2026-03-06T08:01:12.539078Z,376761255,389
2026-03-06T08:11:11.640637Z,376761324,372
2026-03-06T08:21:10.913305Z,376761441,370
2026-03-06T08:31:11.084572Z,376761523,375
2026-03-06T08:41:09.874875Z,376761603,363
2026-03-06T08:51:09.062710Z,376761685,321
2026-03-06T09:01:11.944753Z,376761768,315
2026-03-06T09:11:10.259718Z,376761840,294
2026-03-06T09:21:12.854867Z,376761933,292
2026-03-06T09:31:09.860559Z,376762013,282
2026-03-06T09:41:11.482853Z,376762117,276
2026-03-06T09:51:10.268321Z,376762253,301
2026-03-06T10:01:11.606893Z,376762384,319
2026-03-06T10:11:12.782315Z,376762456,322
2026-03-06T10:21:11.747599Z,376762534,336
2026-03-06T10:31:12.149799Z,376762624,354
2026-03-06T10:41:13.168408Z,376762694,346
2026-03-06T10:51:12.945129Z,376762815,350
2026-03-06T11:01:13.360402Z,376762918,369
2026-03-06T11:11:09.227634Z,376763047,348
2026-03-06T11:21:09.934520Z,376763137,344
2026-03-06T11:31:14.843411Z,376763241,335
2026-03-06T11:41:12.759976Z,376763335,347
2026-03-06T11:51:18.034797Z,376763461,351
2026-03-06T12:01:18.665080Z,376763569,348
2026-03-06T12:11:08.824049Z,376763641,341
2026-03-06T12:21:11.214824Z,376763718,352
2026-03-06T12:31:17.997486Z,376763821,337
2026-03-06T12:41:13.273428Z,376763922,350
2026-03-06T12:51:12.588661Z,376764023,342
2026-03-06T13:01:21.793580Z,376764098,335
2026-03-06T13:11:17.107567Z,376764174,357
2026-03-06T13:21:12.876495Z,376764266,353
2026-03-06T13:31:14.336316Z,376764405,352
2026-03-06T13:41:11.552028Z,376764530,381
2026-03-06T13:51:11.399365Z,376764640,391
2026-03-06T14:01:12.731234Z,376764726,397
2026-03-06T14:11:10.741004Z,376764829,409
2026-03-06T14:21:12.874166Z,376764949,428
2026-03-06T14:31:13.533473Z,376765031,433
2026-03-06T14:41:12.321422Z,376765170,454
2026-03-06T14:51:13.017678Z,376765286,461
2026-03-06T15:01:15.943168Z,376765387,457
2026-03-06T15:11:12.198198Z,376765495,452
2026-03-06T15:21:12.944728Z,376765603,477
2026-03-06T15:31:16.555687Z,376765719,474
2026-03-06T15:41:13.721482Z,376765876,505
2026-03-06T15:51:11.443633Z,376766032,516
2026-03-06T16:01:13.325003Z,376766189,512
2026-03-06T16:11:13.098850Z,376766361,537
2026-03-06T16:20:23.179892Z,376766465,536
2026-03-06T16:30:24.339560Z,376766608,543
2026-03-06T16:40:20.202519Z,376766752,550
2026-03-06T16:50:23.361492Z,376766884,558
2026-03-06T17:00:30.316238Z,376767008,530
2026-03-06T17:10:21.621623Z,376767183,532
2026-03-06T17:20:21.830170Z,376767340,563
2026-03-06T17:30:25.126601Z,376767490,553
2026-03-06T17:40:27.432504Z,376767651,553
2026-03-06T17:50:22.553129Z,376767810,576
2026-03-06T18:00:25.919899Z,376767955,578
2026-03-06T18:10:27.200858Z,376768118,558
2026-03-06T18:20:22.489836Z,376768251,533
2026-03-06T18:30:25.155594Z,376768436,551
2026-03-06T18:40:21.842817Z,376768623,559
2026-03-06T18:50:22.248881Z,376768820,564
2026-03-06T19:00:29.921414Z,376769004,547
2026-03-06T19:10:21.565540Z,376769162,538
2026-03-06T19:20:24.933335Z,376769355,540
2026-03-06T19:30:22.198398Z,376769548,525
2026-03-06T19:40:22.867578Z,376769708,545
2026-03-06T19:50:22.998758Z,376769886,544
2026-03-06T20:00:30.790525Z,376770094,538
2026-03-06T20:10:38.248423Z,376770297,540
2026-03-06T20:20:18.802218Z,376770504,544
2026-03-06T20:30:25.663348Z,376770725,535
2026-03-06T20:40:21.227307Z,376770980,559
2026-03-06T20:50:19.460852Z,376771170,561
2026-03-06T21:00:23.647217Z,376771414,559
2026-03-06T21:10:21.532076Z,376771629,554
2026-03-06T21:20:21.759289Z,376771836,548
2026-03-06T21:30:23.663923Z,376772025,537
2026-03-06T21:40:19.818099Z,376772217,543
2026-03-06T21:50:21.459650Z,376772423,535
2026-03-06T22:00:19.711978Z,376772599,529
2026-03-06T22:10:19.149609Z,376772834,556
2026-03-06T22:20:20.125217Z,376773029,554
2026-03-06T22:30:21.640888Z,376773182,520
2026-03-06T22:40:20.735815Z,376773346,531
2026-03-06T22:50:18.432484Z,376773541,538
2026-03-06T23:00:21.325337Z,376773764,559
2026-03-06T23:10:18.359408Z,376773965,549
2026-03-06T23:20:16.637525Z,376774196,557
2026-03-06T23:30:20.613135Z,376774427,567
2026-03-06T23:40:18.181809Z,376774652,562
2026-03-06T23:50:17.169915Z,376774862,592
2026-03-07T00:00:21.594472Z,376775089,598
2026-03-07T00:10:18.390284Z,376775287,573
2026-03-07T00:20:40.637836Z,376775479,579
2026-03-07T00:30:41.508302Z,376775702,605
2026-03-07T00:40:41.312949Z,376775997,638
2026-03-07T00:50:41.537740Z,376776199,602
2026-03-07T01:00:39.740213Z,376776390,622
2026-03-07T01:10:46.522243Z,376776627,618
2026-03-07T01:20:41.314425Z,376776865,620
2026-03-07T01:30:45.156651Z,376777088,652
2026-03-07T01:40:43.081304Z,376777333,666
2026-03-07T01:50:41.621136Z,376777537,683
2026-03-07T02:00:40.034983Z,376777712,670
2026-03-07T02:10:39.427320Z,376777884,649
2026-03-07T02:20:41.760019Z,376778067,657
2026-03-07T02:30:36.834831Z,376778265,642
2026-03-07T02:40:43.788795Z,376778448,637
2026-03-07T02:50:42.486775Z,376778582,631
2026-03-07T03:00:56.914076Z,376778805,655
2026-03-07T03:10:43.652492Z,376778968,610
2026-03-07T03:20:45.706313Z,376779180,627
2026-03-07T03:30:51.155517Z,376779363,616
2026-03-07T03:40:41.150876Z,376779580,606
2026-03-07T03:50:42.285865Z,376779782,589
2026-03-07T04:00:40.955402Z,376779970,602
2026-03-07T04:10:44.072167Z,376780127,608
2026-03-07T04:20:49.361457Z,376780278,613
2026-03-07T04:30:45.541954Z,376780469,584
2026-03-07T04:40:46.498146Z,376780657,537
2026-03-07T04:50:46.493967Z,376780846,572
2026-03-07T05:00:54.770609Z,376781023,552
2026-03-07T05:10:37.206514Z,376781189,539
2026-03-07T05:20:37.879278Z,376781334,523
2026-03-07T05:30:47.230524Z,376781481,510
2026-03-07T05:40:45.248708Z,376781661,511
2026-03-07T05:50:43.514970Z,376781833,475
2026-03-07T06:00:46.146633Z,376781952,467
2026-03-07T06:10:44.316573Z,376782127,498
2026-03-07T06:20:45.029180Z,376782312,483
2026-03-07T06:30:44.104181Z,376782423,471
2026-03-07T06:40:39.163267Z,376782543,466
2026-03-07T06:50:40.557390Z,376782662,455
2026-03-07T07:00:38.107220Z,376782827,425
2026-03-07T07:10:35.726655Z,376782967,408
2026-03-07T07:20:37.231009Z,376783116,407
2026-03-07T07:30:40.692649Z,376783208,401
2026-03-07T07:40:37.755342Z,376783353,409
2026-03-07T07:50:22.325258Z,376783499,419
2026-03-07T08:00:23.207998Z,376783613,442
2026-03-07T08:10:23.187037Z,376783725,430
2026-03-07T08:20:23.180102Z,376783823,423
2026-03-07T08:30:25.012876Z,376783930,433
2026-03-07T08:40:21.341426Z,376784056,404
2026-03-07T08:50:21.161947Z,376784164,395
2026-03-07T09:00:22.491533Z,376784235,375
2026-03-07T09:10:21.854895Z,376784348,356
2026-03-07T09:20:24.094833Z,376784429,370
2026-03-07T09:30:21.847043Z,376784547,385
2026-03-07T09:40:21.840159Z,376784653,380
2026-03-07T09:50:23.009897Z,376784769,366
2026-03-07T10:00:22.442040Z,376784850,335
2026-03-07T10:10:22.330991Z,376784946,339
2026-03-07T10:20:22.056413Z,376785049,333
2026-03-07T10:30:25.356137Z,376785183,339
2026-03-07T10:40:23.050630Z,376785272,327
2026-03-07T10:50:21.691373Z,376785394,331
2026-03-07T11:00:24.232396Z,376785494,338
2026-03-07T11:10:22.739053Z,376785580,340
2026-03-07T11:20:21.279726Z,376785674,331
2026-03-07T11:30:22.502981Z,376785783,334
2026-03-07T11:40:21.696785Z,376785908,337
2026-03-07T11:50:20.993843Z,376785999,348
2026-03-07T12:00:23.279566Z,376786073,339
2026-03-07T12:10:22.045844Z,376786186,337
2026-03-07T12:20:21.842164Z,376786293,333
2026-03-07T12:30:23.505425Z,376786358,328
2026-03-07T12:40:21.813070Z,376786443,330
2026-03-07T12:50:24.892460Z,376786559,341
2026-03-07T13:00:22.166220Z,376786672,365
2026-03-07T13:10:20.369163Z,376786829,353
2026-03-07T13:20:22.660467Z,376786957,360
2026-03-07T13:30:23.101284Z,376787109,377
2026-03-07T13:40:20.542826Z,376787260,375
2026-03-07T13:50:23.074779Z,376787444,390
2026-03-07T14:00:22.230086Z,376787688,418
2026-03-07T14:10:22.269283Z,376787843,429
2026-03-07T14:20:21.772459Z,376787987,439
2026-03-07T14:30:20.320556Z,376788116,450
2026-03-07T14:40:21.960586Z,376788274,478
2026-03-07T14:50:21.398072Z,376788399,489
2026-03-07T15:02:37.364039Z,376788605,532
2026-03-07T15:10:24.172941Z,376788709,535
2026-03-07T15:20:21.647945Z,376788860,537
2026-03-07T15:30:21.433608Z,376789014,521
2026-03-07T15:40:29.498632Z,376789180,486
2026-03-07T15:50:29.320086Z,376789417,485
2026-03-07T16:00:32.491674Z,376789604,500
2026-03-07T16:10:30.964720Z,376789757,502
2026-03-07T16:20:29.848406Z,376789920,520
2026-03-07T16:30:30.203023Z,376790150,511
2026-03-07T16:40:30.510788Z,376790400,544
2026-03-07T16:50:32.059283Z,376790618,535
2026-03-07T17:00:32.414827Z,376790824,521
2026-03-07T17:10:29.411533Z,376791020,556
2026-03-07T17:20:31.358665Z,376791265,563
2026-03-07T17:30:32.214981Z,376791494,566
2026-03-07T17:40:29.953921Z,376791724,562
2026-03-07T17:50:30.166776Z,376791965,574
2026-03-07T18:00:31.766536Z,376792198,599
2026-03-07T18:10:28.370211Z,376792427,568
2026-03-07T18:20:32.307606Z,376792667,599
2026-03-07T18:30:30.333357Z,376792905,594
2026-03-07T18:40:31.446649Z,376793169,593
2026-03-07T18:50:27.731079Z,376793396,597
2026-03-07T19:00:33.278556Z,376793583,613
2026-03-07T19:10:30.582454Z,376793812,610
2026-03-07T19:20:34.785288Z,376794026,635
2026-03-07T19:30:31.397664Z,376794243,632
2026-03-07T19:40:31.038761Z,376794486,652
2026-03-07T19:50:28.525536Z,376794731,650
2026-03-07T20:00:34.496898Z,376794964,654
2026-03-07T20:10:30.123117Z,376795225,636
2026-03-07T20:20:29.928769Z,376795478,630
2026-03-07T20:30:30.554364Z,376795752,633
2026-03-07T20:40:28.082869Z,376796026,631
2026-03-07T20:50:29.062875Z,376796314,644
2026-03-07T21:00:34.174325Z,376796591,634
2026-03-07T21:10:31.879320Z,376796835,637
2026-03-07T21:20:31.288978Z,376797116,627
2026-03-07T21:30:32.198926Z,376797345,643
2026-03-07T21:40:31.677082Z,376797602,650
2026-03-07T21:50:29.504237Z,376797852,636
2026-03-07T22:00:33.870848Z,376798054,631
2026-03-07T22:10:29.021793Z,376798278,655
2026-03-07T22:20:30.580577Z,376798480,644
2026-03-07T22:30:31.686726Z,376798707,642
2026-03-07T22:40:29.855750Z,376798927,628
2026-03-07T22:50:28.364834Z,376799227,673
2026-03-07T23:00:31.869372Z,376799613,707
2026-03-07T23:10:29.265799Z,376799910,690
2026-03-07T23:20:28.502982Z,376800191,683
2026-03-07T23:30:26.691041Z,376800418,685
2026-03-07T23:40:29.221647Z,376800660,672
2026-03-07T23:50:25.996957Z,376800878,645
2026-03-08T00:00:26.676496Z,376801140,666
2026-03-08T00:10:29.075560Z,376801409,682
2026-03-08T00:20:26.108930Z,376801631,657
2026-03-08T00:30:24.345118Z,376801822,665
2026-03-08T00:40:25.825266Z,376801997,653
2026-03-08T00:50:26.174495Z,376802184,652
2026-03-08T01:00:29.750988Z,376802400,666
2026-03-08T01:10:27.207977Z,376802569,637
2026-03-08T01:20:26.019894Z,376802798,666
2026-03-08T01:30:29.519871Z,376803052,666
2026-03-08T01:40:27.549971Z,376803336,670
2026-03-08T01:50:25.175381Z,376803595,688
2026-03-08T02:00:29.372462Z,376803819,698
2026-03-08T02:10:29.073033Z,376804039,687
2026-03-08T02:20:25.849122Z,376804285,699
2026-03-08T02:30:28.261511Z,376804555,694
2026-03-08T02:40:27.836928Z,376804797,688
2026-03-08T02:50:29.302183Z,376804994,652
2026-03-08T03:00:28.621552Z,376805190,600
2026-03-08T03:10:29.834009Z,376805420,581
2026-03-08T03:20:28.167755Z,376805637,588
2026-03-08T03:30:28.311515Z,376805844,608
2026-03-08T03:40:26.732178Z,376806044,569
2026-03-08T03:50:28.520274Z,376806277,518
2026-03-08T04:00:30.874156Z,376806487,553
2026-03-08T04:10:29.827945Z,376806722,563
2026-03-08T04:20:27.028174Z,376806941,550
2026-03-08T04:30:26.882623Z,376807132,549
2026-03-08T04:40:25.874934Z,376807332,566
2026-03-08T04:50:26.938866Z,376807564,580
2026-03-08T05:00:30.794186Z,376807743,587
2026-03-08T05:10:25.620789Z,376807947,583
2026-03-08T05:20:26.823913Z,376808123,566
2026-03-08T05:30:30.072062Z,376808268,548
2026-03-08T05:40:26.504179Z,376808465,587
2026-03-08T05:50:30.746026Z,376808688,605
2026-03-08T06:00:32.360334Z,376808891,588
2026-03-08T06:10:27.872290Z,376809101,575
2026-03-08T06:20:29.925987Z,376809331,597
2026-03-08T06:30:27.594701Z,376809510,623
2026-03-08T06:40:27.252302Z,376809700,632
2026-03-08T06:50:30.065866Z,376809907,654
2026-03-08T07:00:29.189875Z,376810090,678
2026-03-08T07:10:30.174036Z,376810268,648
2026-03-08T07:20:28.920296Z,376810417,631
2026-03-08T07:30:27.655731Z,376810595,623
2026-03-08T07:40:28.119969Z,376810758,623
2026-03-08T07:50:27.303368Z,376810907,622
2026-03-08T08:00:30.738701Z,376811099,633
2026-03-08T08:10:27.560812Z,376811206,615
2026-03-08T08:20:30.510749Z,376811347,620
2026-03-08T08:30:29.386452Z,376811481,585
2026-03-08T08:40:29.357830Z,376811634,572
2026-03-08T08:50:30.741854Z,376811739,580
2026-03-08T09:00:31.055368Z,376811885,587
2026-03-08T09:10:30.228815Z,376812007,568
2026-03-08T09:20:29.544751Z,376812091,559
2026-03-08T09:30:29.528450Z,376812207,552
2026-03-08T09:40:32.559629Z,376812322,549
2026-03-08T09:50:29.946320Z,376812438,528
2026-03-08T10:00:30.628143Z,376812543,511
2026-03-08T10:10:30.121336Z,376812663,511
2026-03-08T10:20:30.967431Z,376812789,494
2026-03-08T10:30:32.636651Z,376812883,487
2026-03-08T10:40:32.616159Z,376812956,453
2026-03-08T10:50:30.652179Z,376813066,448
2026-03-08T11:00:34.457286Z,376813173,445
2026-03-08T11:20:31.542365Z,376813334,447
2026-03-08T11:30:33.137085Z,376813436,439
2026-03-08T11:40:31.708694Z,376813532,454
2026-03-08T11:50:31.488638Z,376813641,467
2026-03-08T12:00:34.149195Z,376813760,470
2026-03-08T12:10:31.491604Z,376813863,472
2026-03-08T12:20:32.889610Z,376813996,470
2026-03-08T12:30:35.349527Z,376814116,463
2026-03-08T12:40:34.008380Z,376814266,486
2026-03-08T12:50:30.246103Z,376814452,520
2026-03-08T13:00:33.826795Z,376814589,522
2026-03-08T13:10:33.248294Z,376814706,502
2026-03-08T13:20:36.002831Z,376814876,493
2026-03-08T13:30:34.244877Z,376815074,479
2026-03-08T13:40:33.905199Z,376815261,502
2026-03-08T13:50:32.397643Z,376815436,546
2026-03-08T14:00:36.620171Z,376815618,553
2026-03-08T14:10:33.204833Z,376815780,597
2026-03-08T14:20:31.833635Z,376815944,601
2026-03-08T14:30:31.040311Z,376816108,614
2026-03-08T14:40:30.737689Z,376816257,631
2026-03-08T14:50:33.540325Z,376816413,626
2026-03-08T15:00:32.131636Z,376816568,624
2026-03-08T15:10:26.527742Z,376816743,650
2026-03-08T15:20:25.618501Z,376816913,638
2026-03-08T15:30:28.974568Z,376817118,649
2026-03-08T15:40:26.553888Z,376817299,618
2026-03-08T15:50:27.272525Z,376817488,613
2026-03-08T16:00:32.699040Z,376817672,634
2026-03-08T16:10:26.148749Z,376817835,649
2026-03-08T16:20:27.635918Z,376818009,669
2026-03-08T16:30:32.682347Z,376818219,665
2026-03-08T16:40:28.246274Z,376818408,679
2026-03-08T16:50:27.175192Z,376818654,706
2026-03-08T17:00:32.134018Z,376818862,695
2026-03-08T17:10:28.422563Z,376819063,670
2026-03-08T17:20:29.581488Z,376819295,669
2026-03-08T17:30:33.400446Z,376819501,654
2026-03-08T17:40:30.155915Z,376819731,670
2026-03-08T17:50:30.994048Z,376819965,646
2026-03-08T18:00:38.776749Z,376820187,617
2026-03-08T18:10:30.464197Z,376820442,647
2026-03-08T18:20:30.741759Z,376820640,648
2026-03-08T18:30:30.269689Z,376820907,624
2026-03-08T18:40:32.030421Z,376821131,613
2026-03-08T18:50:30.335466Z,376821342,613
2026-03-08T19:00:32.338419Z,376821547,630
2026-03-08T19:10:29.836296Z,376821796,646
2026-03-08T19:20:29.296462Z,376822125,645
2026-03-08T19:30:32.563598Z,376822437,674
2026-03-08T19:40:30.747661Z,376822708,665
2026-03-08T19:50:28.863864Z,376823036,685
2026-03-08T20:00:31.034975Z,376823350,703
2026-03-08T20:10:29.536391Z,376823670,709
2026-03-08T20:20:29.143189Z,376823944,741
2026-03-08T20:30:33.306213Z,376824263,693
2026-03-08T20:40:31.160238Z,376824471,688
2026-03-08T20:50:35.057686Z,376824723,645
2026-03-08T21:00:35.022631Z,376825012,637
2026-03-08T21:10:29.177681Z,376825255,613
2026-03-08T21:20:26.390860Z,376825512,626
2026-03-08T21:30:28.321109Z,376825821,636
2026-03-08T21:40:26.428032Z,376826097,612
2026-03-08T21:50:27.496587Z,376826296,606
2026-03-08T22:00:35.193078Z,376826558,600
2026-03-08T22:10:28.949922Z,376826798,597
2026-03-08T22:20:26.039636Z,376827016,566
2026-03-08T22:30:27.785902Z,376827194,556
2026-03-08T22:40:28.361760Z,376827449,568
2026-03-08T22:50:29.460082Z,376827649,540
2026-03-08T23:00:28.935637Z,376827863,552
2026-03-08T23:10:28.071384Z,376828078,595
2026-03-08T23:20:27.765493Z,376828299,600
2026-03-08T23:30:29.540868Z,376828596,615
2026-03-08T23:40:26.707452Z,376828827,618
2026-03-08T23:50:28.858774Z,376829074,622
2026-03-09T00:00:28.348707Z,376829288,622
2026-03-09T00:10:28.470977Z,376829519,628
2026-03-09T00:20:29.268554Z,376829773,668
2026-03-09T00:30:29.106422Z,376830025,631
2026-03-09T00:40:26.856420Z,376830272,672
2026-03-09T00:50:26.093638Z,376830460,702
2026-03-09T01:00:27.646285Z,376830652,680
2026-03-09T01:10:28.340968Z,376830870,703
2026-03-09T01:20:27.234499Z,376831034,711
2026-03-09T01:30:28.574755Z,376831249,710
2026-03-09T01:40:26.759254Z,376831371,680
2026-03-09T01:50:28.650808Z,376831561,678
2026-03-09T02:00:28.221238Z,376831712,685
2026-03-09T02:10:27.391658Z,376831909,672
2026-03-09T02:20:27.616301Z,376832107,681
2026-03-09T02:30:27.821721Z,376832269,687
2026-03-09T02:40:29.023437Z,376832468,694
2026-03-09T02:50:28.087732Z,376832662,695
2026-03-09T03:00:28.140754Z,376832875,671
2026-03-09T03:10:27.534632Z,376833142,676
2026-03-09T03:20:28.375292Z,376833307,658
2026-03-09T03:30:28.229250Z,376833473,639
2026-03-09T03:40:30.708115Z,376833607,581
2026-03-09T03:50:29.405203Z,376833731,561
2026-03-09T04:00:30.107223Z,376833894,533
2026-03-09T04:10:33.290133Z,376834056,511
2026-03-09T04:20:28.272530Z,376834207,515
2026-03-09T04:30:26.280193Z,376834348,506
2026-03-09T04:40:27.535574Z,376834500,496
2026-03-09T04:50:29.544578Z,376834668,488
2026-03-09T05:00:28.154971Z,376834839,485
2026-03-09T05:10:28.393010Z,376834996,474
2026-03-09T05:20:28.507856Z,376835124,457
2026-03-09T05:30:30.230710Z,376835264,469
2026-03-09T05:40:28.023371Z,376835383,452
2026-03-09T05:50:28.961595Z,376835502,456
2026-03-09T06:00:28.093617Z,376835612,414
2026-03-09T06:10:27.798556Z,376835738,423
2026-03-09T06:20:28.770183Z,376835850,433
2026-03-09T06:30:28.768578Z,376835965,435
2026-03-09T06:40:31.718156Z,376836127,425
2026-03-09T06:50:29.362968Z,376836292,404
2026-03-09T07:00:26.577743Z,376836412,396
2026-03-09T07:10:27.695128Z,376836513,383
2026-03-09T07:20:27.687170Z,376836602,390
2026-03-09T07:30:28.304311Z,376836681,376
2026-03-09T07:40:28.364469Z,376836759,356
2026-03-09T07:50:29.465276Z,376836824,342
2026-03-09T08:00:29.667090Z,376836894,346
2026-03-09T08:10:28.298559Z,376836947,327
2026-03-09T08:20:30.914932Z,376837015,320
2026-03-09T08:30:26.401682Z,376837099,306
2026-03-09T08:40:28.192982Z,376837174,284
2026-03-09T08:50:29.422952Z,376837238,291
2026-03-09T09:00:31.513426Z,376837307,284
2026-03-09T09:10:28.535657Z,376837369,275
2026-03-09T09:20:28.243202Z,376837416,273
2026-03-09T09:30:31.198475Z,376837484,268
2026-03-09T09:40:35.547446Z,376837531,266
2026-03-09T09:50:26.582703Z,376837609,253
2026-03-09T10:00:30.654722Z,376837673,253
2026-03-09T10:10:30.867504Z,376837745,252
2026-03-09T10:20:31.846781Z,376837831,250
2026-03-09T10:30:30.098615Z,376837899,252
2026-03-09T10:40:28.881299Z,376837977,244
2026-03-09T10:50:33.298728Z,376838044,228
2026-03-09T11:00:31.204601Z,376838120,231
2026-03-09T11:10:30.627684Z,376838211,248
2026-03-09T11:20:30.984834Z,376838310,278
2026-03-09T11:30:31.904065Z,376838407,269
2026-03-09T11:40:31.156392Z,376838492,258
2026-03-09T11:50:28.544348Z,376838551,261
2026-03-09T12:00:33.036273Z,376838642,272
2026-03-09T12:10:30.079957Z,376838719,271
2026-03-09T12:20:30.662224Z,376838775,260
2026-03-09T12:30:30.496336Z,376838828,258
2026-03-09T12:40:32.269822Z,376838889,275
2026-03-09T12:50:30.376911Z,376838959,274
2026-03-09T13:00:38.348122Z,376839028,290
2026-03-09T13:10:31.857645Z,376839115,299
2026-03-09T13:20:27.881013Z,376839201,297
2026-03-09T13:30:29.533842Z,376839327,323
2026-03-09T13:40:33.672454Z,376839408,331
2026-03-09T13:50:29.653297Z,376839505,335
2026-03-09T14:00:33.359894Z,376839619,340
2026-03-09T14:10:31.746031Z,376839758,330
2026-03-09T14:20:34.617091Z,376839867,331
2026-03-09T14:30:34.156667Z,376839992,372
2026-03-09T14:40:31.197117Z,376840085,377
2026-03-09T14:50:32.084847Z,376840187,362
2026-03-09T15:00:36.411843Z,376840314,376
2026-03-09T15:10:36.789931Z,376840514,396
2026-03-09T15:20:31.663704Z,376840678,425
2026-03-09T15:30:32.825012Z,376840865,442
2026-03-09T15:40:33.221213Z,376841023,451
2026-03-09T15:50:33.348442Z,376841193,490
2026-03-09T16:00:31.959428Z,376841345,481
2026-03-09T16:10:37.599926Z,376841453,469
2026-03-09T16:20:32.338135Z,376841590,465
2026-03-09T16:30:57.250083Z,376841717,449
2026-03-09T16:40:41.033536Z,376841900,493
2026-03-09T16:50:42.720626Z,376842055,487
2026-03-09T17:00:36.379033Z,376842256,450
2026-03-09T17:10:33.239343Z,376842444,446
2026-03-09T17:20:35.029422Z,376842647,428
2026-03-09T17:30:34.908589Z,376842817,431
2026-03-09T17:40:55.176313Z,376843008,416
2026-03-09T17:50:38.008686Z,376843230,451
2026-03-09T18:00:35.931057Z,376843462,472
2026-03-09T18:10:32.447268Z,376843670,486
2026-03-09T18:20:34.299249Z,376843886,504
2026-03-09T18:30:35.476651Z,376844060,496
2026-03-09T18:40:34.946497Z,376844264,487
2026-03-09T18:50:35.536066Z,376844512,505
2026-03-09T19:00:39.940774Z,376844737,523
2026-03-09T19:10:33.173790Z,376844953,544
2026-03-09T19:20:35.399382Z,376845235,574
2026-03-09T19:30:39.831638Z,376845473,589
2026-03-09T19:40:34.001528Z,376845673,543
2026-03-09T19:50:32.434022Z,376845905,548
2026-03-09T20:00:33.700768Z,376846104,546
2026-03-09T20:10:32.433994Z,376846370,540
2026-03-09T20:20:33.957283Z,376846611,573
2026-03-09T20:30:35.290696Z,376846830,572
2026-03-09T20:40:39.632485Z,376847007,577
2026-03-09T20:50:34.076881Z,376847222,599
2026-03-09T21:00:35.974933Z,376847442,584
2026-03-09T21:10:37.948326Z,376847635,573
2026-03-09T21:20:35.998932Z,376847847,589
2026-03-09T21:30:36.435188Z,376848133,592
2026-03-09T21:40:35.483241Z,376848359,573
2026-03-09T21:50:34.680935Z,376848639,601
2026-03-09T22:00:36.529700Z,376848924,606
2026-03-09T22:10:31.340131Z,376849160,604
2026-03-09T22:20:32.307814Z,376849451,604
2026-03-09T22:30:33.990913Z,376849716,585
2026-03-09T22:40:30.842510Z,376849929,562
2026-03-09T22:50:34.925799Z,376850156,572
2026-03-09T23:00:36.330563Z,376850348,566
2026-03-09T23:10:33.197442Z,376850502,575
2026-03-09T23:21:04.477027Z,376850730,567
2026-03-09T23:31:03.562680Z,376850895,528
2026-03-09T23:41:05.891633Z,376851119,526
2026-03-09T23:51:06.557423Z,376851333,518
2026-03-10T00:01:04.094877Z,376851563,519
2026-03-10T00:11:06.117625Z,376851749,522
2026-03-10T00:21:04.863101Z,376851997,500
2026-03-10T00:31:05.354948Z,376852222,494
2026-03-10T00:41:02.868215Z,376852475,539
2026-03-10T00:51:04.109762Z,376852732,558
2026-03-10T01:01:07.065481Z,376852978,553
2026-03-10T01:11:04.847789Z,376853190,515
2026-03-10T01:21:03.775304Z,376853401,526
2026-03-10T01:31:08.751844Z,376853646,527
2026-03-10T01:41:04.566461Z,376853897,507
2026-03-10T01:51:03.997926Z,376854122,499
2026-03-10T02:01:07.047924Z,376854374,508
2026-03-10T02:11:04.120058Z,376854659,508
2026-03-10T02:21:04.795480Z,376854898,499
2026-03-10T02:31:05.375764Z,376855180,484
2026-03-10T02:41:04.925318Z,376855375,506
2026-03-10T02:51:05.728703Z,376855591,464
2026-03-10T03:01:09.306298Z,376855827,460
2026-03-10T03:11:07.912124Z,376856044,459
2026-03-10T03:21:05.686611Z,376856299,436
2026-03-10T03:31:07.654620Z,376856525,443
2026-03-10T03:41:05.928095Z,376856740,421
2026-03-10T03:51:05.449854Z,376856943,437
2026-03-10T04:01:11.098272Z,376857143,465
2026-03-10T04:11:07.024645Z,376857345,452
2026-03-10T04:21:05.339990Z,376857476,403
2026-03-10T04:31:08.837284Z,376857612,406
2026-03-10T04:41:07.385328Z,376857780,384
2026-03-10T04:51:04.969862Z,376857931,403
2026-03-10T05:01:11.650457Z,376858075,389
2026-03-10T05:11:07.010726Z,376858215,398
2026-03-10T05:21:05.398294Z,376858348,403
2026-03-10T05:31:08.232921Z,376858468,332
2026-03-10T05:41:08.233830Z,376858625,348
2026-03-10T05:51:05.905140Z,376858738,366
2026-03-10T06:01:11.833043Z,376858846,345
2026-03-10T06:11:06.812731Z,376858969,334
2026-03-10T06:21:07.105989Z,376859088,346
2026-03-10T06:31:05.554932Z,376859198,337
2026-03-10T06:41:07.432927Z,376859301,330
2026-03-10T06:51:07.266738Z,376859392,332
2026-03-10T07:01:13.598315Z,376859505,326
2026-03-10T07:11:05.828130Z,376859623,328
2026-03-10T07:20:12.451051Z,376859743,322
2026-03-10T07:30:10.717891Z,376859865,322
2026-03-10T07:40:11.930011Z,376860001,325
2026-03-10T07:50:12.189015Z,376860098,310
2026-03-10T08:00:12.190544Z,376860178,318
2026-03-10T08:10:14.051706Z,376860269,326
2026-03-10T08:20:14.680400Z,376860351,284
2026-03-10T08:30:12.342856Z,376860436,273
2026-03-10T08:40:13.262374Z,376860537,261
2026-03-10T08:50:13.614291Z,376860636,245
2026-03-10T09:00:12.003527Z,376860700,226
2026-03-10T09:10:12.526667Z,376860762,218
2026-03-10T09:20:12.164111Z,376860838,223
2026-03-10T09:30:10.979847Z,376860968,251
2026-03-10T09:40:13.662189Z,376861062,233
2026-03-10T09:50:13.058906Z,376861157,210
2026-03-10T10:00:11.029682Z,376861242,184
2026-03-10T10:10:13.289399Z,376861328,167
2026-03-10T10:20:13.675348Z,376861424,184
2026-03-10T10:30:15.640911Z,376861484,175
2026-03-10T10:40:12.422326Z,376861569,183
2026-03-10T10:50:13.609343Z,376861655,193
2026-03-10T11:00:13.280615Z,376861743,206
2026-03-10T11:10:12.880251Z,376861813,182
2026-03-10T11:20:15.901540Z,376861892,166
2026-03-10T11:30:12.548432Z,376861949,188
2026-03-10T11:40:09.887837Z,376862011,186
2026-03-10T11:50:12.099068Z,376862075,184
2026-03-10T12:00:13.944890Z,376862134,198
2026-03-10T12:10:13.402287Z,376862195,196
2026-03-10T12:20:14.256977Z,376862270,199
2026-03-10T12:30:11.528351Z,376862377,206
2026-03-10T12:40:14.237922Z,376862451,219
2026-03-10T12:50:11.516674Z,376862556,228
2026-03-10T13:00:12.545291Z,376862648,247
2026-03-10T13:10:15.437352Z,376862769,230
2026-03-10T13:20:12.137368Z,376862857,236
2026-03-10T13:30:12.808480Z,376862910,237
2026-03-10T13:40:12.669279Z,376863008,238
2026-03-10T13:50:12.861104Z,376863140,241
2026-03-10T14:00:12.679471Z,376863260,243
2026-03-10T14:10:13.022994Z,376863367,262
2026-03-10T14:20:15.096203Z,376863490,268
2026-03-10T14:30:16.618920Z,376863588,261
2026-03-10T14:40:15.195519Z,376863711,279
2026-03-10T14:50:13.757708Z,376863838,289
2026-03-10T15:00:12.409366Z,376863942,285
2026-03-10T15:10:12.992735Z,376864061,292
2026-03-10T15:22:39.228222Z,376864201,313
2026-03-10T15:31:17.941528Z,376864287,312
2026-03-10T15:41:28.866999Z,376864403,310
2026-03-10T15:51:02.724746Z,376864539,312
2026-03-10T16:01:08.296553Z,376864698,336
2026-03-10T16:11:07.090147Z,376864815,358
2026-03-10T16:21:05.770582Z,376864950,385
2026-03-10T16:31:06.982086Z,376865087,372
2026-03-10T16:41:05.662994Z,376865242,391
2026-03-10T16:51:05.634627Z,376865423,375
2026-03-10T17:01:09.741580Z,376865688,411
2026-03-10T17:11:04.624701Z,376865910,453
2026-03-10T17:21:05.775498Z,376866043,433
2026-03-10T17:31:07.639952Z,376866211,453
2026-03-10T17:41:09.323410Z,376866385,474
2026-03-10T17:51:05.591042Z,376866517,453
2026-03-10T18:01:11.971704Z,376866643,466
2026-03-10T18:11:06.555184Z,376866838,494
2026-03-10T18:21:05.421338Z,376866998,486
2026-03-10T18:31:11.607465Z,376867140,478
2026-03-10T18:41:06.209599Z,376867297,473
2026-03-10T18:51:07.957383Z,376867508,500
2026-03-10T19:01:09.816647Z,376867732,517
2026-03-10T19:11:13.695124Z,376867960,520
2026-03-10T19:21:10.333357Z,376868212,531
2026-03-10T19:31:14.312760Z,376868402,514
2026-03-10T19:41:10.825476Z,376868607,553
2026-03-10T19:51:07.894846Z,376868839,558
2026-03-10T20:01:23.724561Z,376869072,527
2026-03-10T20:11:12.975152Z,376869309,545
2026-03-10T20:21:12.579465Z,376869526,547
2026-03-10T20:31:11.635851Z,376869761,535
2026-03-10T20:41:08.477064Z,376869994,541
2026-03-10T20:51:18.367409Z,376870219,534
2026-03-10T21:01:15.537177Z,376870472,524
2026-03-10T21:11:12.171053Z,376870670,527
2026-03-10T21:21:17.557170Z,376870856,533
2026-03-10T21:31:15.989623Z,376871113,502
2026-03-10T21:41:09.475283Z,376871300,508
2026-03-10T21:51:13.622380Z,376871506,504
2026-03-10T22:01:13.758312Z,376871688,522
2026-03-10T22:11:09.063257Z,376871915,533
2026-03-10T22:21:09.173081Z,376872167,509
2026-03-10T22:31:17.357823Z,376872386,518
2026-03-10T22:41:11.195908Z,376872571,516
2026-03-10T22:51:12.723378Z,376872813,549
2026-03-10T23:01:10.274872Z,376873059,549
2026-03-10T23:11:10.642520Z,376873306,559
2026-03-10T23:21:10.667242Z,376873615,568
2026-03-10T23:31:13.147318Z,376873855,587
2026-03-10T23:41:11.784150Z,376874021,596
2026-03-10T23:50:59.849586Z,376874212,593
2026-03-11T00:01:04.050880Z,376874441,601
2026-03-11T00:11:00.174347Z,376874666,570
2026-03-11T00:20:59.523200Z,376874889,559
2026-03-11T00:30:58.215455Z,376875104,576
2026-03-11T00:40:59.119463Z,376875327,563
2026-03-11T00:51:01.481807Z,376875561,552
2026-03-11T01:00:58.818183Z,376875763,547
2026-03-11T01:10:58.555841Z,376875960,524
2026-03-11T01:20:59.024056Z,376876264,521
2026-03-11T01:31:00.802997Z,376876560,553
2026-03-11T01:40:59.597483Z,376876770,527
2026-03-11T01:50:59.706295Z,376877003,532
2026-03-11T02:01:00.811911Z,376877208,554
2026-03-11T02:10:59.671187Z,376877447,539
2026-03-11T02:20:58.508958Z,376877674,514
2026-03-11T02:30:59.530957Z,376877911,522
2026-03-11T02:41:00.959455Z,376878133,518
2026-03-11T02:50:58.823266Z,376878342,542
2026-03-11T03:01:02.157967Z,376878545,551
2026-03-11T03:11:00.812525Z,376878739,544
2026-03-11T03:20:59.759284Z,376878881,547
2026-03-11T03:31:00.387849Z,376879072,522
2026-03-11T03:41:02.902494Z,376879278,528
2026-03-11T03:50:59.504661Z,376879481,518
2026-03-11T04:01:03.305109Z,376879622,481
2026-03-11T04:11:00.612469Z,376879787,480
2026-03-11T04:21:00.892477Z,376879975,494
2026-03-11T04:31:00.930147Z,376880175,480
2026-03-11T04:40:58.839527Z,376880320,458
2026-03-11T04:51:02.343328Z,376880468,458
2026-03-11T05:00:58.736696Z,376880608,467
2026-03-11T05:11:00.970413Z,376880762,455
2026-03-11T05:20:58.821035Z,376880952,455
2026-03-11T05:31:00.750052Z,376881150,444
2026-03-11T05:41:01.692435Z,376881373,461
2026-03-11T05:50:59.341425Z,376881510,457
2026-03-11T06:01:03.621474Z,376881625,416
2026-03-11T06:11:01.858306Z,376881714,411
2026-03-11T06:21:01.532741Z,376881840,421
2026-03-11T06:31:01.812693Z,376881948,417
2026-03-11T06:40:58.795134Z,376882067,408
2026-03-11T06:51:00.472628Z,376882211,431
2026-03-11T07:01:02.467100Z,376882367,443
2026-03-11T07:10:59.044436Z,376882517,439
2026-03-11T07:21:00.297550Z,376882638,454
2026-03-11T07:31:00.614670Z,376882759,427
2026-03-11T07:40:59.192471Z,376882870,413
2026-03-11T07:50:59.944732Z,376882967,387
2026-03-11T08:00:57.617518Z,376883078,406
2026-03-11T08:11:00.506427Z,376883164,416
2026-03-11T08:21:03.555460Z,376883261,424
2026-03-11T08:31:00.759782Z,376883354,417
2026-03-11T08:40:59.459455Z,376883450,415
2026-03-11T08:50:59.400035Z,376883522,385
2026-03-11T09:01:02.317612Z,376883604,396
2026-03-11T09:11:18.014047Z,376883712,408
2026-03-11T09:20:58.841190Z,376883809,392
2026-03-11T09:30:59.483462Z,376883898,399
2026-03-11T09:41:00.786091Z,376883967,390
2026-03-11T09:51:00.819188Z,376884079,363
2026-03-11T10:01:02.827436Z,376884168,362
2026-03-11T10:11:00.814781Z,376884249,351
2026-03-11T10:21:01.741055Z,376884395,368
2026-03-11T10:31:01.632535Z,376884512,380
2026-03-11T10:41:00.483646Z,376884606,363
2026-03-11T10:51:02.012711Z,376884670,345
2026-03-11T11:01:02.881846Z,376884757,344
2026-03-11T11:11:00.722186Z,376884868,364
2026-03-11T11:21:01.381735Z,376884960,352
2026-03-11T11:31:03.126136Z,376885064,336
2026-03-11T11:41:00.760183Z,376885155,357
2026-03-11T11:51:01.417328Z,376885249,355
2026-03-11T12:01:04.288265Z,376885317,349
2026-03-11T12:11:02.810753Z,376885413,353
2026-03-11T12:21:02.564210Z,376885495,362
2026-03-11T12:31:05.323972Z,376885599,345
2026-03-11T12:41:01.219172Z,376885713,347
2026-03-11T12:51:03.445897Z,376885868,376
2026-03-11T13:01:03.336966Z,376885987,342
2026-03-11T13:11:04.008951Z,376886091,363
2026-03-11T13:21:03.415342Z,376886223,381
2026-03-11T13:31:02.591704Z,376886359,381
2026-03-11T13:41:05.041290Z,376886488,389
2026-03-11T13:51:06.214747Z,376886605,379
2026-03-11T14:01:14.937753Z,376886739,357
2026-03-11T14:11:03.086324Z,376886892,381
2026-03-11T14:21:03.255046Z,376886953,375
2026-03-11T14:31:04.924306Z,376887260,383
2026-03-11T14:41:01.389082Z,376887491,386
2026-03-11T14:51:05.103031Z,376887724,387
2026-03-11T15:01:08.436358Z,376888035,421
2026-03-11T15:11:02.803090Z,376888294,402
2026-03-11T15:21:03.228128Z,376888468,425
2026-03-11T15:31:03.187457Z,376888629,440
2026-03-11T15:41:01.825769Z,376888789,464
2026-03-11T15:51:03.493011Z,376888956,461
2026-03-11T16:01:04.129784Z,376889152,467
2026-03-11T16:11:05.597759Z,376889321,469
2026-03-11T16:21:06.069244Z,376889492,471
2026-03-11T16:31:11.216426Z,376889681,486
2026-03-11T16:41:07.184297Z,376889832,516
2026-03-11T16:51:13.112931Z,376889981,500
2026-03-11T17:01:13.359812Z,376890155,513
2026-03-11T17:11:05.124563Z,376890296,492
2026-03-11T17:21:07.133115Z,376890501,515
2026-03-11T17:31:09.186590Z,376890663,516
2026-03-11T17:41:06.545641Z,376890827,527
2026-03-11T17:51:06.972365Z,376890990,490
2026-03-11T18:01:13.820470Z,376891173,477
2026-03-11T18:11:09.684418Z,376891338,467
2026-03-11T18:21:09.878531Z,376891545,467
2026-03-11T18:31:14.240617Z,376891709,481
2026-03-11T18:41:08.922994Z,376891869,483
2026-03-11T18:51:07.309468Z,376892068,484
2026-03-11T19:01:17.589926Z,376892264,501
2026-03-11T19:11:08.647471Z,376892442,476
2026-03-11T19:21:07.434596Z,376892643,480
2026-03-11T19:31:13.842876Z,376892814,472
2026-03-11T19:41:08.794073Z,376893008,480
2026-03-11T19:51:05.727793Z,376893239,487
2026-03-11T20:01:09.128099Z,376893500,529
2026-03-11T20:11:06.638638Z,376893758,533
2026-03-11T20:21:08.805605Z,376893976,527
2026-03-11T20:31:16.503186Z,376894203,545
2026-03-11T20:41:06.747807Z,376894404,560
2026-03-11T20:51:06.719478Z,376894618,549
2026-03-11T21:01:12.356955Z,376894868,555
2026-03-11T21:11:06.243962Z,376895077,565
2026-03-11T21:21:08.361429Z,376895297,563
2026-03-11T21:31:03.626845Z,376895586,591
2026-03-11T21:41:04.892672Z,376895805,571
2026-03-11T21:51:04.766083Z,376896078,582
2026-03-11T22:01:10.300923Z,376896403,598
2026-03-11T22:11:04.316197Z,376896661,583
2026-03-11T22:21:04.391958Z,376896892,608
2026-03-11T22:31:07.775856Z,376897161,634
2026-03-11T22:41:04.225442Z,376897389,613
2026-03-11T22:50:59.919591Z,376897638,599
2026-03-11T23:01:06.905250Z,376897881,580
2026-03-11T23:11:01.614971Z,376898123,595
2026-03-11T23:21:03.265909Z,376898351,620
2026-03-11T23:31:02.272689Z,376898547,620
2026-03-11T23:41:02.127244Z,376898818,623
2026-03-11T23:51:03.445564Z,376899041,597
2026-03-12T00:01:04.504601Z,376899322,649
2026-03-12T00:11:04.096055Z,376899549,626
2026-03-12T00:21:01.566454Z,376899786,635
2026-03-12T00:31:04.431924Z,376900019,634
2026-03-12T00:41:00.509602Z,376900206,632
2026-03-12T00:51:00.020635Z,376900402,593
2026-03-12T01:00:59.050117Z,376900628,591
2026-03-12T01:10:59.867894Z,376900829,596
2026-03-12T01:20:59.105676Z,376901040,611
2026-03-12T01:30:59.422999Z,376901220,592
2026-03-12T01:41:00.444188Z,376901433,571
2026-03-12T01:51:03.097333Z,376901651,568
2026-03-12T02:01:02.008612Z,376901867,566
2026-03-12T02:10:59.814995Z,376902068,574
2026-03-12T02:21:02.972575Z,376902309,575
2026-03-12T02:31:00.663900Z,376902596,591
2026-03-12T02:40:59.922507Z,376902796,593
2026-03-12T02:50:59.351563Z,376902995,611
2026-03-12T03:01:01.872991Z,376903232,663
2026-03-12T03:11:01.372423Z,376903507,681
2026-03-12T03:20:58.082461Z,376903688,664
2026-03-12T03:31:00.798986Z,376903892,643
2026-03-12T03:40:59.102457Z,376904076,657
2026-03-12T03:51:00.412703Z,376904254,631
2026-03-12T04:01:04.195996Z,376904455,594
2026-03-12T04:11:01.144224Z,376904635,598
2026-03-12T04:21:13.318043Z,376904788,566
2026-03-12T04:31:03.609871Z,376905045,601
2026-03-12T04:41:01.470310Z,376905236,611
2026-03-12T04:51:04.506358Z,376905406,601
2026-03-12T05:01:00.387083Z,376905566,593
2026-03-12T05:21:01.677476Z,376905971,556
2026-03-12T05:31:05.041185Z,376906185,578
2026-03-12T05:41:04.083977Z,376906413,566
2026-03-12T05:51:04.103766Z,376906563,545
2026-03-12T06:01:04.111293Z,376906671,542
2026-03-12T06:11:03.144791Z,376906799,537
2026-03-12T06:21:00.171134Z,376906902,516
2026-03-12T06:31:04.454764Z,376907054,531
2026-03-12T06:41:02.996198Z,376907186,522
2026-03-12T06:51:02.788406Z,376907311,507
2026-03-12T07:01:06.629713Z,376907420,498
2026-03-12T07:11:01.878732Z,376907535,485
2026-03-12T07:21:03.668537Z,376907658,487
2026-03-12T07:31:04.692899Z,376907801,480
2026-03-12T07:41:02.600310Z,376907935,467
2026-03-12T07:51:01.423141Z,376908045,446
2026-03-12T08:01:01.589214Z,376908124,416
2026-03-12T08:11:02.004345Z,376908213,407
2026-03-12T08:20:59.981494Z,376908279,392
2026-03-12T08:30:57.597487Z,376908360,393
2026-03-12T08:40:57.212428Z,376908437,396
2026-03-12T08:50:57.413169Z,376908516,388
2026-03-12T09:00:57.833350Z,376908616,388
2026-03-12T09:10:57.775773Z,376908699,396
2026-03-12T09:20:57.303661Z,376908790,397
2026-03-12T09:30:56.589719Z,376908857,402
2026-03-12T09:40:57.176685Z,376908917,392
2026-03-12T09:50:57.219228Z,376908992,371
2026-03-12T10:00:59.305374Z,376909086,390
2026-03-12T10:11:04.441493Z,376909185,390
2026-03-12T10:20:56.757061Z,376909263,390
2026-03-12T10:30:56.953411Z,376909351,395
2026-03-12T10:40:58.689672Z,376909438,355
2026-03-12T10:50:59.729381Z,376909537,333
2026-03-12T11:00:58.162528Z,376909620,343
2026-03-12T11:10:57.127372Z,376909723,361
2026-03-12T11:20:57.659921Z,376909786,367
2026-03-12T11:30:58.297834Z,376909872,370
2026-03-12T11:40:58.598406Z,376909964,366
2026-03-12T11:50:57.579611Z,376910054,370
2026-03-12T12:00:59.226936Z,376910161,400
2026-03-12T12:10:56.884470Z,376910242,386
2026-03-12T12:21:03.531130Z,376910318,365
2026-03-12T12:30:58.951691Z,376910393,370
2026-03-12T12:40:56.264728Z,376910441,386
2026-03-12T12:50:56.421367Z,376910533,390
2026-03-12T13:00:59.012195Z,376910614,394
2026-03-12T13:10:58.485173Z,376910726,410
2026-03-12T13:20:57.533808Z,376910840,417
2026-03-12T13:30:59.548111Z,376910945,415
2026-03-12T13:40:59.519528Z,376911047,423
2026-03-12T13:50:56.105660Z,376911161,436
2026-03-12T14:00:58.760444Z,376911310,441
2026-03-12T14:11:00.416518Z,376911423,452
2026-03-12T14:21:02.264677Z,376911533,453
2026-03-12T14:30:59.710273Z,376911645,440
2026-03-12T14:41:01.423691Z,376911743,455
2026-03-12T14:51:02.230321Z,376911876,421
2026-03-12T15:00:59.488736Z,376911993,411
2026-03-12T15:10:57.793030Z,376912102,416
2026-03-12T15:20:57.667199Z,376912247,438
2026-03-12T15:31:02.961077Z,376912354,440
2026-03-12T15:40:57.857213Z,376912488,438
2026-03-12T15:50:59.080336Z,376912629,455
2026-03-12T16:00:58.407860Z,376912766,461
2026-03-12T16:11:00.041696Z,376912945,491
2026-03-12T16:21:01.829909Z,376913120,509
2026-03-12T16:30:58.921084Z,376913249,521
2026-03-12T16:40:58.853623Z,376913436,554
2026-03-12T16:50:58.522053Z,376913591,569
2026-03-12T17:01:10.045409Z,376913773,551
2026-03-12T17:11:07.969441Z,376913990,554
2026-03-12T17:21:03.822382Z,376914236,570
2026-03-12T17:31:08.874019Z,376914486,590
2026-03-12T17:41:07.312323Z,376914761,585
2026-03-12T17:51:04.942046Z,376915013,633
2026-03-12T18:01:13.335306Z,376915227,629
2026-03-12T18:11:06.962887Z,376915446,639
2026-03-12T18:21:04.886612Z,376915622,658
2026-03-12T18:31:08.081858Z,376915829,658
2026-03-12T18:41:02.888919Z,376916069,636
2026-03-12T18:51:04.735997Z,376916327,654
2026-03-12T19:01:13.451991Z,376916575,636
2026-03-12T19:11:05.984400Z,376916816,627
2026-03-12T19:21:04.536728Z,376917046,647
2026-03-12T19:31:07.611154Z,376917283,640
2026-03-12T19:41:06.498708Z,376917516,653
2026-03-12T19:51:03.697475Z,376917732,662
2026-03-12T20:01:09.382309Z,376917940,670
2026-03-12T20:11:07.034683Z,376918190,669
2026-03-12T20:21:04.515021Z,376918418,663
2026-03-12T20:31:05.755720Z,376918684,655
2026-03-12T20:41:03.668821Z,376918898,654
2026-03-12T20:51:04.437760Z,376919147,663
2026-03-12T21:01:10.399789Z,376919363,656
2026-03-12T21:11:03.570929Z,376919595,645
2026-03-12T21:21:04.654373Z,376919845,622
2026-03-12T21:31:03.810399Z,376920075,634
2026-03-12T21:41:04.551103Z,376920368,623
2026-03-12T21:51:05.117908Z,376920612,630
2026-03-12T22:01:03.810543Z,376920902,649
2026-03-12T22:11:08.249217Z,376921136,649
2026-03-12T22:21:02.703810Z,376921339,653
2026-03-12T22:31:03.357631Z,376921585,642
2026-03-12T22:41:03.296287Z,376921882,671
2026-03-12T22:51:02.927760Z,376922102,670
2026-03-12T23:01:03.642854Z,376922324,648
2026-03-12T23:11:03.697764Z,376922574,688
2026-03-12T23:21:03.598587Z,376922800,667
2026-03-12T23:31:02.898257Z,376923026,677
2026-03-12T23:41:01.472518Z,376923230,672
2026-03-12T23:51:02.457437Z,376923448,688
2026-03-13T00:01:06.785368Z,376923659,686
2026-03-13T00:11:03.296401Z,376923896,717
2026-03-13T00:21:03.169660Z,376924136,720
2026-03-13T00:31:04.735435Z,376924418,732
2026-03-13T00:41:04.624306Z,376924716,782
2026-03-13T00:51:03.423104Z,376925007,788
2026-03-13T01:01:04.255505Z,376925262,804
2026-03-13T01:11:02.387556Z,376925491,797
2026-03-13T01:20:35.564592Z,376925711,787
2026-03-13T01:30:37.757214Z,376925947,776
2026-03-13T01:40:36.936450Z,376926165,783
2026-03-13T01:50:38.326646Z,376926431,755
2026-03-13T02:00:38.509079Z,376926695,730
2026-03-13T02:10:38.521058Z,376926945,734
2026-03-13T02:20:37.807548Z,376927268,747
2026-03-13T02:30:36.806234Z,376927560,770
2026-03-13T02:40:38.821899Z,376927821,773
2026-03-13T02:50:36.661947Z,376928056,768
2026-03-13T03:00:40.537154Z,376928270,767
2026-03-13T03:10:39.255840Z,376928494,706
2026-03-13T03:20:37.370815Z,376928735,696
2026-03-13T03:30:43.944815Z,376928964,703
2026-03-13T03:40:41.010456Z,376929229,722
2026-03-13T03:50:35.564920Z,376929436,723
2026-03-13T04:00:40.226693Z,376929625,730
2026-03-13T04:10:39.093559Z,376929827,726
2026-03-13T04:20:39.191916Z,376930068,723
2026-03-13T04:30:36.902094Z,376930268,686
2026-03-13T04:40:38.735554Z,376930488,691
2026-03-13T04:50:37.548236Z,376930684,675
2026-03-13T05:00:40.433543Z,376930889,681
2026-03-13T05:10:37.461671Z,376931068,687
2026-03-13T05:20:39.347662Z,376931246,669
2026-03-13T05:30:40.877905Z,376931429,669
2026-03-13T05:40:38.494024Z,376931625,662
2026-03-13T05:50:36.100961Z,376931785,662
2026-03-13T06:00:48.440116Z,376932003,674
2026-03-13T06:10:38.234413Z,376932217,709
2026-03-13T06:20:39.343488Z,376932419,676
2026-03-13T06:30:36.819196Z,376932587,641
2026-03-13T06:40:40.109415Z,376932775,645
2026-03-13T06:50:42.196496Z,376932918,633
2026-03-13T07:00:45.218743Z,376933077,610
2026-03-13T07:10:36.747130Z,376933264,591
2026-03-13T07:20:39.151683Z,376933415,526
2026-03-13T07:30:38.327681Z,376933558,519
2026-03-13T07:40:39.626606Z,376933692,508
2026-03-13T07:50:39.736743Z,376933835,510
2026-03-13T08:00:41.122285Z,376933939,485
2026-03-13T08:10:38.535669Z,376934046,441
2026-03-13T08:20:37.006016Z,376934145,428
2026-03-13T08:30:35.916881Z,376934249,409
2026-03-13T08:40:36.109170Z,376934357,407
2026-03-13T08:50:37.923393Z,376934469,434
2026-03-13T09:00:39.184169Z,376934561,441
2026-03-13T09:10:39.980360Z,376934650,427
2026-03-13T09:20:38.154228Z,376934758,426
2026-03-13T09:30:35.123825Z,376934864,416
2026-03-13T09:40:38.367242Z,376934976,426
2026-03-13T09:50:35.890967Z,376935044,424
2026-03-13T10:00:35.154558Z,376935130,430
2026-03-13T10:10:37.048691Z,376935218,432
2026-03-13T10:20:36.298860Z,376935308,433
2026-03-13T10:30:44.558101Z,376935392,414
2026-03-13T10:40:35.497158Z,376935465,414
2026-03-13T10:50:36.212439Z,376935531,398
2026-03-13T11:00:36.921324Z,376935600,402
2026-03-13T11:10:36.561663Z,376935655,381
2026-03-13T11:20:36.941959Z,376935728,373
2026-03-13T11:30:36.753641Z,376935812,379
2026-03-13T11:40:35.473998Z,376935902,385
2026-03-13T11:50:35.966401Z,376935989,401
2026-03-13T12:00:37.675817Z,376936062,389
2026-03-13T12:10:35.377897Z,376936150,400
2026-03-13T12:20:36.037686Z,376936220,403
2026-03-13T12:30:37.884056Z,376936306,416
2026-03-13T12:40:35.513717Z,376936435,420
2026-03-13T12:50:37.574539Z,376936536,368
2026-03-13T13:00:39.554208Z,376936631,383
2026-03-13T13:10:36.823514Z,376936756,390
2026-03-13T13:20:36.710479Z,376936890,381
2026-03-13T13:30:37.543346Z,376937008,404
2026-03-13T13:40:35.944489Z,376937138,426
2026-03-13T13:50:36.548581Z,376937253,426
2026-03-13T14:00:37.549902Z,376937387,436
2026-03-13T14:10:36.167175Z,376937505,443
2026-03-13T14:20:38.642191Z,376937690,453
2026-03-13T14:30:36.717995Z,376937843,441
2026-03-13T14:40:40.784204Z,376938020,485
2026-03-13T14:50:37.386340Z,376938188,490
2026-03-13T15:10:35.869947Z,376938487,467
2026-03-13T15:20:38.453069Z,376938653,483
2026-03-13T15:30:36.833199Z,376938802,466
2026-03-13T15:40:35.555086Z,376938950,458
2026-03-13T15:50:36.515283Z,376939046,475
2026-03-13T16:00:39.564471Z,376939174,463
2026-03-13T16:10:36.707350Z,376939328,392
2026-03-13T16:20:37.145749Z,376939546,450
2026-03-13T16:30:35.391185Z,376939713,458
2026-03-13T16:40:37.095926Z,376939932,461
2026-03-13T16:50:36.917977Z,376940208,517
2026-03-13T17:00:35.939481Z,376940477,543
2026-03-13T17:10:37.403258Z,376940754,547
2026-03-13T17:20:37.172677Z,376941016,554
2026-03-13T17:30:38.846469Z,376941262,557
2026-03-13T17:40:36.158222Z,376941527,608
2026-03-13T17:50:36.993265Z,376941788,636
2026-03-13T18:00:43.100995Z,376942013,637
2026-03-13T18:10:40.536100Z,376942281,690
2026-03-13T18:20:39.438145Z,376942514,710
2026-03-13T18:30:41.252359Z,376942765,715
2026-03-13T18:40:38.357416Z,376943011,715
2026-03-13T18:50:41.253164Z,376943296,700
2026-03-13T19:00:44.569539Z,376943531,696
2026-03-13T19:10:42.779763Z,376943827,704
2026-03-13T19:20:42.285233Z,376944109,683
2026-03-13T19:30:42.674638Z,376944373,672
2026-03-13T19:40:40.696254Z,376944640,729
2026-03-13T19:50:38.609320Z,376944901,713
2026-03-13T20:00:43.533689Z,376945193,725
2026-03-13T20:10:41.388180Z,376945509,769
2026-03-13T20:20:41.560134Z,376945822,773
2026-03-13T20:30:43.343510Z,376946073,752
2026-03-13T20:40:43.498836Z,376946342,765
2026-03-13T20:50:42.556600Z,376946582,799
2026-03-13T21:00:41.600974Z,376946889,769
2026-03-13T21:10:42.906849Z,376947183,791
2026-03-13T21:20:41.388137Z,376947426,802
2026-03-13T21:30:40.624976Z,376947702,789
2026-03-13T21:40:38.407379Z,376947923,811
2026-03-13T21:50:40.629290Z,376948161,816
2026-03-13T22:00:43.517392Z,376948400,808
2026-03-13T22:10:39.670056Z,376948682,813
2026-03-13T22:20:40.884359Z,376948954,825
2026-03-13T22:30:40.651754Z,376949228,806
2026-03-13T22:40:39.847219Z,376949512,783
2026-03-13T22:50:38.742315Z,376949790,791
2026-03-13T23:00:41.500748Z,376950016,749
2026-03-13T23:10:39.249300Z,376950314,752
2026-03-13T23:20:43.989461Z,376950614,795
2026-03-13T23:30:39.452229Z,376950859,769
2026-03-13T23:40:40.786015Z,376951110,750
2026-03-13T23:50:40.471355Z,376951364,756
2026-03-14T00:00:41.549423Z,376951647,757
2026-03-14T00:10:40.327749Z,376951914,780
2026-03-14T00:20:38.443249Z,376952188,766
2026-03-14T00:30:41.596221Z,376952442,762
2026-03-14T00:40:40.655457Z,376952675,751
2026-03-14T00:50:40.558729Z,376952988,806
2026-03-14T01:00:41.986791Z,376953293,777
2026-03-14T01:10:39.061760Z,376953595,781
2026-03-14T01:20:39.545208Z,376953848,786
2026-03-14T01:30:39.923238Z,376954097,765
2026-03-14T01:40:40.176473Z,376954360,765
2026-03-14T01:50:39.660310Z,376954603,800
2026-03-14T02:00:38.321505Z,376954831,775
2026-03-14T02:10:52.573167Z,376955095,740
2026-03-14T02:20:51.924602Z,376955359,813
2026-03-14T02:30:57.175466Z,376955640,821
2026-03-14T02:40:51.557903Z,376955880,826
2026-03-14T02:50:50.042608Z,376956136,813
2026-03-14T03:00:53.006514Z,376956419,798
2026-03-14T03:10:52.349388Z,376956620,794
2026-03-14T03:20:50.703954Z,376956818,741
2026-03-14T03:30:52.913420Z,376957105,779
2026-03-14T03:40:53.450438Z,376957317,755
2026-03-14T03:50:53.513142Z,376957575,736
2026-03-14T04:00:51.069125Z,376957797,746
2026-03-14T04:10:52.735991Z,376958034,756
2026-03-14T04:20:50.258908Z,376958291,775
2026-03-14T04:30:55.254740Z,376958538,778
2026-03-14T04:40:52.005388Z,376958782,766
2026-03-14T04:50:51.659306Z,376958979,743
2026-03-14T05:00:51.966462Z,376959204,726
2026-03-14T05:10:50.497909Z,376959406,718
2026-03-14T05:20:53.364035Z,376959557,683
2026-03-14T05:30:53.128798Z,376959741,713
2026-03-14T05:40:50.215863Z,376959942,705
2026-03-14T05:50:51.597612Z,376960133,719
2026-03-14T06:00:54.269115Z,376960318,718
2026-03-14T06:10:54.902955Z,376960491,702
2026-03-14T06:20:53.318642Z,376960709,660
2026-03-14T06:30:51.918535Z,376960902,680
2026-03-14T06:40:52.153483Z,376961087,665
2026-03-14T06:50:52.212333Z,376961281,658
2026-03-14T07:00:53.567861Z,376961465,642
2026-03-14T07:10:52.596307Z,376961637,619
2026-03-14T07:20:52.506105Z,376961779,603
2026-03-14T07:30:54.024340Z,376961909,565
2026-03-14T07:40:52.439903Z,376962046,561
2026-03-14T07:50:53.470620Z,376962196,558
2026-03-14T08:00:53.193529Z,376962384,573
2026-03-14T08:10:53.906532Z,376962534,551
2026-03-14T08:20:52.873749Z,376962650,543
2026-03-14T08:30:52.968408Z,376962783,529
2026-03-14T08:40:52.330272Z,376962910,512
2026-03-14T08:50:52.018759Z,376963068,512
2026-03-14T09:00:50.525938Z,376963210,431
2026-03-14T09:10:53.055542Z,376963381,450
2026-03-14T09:20:53.140738Z,376963539,450
2026-03-14T09:30:52.751870Z,376963682,460
2026-03-14T09:40:52.661773Z,376963842,465
2026-03-14T09:50:52.833314Z,376964000,479
2026-03-14T10:00:52.483012Z,376964196,500
2026-03-14T10:11:02.061576Z,376964328,483
2026-03-14T10:21:04.943148Z,376964481,486
2026-03-14T10:31:11.314487Z,376964646,481
2026-03-14T10:41:06.780269Z,376964830,475
2026-03-14T10:51:05.299863Z,376964966,454
2026-03-14T11:01:16.572931Z,376965110,461
2026-03-14T11:11:03.904676Z,376965253,477
2026-03-14T11:21:08.139465Z,376965409,450
2026-03-14T11:31:15.401706Z,376965545,472
2026-03-14T11:41:04.700495Z,376965679,457
2026-03-14T11:51:08.819627Z,376965852,499
2026-03-14T12:01:26.409760Z,376965966,497
2026-03-14T12:11:08.101910Z,376966088,499
2026-03-14T12:21:08.083492Z,376966203,503
2026-03-14T12:31:15.303825Z,376966373,507
2026-03-14T12:41:06.982391Z,376966525,480
2026-03-14T12:51:10.724092Z,376966677,488
2026-03-14T13:01:21.786883Z,376966860,485
2026-03-14T13:11:04.748600Z,376967069,513
2026-03-14T13:21:07.463271Z,376967248,547
2026-03-14T13:31:09.025504Z,376967425,531
2026-03-14T13:41:08.676954Z,376967610,565
2026-03-14T13:51:08.100480Z,376967800,581
2026-03-14T14:01:26.338400Z,376967955,579
2026-03-14T14:11:04.881367Z,376968131,583
2026-03-14T14:21:06.747660Z,376968301,580
2026-03-14T14:31:15.134006Z,376968533,590
2026-03-14T14:41:02.739962Z,376968680,573
2026-03-14T14:51:06.864982Z,376968887,573
2026-03-14T15:01:12.198853Z,376969081,571
2026-03-14T15:11:06.200541Z,376969305,602
2026-03-14T15:21:02.084837Z,376969505,612
2026-03-14T15:31:14.392131Z,376969746,627
2026-03-14T15:41:04.341232Z,376969980,633
2026-03-14T15:51:01.119532Z,376970200,641
2026-03-14T16:01:07.745810Z,376970417,631
2026-03-14T16:11:03.960944Z,376970636,645
2026-03-14T16:21:08.210564Z,376970835,616
2026-03-14T16:31:03.837065Z,376971023,640
2026-03-14T16:41:02.617017Z,376971277,641
2026-03-14T16:51:02.949729Z,376971531,635
2026-03-14T17:01:10.984859Z,376971770,614
2026-03-14T17:11:01.643499Z,376971989,607
2026-03-14T17:21:00.530129Z,376972218,599
2026-03-14T17:30:59.829674Z,376972466,636
2026-03-14T17:41:05.379648Z,376972697,645
2026-03-14T17:51:01.386428Z,376972966,656
2026-03-14T18:01:03.407346Z,376973211,675
2026-03-14T18:11:00.966841Z,376973420,693
2026-03-14T18:20:54.051439Z,376973717,696
2026-03-14T18:30:53.949824Z,376973981,704
2026-03-14T18:40:51.583850Z,376974335,710
2026-03-14T18:50:54.054910Z,376974665,766
2026-03-14T19:00:53.165273Z,376975073,813
2026-03-14T19:10:53.792036Z,376975404,814
2026-03-14T19:20:54.190306Z,376975737,816
2026-03-14T19:30:54.658932Z,376976121,791
2026-03-14T19:40:55.208000Z,376976566,812
2026-03-14T19:50:53.526676Z,376976988,857
2026-03-14T20:00:55.255285Z,376977319,813
2026-03-14T20:10:53.452877Z,376977629,820
2026-03-14T20:20:54.329563Z,376977982,817
2026-03-14T20:30:56.284732Z,376978315,829
2026-03-14T20:40:55.101148Z,376978599,823
2026-03-14T20:50:53.849311Z,376978943,841
2026-03-14T21:00:56.263649Z,376979315,822
2026-03-14T21:10:53.060139Z,376979635,848
2026-03-14T21:20:53.080252Z,376979966,849
2026-03-14T21:30:55.503512Z,376980316,874
2026-03-14T21:40:53.711581Z,376980613,847
2026-03-14T21:50:53.192762Z,376980913,839
2026-03-14T22:00:53.495067Z,376981267,840
2026-03-14T22:10:54.319225Z,376981620,843
2026-03-14T22:20:53.245226Z,376981990,851
2026-03-14T22:30:54.676375Z,376982310,851
2026-03-14T22:40:53.467636Z,376982641,872
2026-03-14T22:50:54.252360Z,376982916,845
2026-03-14T23:00:54.969624Z,376983214,872
2026-03-14T23:10:53.013999Z,376983486,894
2026-03-14T23:20:52.424828Z,376983791,913
2026-03-14T23:30:52.591580Z,376984090,886
2026-03-14T23:40:53.588666Z,376984441,872
2026-03-14T23:50:54.838064Z,376984760,861
2026-03-15T00:00:52.652017Z,376985157,860
2026-03-15T00:10:52.577708Z,376985478,888
2026-03-15T00:20:52.487156Z,376985877,919
2026-03-15T00:30:52.416642Z,376986306,898
2026-03-15T00:40:53.706227Z,376986624,858
2026-03-15T00:50:53.291703Z,376986958,850
2026-03-15T01:00:53.354688Z,376987260,818
2026-03-15T01:10:55.698445Z,376987597,835
2026-03-15T01:20:52.868376Z,376987875,778
2026-03-15T01:30:52.556673Z,376988251,817
2026-03-15T01:40:52.744180Z,376988578,787
2026-03-15T01:50:52.312665Z,376988923,750
2026-03-15T02:00:53.420524Z,376989261,744
2026-03-15T02:10:52.155384Z,376989551,731
2026-03-15T02:21:04.733992Z,376989888,743
2026-03-15T02:31:08.605013Z,376990207,778
2026-03-15T02:41:06.913865Z,376990498,785
2026-03-15T02:51:03.500100Z,376990823,770
2026-03-15T03:01:15.996713Z,376991121,789
2026-03-15T03:11:03.807038Z,376991319,780
2026-03-15T03:21:05.894736Z,376991601,774
2026-03-15T03:31:09.703637Z,376991886,740
2026-03-15T03:41:07.253283Z,376992160,761
2026-03-15T03:51:06.396922Z,376992361,752
2026-03-15T04:01:18.403829Z,376992682,716
2026-03-15T04:11:05.369359Z,376992919,725
2026-03-15T04:21:07.849231Z,376993142,727
2026-03-15T04:31:13.902401Z,376993382,708
2026-03-15T04:41:07.569757Z,376993603,732
2026-03-15T04:51:05.500964Z,376993874,753
2026-03-15T05:01:16.410778Z,376994107,750
2026-03-15T05:11:08.535495Z,376994322,722
2026-03-15T05:21:05.888526Z,376994516,691
2026-03-15T05:31:11.095783Z,376994712,704
2026-03-15T05:41:05.756208Z,376994903,683
2026-03-15T05:51:08.642550Z,376995146,697
2026-03-15T06:01:19.067502Z,376995356,680
2026-03-15T06:11:06.228669Z,376995603,700
2026-03-15T06:21:06.843696Z,376995813,677
2026-03-15T06:31:10.640453Z,376995986,660
2026-03-15T06:41:09.256736Z,376996169,663
2026-03-15T06:51:07.555166Z,376996384,641
2026-03-15T07:01:17.955758Z,376996561,650
2026-03-15T07:11:06.085067Z,376996749,637
2026-03-15T07:21:08.201009Z,376996960,646
2026-03-15T07:31:12.396364Z,376997185,655
2026-03-15T07:41:05.732189Z,376997341,638
2026-03-15T07:51:05.214444Z,376997501,646
2026-03-15T08:01:13.469915Z,376997662,607
2026-03-15T08:11:06.251765Z,376997845,597
2026-03-15T08:21:02.758917Z,376998026,598
2026-03-15T08:31:07.913054Z,376998193,624
2026-03-15T08:41:05.230695Z,376998368,592
2026-03-15T08:51:04.232887Z,376998504,560
2026-03-15T09:01:06.220252Z,376998633,548
2026-03-15T09:11:05.414772Z,376998805,570
2026-03-15T09:21:03.941545Z,376998952,583
2026-03-15T09:31:07.013451Z,376999085,578
2026-03-15T09:41:06.263856Z,376999242,576
2026-03-15T09:51:02.373965Z,376999337,535
2026-03-15T10:01:07.200895Z,376999457,517
2026-03-15T10:11:03.938425Z,376999587,528
2026-03-15T10:20:50.347200Z,376999725,553
2026-03-15T10:30:50.417366Z,376999862,575
2026-03-15T10:40:49.889652Z,376999971,571
2026-03-15T10:51:02.595947Z,377000098,552
2026-03-15T11:00:47.927346Z,377000218,530
2026-03-15T11:10:49.681047Z,377000362,529
2026-03-15T11:20:50.119278Z,377000549,526
2026-03-15T11:30:49.675447Z,377000721,506
2026-03-15T11:40:49.506178Z,377000861,497
2026-03-15T11:50:52.137484Z,377001036,498
2026-03-15T12:00:50.670652Z,377001228,485
2026-03-15T12:10:49.134922Z,377001380,500
2026-03-15T12:20:49.452760Z,377001561,523
2026-03-15T12:30:50.222263Z,377001721,524
2026-03-15T12:40:51.322885Z,377001827,515
2026-03-15T12:50:50.073288Z,377001980,532
2026-03-15T13:00:50.720942Z,377002119,528
2026-03-15T13:10:50.888416Z,377002246,550
2026-03-15T13:20:49.386047Z,377002411,593
2026-03-15T13:30:51.284037Z,377002624,603
2026-03-15T13:40:49.021303Z,377002780,618
2026-03-15T13:50:51.118706Z,377002959,614
2026-03-15T14:00:49.776294Z,377003122,622
2026-03-15T14:10:50.057388Z,377003326,621
2026-03-15T14:20:51.309661Z,377003537,628
2026-03-15T14:30:52.161121Z,377003706,601
2026-03-15T14:40:48.538525Z,377003916,575
2026-03-15T14:50:50.613385Z,377004061,572
2026-03-15T15:00:50.609529Z,377004268,598
2026-03-15T15:10:52.587696Z,377004479,635
2026-03-15T15:20:48.210440Z,377004679,639
2026-03-15T15:30:50.910317Z,377004844,642
2026-03-15T15:40:51.224739Z,377004985,642
2026-03-15T15:50:50.674308Z,377005190,669
2026-03-15T16:00:49.880020Z,377005383,672
2026-03-15T16:10:50.683881Z,377005601,696
2026-03-15T16:20:50.243150Z,377005802,698
2026-03-15T16:30:50.714700Z,377006054,701
2026-03-15T16:40:51.284250Z,377006314,740
2026-03-15T16:50:51.641213Z,377006552,734
2026-03-15T17:00:52.650329Z,377006784,700
2026-03-15T17:10:50.424715Z,377007012,673
2026-03-15T17:20:49.574912Z,377007285,719
2026-03-15T17:30:49.817129Z,377007524,754
2026-03-15T17:40:48.551437Z,377007851,776
2026-03-15T17:50:49.605012Z,377008129,784
2026-03-15T18:00:49.984683Z,377008409,815
2026-03-15T18:10:49.888605Z,377008676,841
2026-03-15T18:20:50.882881Z,377008973,857
2026-03-15T18:30:49.543211Z,377009234,844
2026-03-15T18:41:00.912536Z,377009580,879
2026-03-15T18:51:06.294469Z,377009935,872
2026-03-15T19:01:05.682168Z,377010289,906
2026-03-15T19:11:06.046873Z,377010662,864
2026-03-15T19:21:04.756671Z,377010942,848
2026-03-15T19:31:06.341575Z,377011259,825
2026-03-15T19:41:02.767178Z,377011515,823
2026-03-15T19:51:06.753467Z,377011847,848
2026-03-15T20:01:15.109943Z,377012185,870
2026-03-15T20:11:03.076174Z,377012536,873
2026-03-15T20:21:08.881302Z,377012896,874
2026-03-15T20:31:08.068864Z,377013220,879
2026-03-15T20:41:06.326257Z,377013546,892
2026-03-15T20:51:04.352455Z,377014040,940
2026-03-15T21:01:11.094106Z,377014434,916
2026-03-15T21:11:05.775348Z,377014806,955
2026-03-15T21:21:02.929339Z,377015136,911
2026-03-15T21:31:03.720241Z,377015492,925
2026-03-15T21:41:02.985076Z,377015954,951
2026-03-15T21:51:03.400344Z,377016257,953
2026-03-15T22:01:05.881110Z,377016564,931
2026-03-15T22:11:03.691346Z,377016932,977
2026-03-15T22:21:07.246977Z,377017282,1012
2026-03-15T22:31:06.294459Z,377017628,1009
2026-03-15T22:41:03.490701Z,377017990,968
2026-03-15T22:51:02.957327Z,377018301,934
2026-03-15T23:01:08.050443Z,377018631,947
2026-03-15T23:11:03.277143Z,377018929,913
2026-03-15T23:21:01.478631Z,377019258,889
2026-03-15T23:31:05.763168Z,377019556,902
2026-03-15T23:41:01.908484Z,377019930,911
2026-03-15T23:51:01.823518Z,377020294,945
2026-03-16T00:01:05.783362Z,377020676,931
2026-03-16T00:11:02.308670Z,377020985,914
2026-03-16T00:21:02.128769Z,377021371,885
2026-03-16T00:31:03.805090Z,377021709,906
2026-03-16T00:41:02.681823Z,377022011,925
2026-03-16T00:51:02.062073Z,377022314,879
2026-03-16T01:01:02.626905Z,377022623,901
2026-03-16T01:11:03.653444Z,377022875,854
2026-03-16T01:21:00.554616Z,377023156,817
2026-03-16T01:31:02.250206Z,377023447,845
2026-03-16T01:41:02.899463Z,377023676,822
2026-03-16T01:51:06.826836Z,377023954,814
2026-03-16T02:01:06.410094Z,377024221,729
2026-03-16T02:11:00.545461Z,377024518,734
2026-03-16T02:21:02.908578Z,377024755,765
2026-03-16T02:31:00.384829Z,377024988,792
2026-03-16T02:41:01.549160Z,377025292,818
2026-03-16T02:51:01.366698Z,377025535,833
2026-03-16T03:01:02.126082Z,377025758,836
2026-03-16T03:11:02.388717Z,377026079,825
2026-03-16T03:21:00.878890Z,377026373,825
2026-03-16T03:31:01.863856Z,377026638,799
2026-03-16T03:40:59.097272Z,377026853,749
2026-03-16T03:51:01.528981Z,377027069,705
2026-03-16T04:01:04.938371Z,377027291,727
2026-03-16T04:10:58.240536Z,377027504,730
2026-03-16T04:21:00.511633Z,377027709,741
2026-03-16T04:31:03.864818Z,377027891,733
2026-03-16T04:41:02.614715Z,377028091,724
2026-03-16T04:50:59.544882Z,377028263,729
2026-03-16T05:01:04.011901Z,377028461,724
2026-03-16T05:11:02.200189Z,377028674,740
2026-03-16T05:21:01.276631Z,377028856,719
2026-03-16T05:31:00.175340Z,377029051,685
2026-03-16T05:40:59.943559Z,377029237,728
2026-03-16T05:50:58.796883Z,377029414,743
2026-03-16T06:01:01.927681Z,377029569,753
2026-03-16T06:11:00.437821Z,377029691,729
2026-03-16T06:20:58.142525Z,377029864,707
2026-03-16T06:30:59.882708Z,377029968,704
2026-03-16T06:40:58.454534Z,377030067,697
2026-03-16T06:51:03.647800Z,377030177,682
2026-03-16T07:01:07.234422Z,377030322,687
2026-03-16T07:11:00.691922Z,377030464,699
2026-03-16T07:21:01.109629Z,377030591,672
2026-03-16T07:31:02.948598Z,377030716,673
2026-03-16T07:40:59.294361Z,377030859,677
2026-03-16T07:50:59.976196Z,377031011,662
2026-03-16T08:01:01.890279Z,377031117,659
2026-03-16T08:11:01.164388Z,377031256,664
2026-03-16T08:21:02.524259Z,377031376,628
2026-03-16T08:30:59.836844Z,377031487,637
2026-03-16T08:41:00.723292Z,377031631,600
2026-03-16T08:50:58.733370Z,377031707,615
2026-03-16T09:01:02.156542Z,377031794,592
2026-03-16T09:11:00.407882Z,377031984,595
2026-03-16T09:21:01.258085Z,377032103,565
2026-03-16T09:30:58.990103Z,377032199,545
2026-03-16T09:40:58.628527Z,377032281,553
2026-03-16T09:51:00.211163Z,377032401,559
2026-03-16T10:01:00.046612Z,377032494,541
2026-03-16T10:10:59.671836Z,377032571,508
2026-03-16T10:20:58.633344Z,377032679,516
2026-03-16T10:31:05.019189Z,377032827,531
2026-03-16T10:40:59.808468Z,377032909,518
2026-03-16T10:51:03.062220Z,377032995,525
2026-03-16T11:01:01.079401Z,377033126,547
2026-03-16T11:11:00.687978Z,377033251,540
2026-03-16T11:21:00.397239Z,377033340,563
2026-03-16T11:30:00Z,NaN,NaN
2026-03-16T11:40:00Z,NaN,NaN
2026-03-16T11:50:00Z,NaN,NaN
2026-03-16T12:00:00Z,NaN,NaN
2026-03-16T12:10:00Z,NaN,NaN
2026-03-16T12:20:00Z,NaN,NaN
2026-03-16T12:30:00Z,NaN,NaN
2026-03-16T12:40:00Z,NaN,NaN
2026-03-16T12:50:00Z,NaN,NaN
2026-03-16T13:00:00Z,NaN,NaN
2026-03-16T13:10:00Z,NaN,NaN
2026-03-16T13:20:00Z,NaN,NaN
2026-03-16T13:30:00Z,NaN,NaN
2026-03-16T13:40:00Z,NaN,NaN
2026-03-16T13:50:00Z,NaN,NaN
2026-03-16T14:00:00Z,NaN,NaN
2026-03-16T14:10:00Z,NaN,NaN
2026-03-16T14:20:00Z,NaN,NaN
2026-03-16T14:30:00Z,NaN,NaN
2026-03-16T14:40:00Z,NaN,NaN
2026-03-16T14:50:00Z,NaN,NaN
2026-03-16T15:00:00Z,NaN,NaN
2026-03-16T15:10:00Z,NaN,NaN
2026-03-16T15:20:00Z,NaN,NaN
2026-03-16T15:30:00Z,NaN,NaN
2026-03-16T15:40:00Z,NaN,NaN
2026-03-16T15:50:00Z,NaN,NaN
2026-03-16T16:00:00Z,NaN,NaN
2026-03-16T16:10:00Z,NaN,NaN
2026-03-16T16:20:00Z,NaN,NaN
2026-03-16T16:30:00Z,NaN,NaN
2026-03-16T16:40:00Z,NaN,NaN
2026-03-16T16:50:00Z,NaN,NaN
2026-03-16T17:00:00Z,NaN,NaN
2026-03-16T17:10:00Z,NaN,NaN
2026-03-16T17:20:00Z,NaN,NaN
2026-03-16T17:30:00Z,NaN,NaN
2026-03-16T17:40:00Z,NaN,NaN
2026-03-16T17:50:00Z,NaN,NaN
2026-03-16T18:00:00Z,NaN,NaN
2026-03-16T18:10:00Z,NaN,NaN
2026-03-16T18:20:00Z,NaN,NaN
2026-03-16T18:30:00Z,NaN,NaN
2026-03-16T18:40:00Z,NaN,NaN
2026-03-16T18:50:00Z,NaN,NaN
2026-03-16T19:00:00Z,NaN,NaN
2026-03-16T19:10:00Z,NaN,NaN
2026-03-16T19:20:00Z,NaN,NaN
2026-03-16T19:30:00Z,NaN,NaN
2026-03-16T19:40:00Z,NaN,NaN
2026-03-16T19:50:00Z,NaN,NaN
2026-03-16T20:00:00Z,NaN,NaN
2026-03-16T20:11:15.111034Z,377044255,874
2026-03-16T20:21:11.797733Z,377044547,852
2026-03-16T20:31:16.237198Z,377044936,881
2026-03-16T20:41:08.957718Z,377045280,884
2026-03-16T20:51:12.524187Z,377045576,848
2026-03-16T21:01:22.371765Z,377045887,874
2026-03-16T21:11:12.955093Z,377046196,853
2026-03-16T21:21:14.086393Z,377046555,845
2026-03-16T21:31:15.396782Z,377046879,829
2026-03-16T21:41:11.491543Z,377047167,832
2026-03-16T21:51:07.623113Z,377047451,810
2026-03-16T22:01:16.928434Z,377047725,825
2026-03-16T22:11:12.165629Z,377047973,817
2026-03-16T22:21:16.115872Z,377048300,790
2026-03-16T22:31:13.555286Z,377048628,784
2026-03-16T22:41:05.274052Z,377048894,814
2026-03-16T22:51:08.323948Z,377049231,809
2026-03-16T23:01:13.464183Z,377049485,833
2026-03-16T23:11:08.563110Z,377049752,811
2026-03-16T23:21:08.719293Z,377050005,809
2026-03-16T23:31:09.490115Z,377050217,815
2026-03-16T23:41:04.593155Z,377050507,822
2026-03-16T23:51:07.885280Z,377050772,826
2026-03-17T00:01:17.567014Z,377051001,837
2026-03-17T00:11:07.448627Z,377051201,818
2026-03-17T00:21:06.316737Z,377051439,843
2026-03-17T00:31:08.616983Z,377051695,849
2026-03-17T00:41:04.841261Z,377051992,815
2026-03-17T00:51:07.306919Z,377052300,806
2026-03-17T01:01:06.961965Z,377052601,813
2026-03-17T01:11:10.100722Z,377052848,781
2026-03-17T01:21:08.508439Z,377053052,755
2026-03-17T01:31:08.474558Z,377053284,741
2026-03-17T01:41:03.131188Z,377053512,729
2026-03-17T01:51:05.775761Z,377053773,725
2026-03-17T02:01:09.670195Z,377053995,693
2026-03-17T02:11:03.803396Z,377054225,680
2026-03-17T02:21:06.786637Z,377054502,702
2026-03-17T02:31:07.298022Z,377054754,710
2026-03-17T02:41:05.462858Z,377055023,719
2026-03-17T02:51:03.259892Z,377055269,681
2026-03-17T03:01:04.999135Z,377055501,646
2026-03-17T03:11:06.094323Z,377055748,643
2026-03-17T03:21:04.943726Z,377056002,648
2026-03-17T03:31:06.727282Z,377056236,601
2026-03-17T03:41:05.257013Z,377056469,609
2026-03-17T03:51:05.663153Z,377056694,621
2026-03-17T04:01:04.548631Z,377056945,616
2026-03-17T04:11:08.225951Z,377057219,605
2026-03-17T04:21:05.916423Z,377057387,617
2026-03-17T04:31:06.855440Z,377057602,620
2026-03-17T04:41:02.527264Z,377057780,609
2026-03-17T04:51:05.342452Z,377057956,638
2026-03-17T05:01:12.364985Z,377058189,631
2026-03-17T05:11:06.099396Z,377058393,632
2026-03-17T05:21:03.021463Z,377058548,610
2026-03-17T05:31:08.484717Z,377058763,604
2026-03-17T05:41:07.473686Z,377058930,615
2026-03-17T05:51:06.954293Z,377059095,581
2026-03-17T06:01:15.587234Z,377059267,568
2026-03-17T06:11:06.875202Z,377059419,553
2026-03-17T06:21:06.428216Z,377059562,567
2026-03-17T06:31:08.851143Z,377059742,558
2026-03-17T06:41:05.702296Z,377059897,545
2026-03-17T06:51:07.386263Z,377060056,535
2026-03-17T07:01:07.946082Z,377060161,512
2026-03-17T07:11:04.960223Z,377060303,515
2026-03-17T07:21:06.940342Z,377060417,515
2026-03-17T07:31:05.302764Z,377060543,511
2026-03-17T07:41:04.640612Z,377060649,492
2026-03-17T07:51:06.906302Z,377060760,475
2026-03-17T08:01:07.336280Z,377060858,476
2026-03-17T08:11:05.353038Z,377060957,481
2026-03-17T08:21:07.459993Z,377061050,470
2026-03-17T08:31:09.147825Z,377061118,470
2026-03-17T08:41:05.527768Z,377061212,458
2026-03-17T08:51:06.270924Z,377061306,443
2026-03-17T09:01:06.508646Z,377061418,451
2026-03-17T09:11:02.910360Z,377061531,449
2026-03-17T09:21:09.584996Z,377061614,455
2026-03-17T09:31:07.127206Z,377061697,449
2026-03-17T09:41:04.417623Z,377061754,432
2026-03-17T09:51:03.704212Z,377061819,429
2026-03-17T10:01:07.090823Z,377061887,407
2026-03-17T10:11:04.546347Z,377061948,379
2026-03-17T10:21:03.858948Z,377062011,377
2026-03-17T10:31:03.244911Z,377062092,391
2026-03-17T10:41:03.381804Z,377062181,383
2026-03-17T10:51:06.066233Z,377062277,370
2026-03-17T11:01:04.901762Z,377062373,369
2026-03-17T11:11:03.702106Z,377062444,383
2026-03-17T11:21:03.635190Z,377062519,385
2026-03-17T11:31:03.393985Z,377062610,374
2026-03-17T11:41:01.602570Z,377062691,376
2026-03-17T11:50:59.715226Z,377062805,368
2026-03-17T12:01:16.304306Z,377062905,380
2026-03-17T12:11:06.535193Z,377063004,387
2026-03-17T12:21:02.035783Z,377063097,385
2026-03-17T12:31:14.477847Z,377063203,408
2026-03-17T12:41:02.548443Z,377063320,406
2026-03-17T12:50:53.132939Z,377063450,399
2026-03-17T13:01:01.199249Z,377063571,392
2026-03-17T13:10:53.169811Z,377063688,400
2026-03-17T13:20:52.701915Z,377063816,388
2026-03-17T13:30:55.029196Z,377063896,381
2026-03-17T13:40:59.258896Z,377064006,395
2026-03-17T13:50:51.780226Z,377064104,403
2026-03-17T14:00:53.450779Z,377064194,396
2026-03-17T14:10:54.835880Z,377064322,410
2026-03-17T14:20:53.729661Z,377064431,411
2026-03-17T14:30:55.876186Z,377064524,417
2026-03-17T14:40:53.337748Z,377064628,428
2026-03-17T14:50:56.138759Z,377064725,433
2026-03-17T15:00:56.821873Z,377064862,467
2026-03-17T15:10:56.821532Z,377064977,470
2026-03-17T15:20:54.138554Z,377065117,484
2026-03-17T15:30:58.582798Z,377065253,506
2026-03-17T15:40:52.874097Z,377065357,499
2026-03-17T15:50:52.132079Z,377065526,523
2026-03-17T16:00:56.031449Z,377065673,546
2026-03-17T16:10:54.547958Z,377065880,548
2026-03-17T16:20:54.046698Z,377066121,603
2026-03-17T16:30:53.413770Z,377066346,645
2026-03-17T16:40:55.215281Z,377066557,586
2026-03-17T16:50:51.315523Z,377066795,621
2026-03-17T17:00:54.865182Z,377067016,631
2026-03-17T17:10:51.295428Z,377067200,662
2026-03-17T17:20:54.138754Z,377067435,665
2026-03-17T17:30:51.894368Z,377067669,644
2026-03-17T17:40:52.580996Z,377067860,626
2026-03-17T18:00:55.162323Z,377068275,621
2026-03-17T18:10:53.260467Z,377068494,610
2026-03-17T18:20:52.775524Z,377068758,635
2026-03-17T18:30:52.928450Z,377068994,649
2026-03-17T18:40:56.995725Z,377069197,652
2026-03-17T18:50:49.938795Z,377069422,663
2026-03-17T19:00:57.289775Z,377069683,710
2026-03-17T19:10:52.648685Z,377069962,710
2026-03-17T19:20:54.116531Z,377070248,707
2026-03-17T19:30:54.477526Z,377070460,696
2026-03-17T19:40:52.415472Z,377070756,715
2026-03-17T19:50:52.483080Z,377071033,731
2026-03-17T20:00:53.226141Z,377071295,692
2026-03-17T20:10:56.344573Z,377071539,700
2026-03-17T20:20:52.763555Z,377071840,730
2026-03-17T20:30:54.589492Z,377072133,736
2026-03-17T20:40:55.599580Z,377072358,708
2026-03-17T20:50:51.235735Z,377072645,714
2026-03-17T21:00:53.739153Z,377072899,707
2026-03-17T21:10:53.330773Z,377073167,719
2026-03-17T21:20:54.804544Z,377073422,693
2026-03-17T21:31:04.999584Z,377073720,725
2026-03-17T21:41:04.655354Z,377073995,730
2026-03-17T21:51:06.179758Z,377074286,730
2026-03-17T22:01:06.696517Z,377074531,689
2026-03-17T22:11:05.680007Z,377074835,717
2026-03-17T22:21:11.387331Z,377075142,709
2026-03-17T22:31:05.607371Z,377075375,694
2026-03-17T22:41:06.107039Z,377075656,654
2026-03-17T22:51:07.658670Z,377075914,652
2026-03-17T23:01:08.456002Z,377076150,662
2026-03-17T23:11:06.822270Z,377076385,673
2026-03-17T23:21:05.436792Z,377076644,706
2026-03-17T23:31:08.638604Z,377076915,675
2026-03-17T23:41:05.416386Z,377077203,706
2026-03-17T23:51:06.478449Z,377077477,707
2026-03-18T00:01:09.474248Z,377077757,717
2026-03-18T00:11:05.824543Z,377077975,726
2026-03-18T00:21:04.425096Z,377078172,691
2026-03-18T00:31:06.874429Z,377078419,732
2026-03-18T00:41:12.203719Z,377078654,748
2026-03-18T00:51:06.637962Z,377078908,708
2026-03-18T01:01:06.141909Z,377079114,711
2026-03-18T01:11:09.473468Z,377079355,713
2026-03-18T01:21:05.129909Z,377079580,714
2026-03-18T01:31:07.793923Z,377079859,728
2026-03-18T01:41:04.528349Z,377080072,710
2026-03-18T01:51:06.455025Z,377080300,732
2026-03-18T02:01:07.913382Z,377080558,739
2026-03-18T02:11:05.567743Z,377080810,724
2026-03-18T02:21:05.937892Z,377081087,736
2026-03-18T02:31:09.404559Z,377081449,748
2026-03-18T02:41:04.048666Z,377081747,761
2026-03-18T02:51:05.342528Z,377081969,744
2026-03-18T03:01:14.488276Z,377082235,760
2026-03-18T03:11:06.502226Z,377082492,779
2026-03-18T03:21:06.805986Z,377082724,783
2026-03-18T03:31:09.805224Z,377083031,803
2026-03-18T03:41:07.804034Z,377083351,772
2026-03-18T03:51:07.571864Z,377083641,774
2026-03-18T04:01:09.744877Z,377083934,747
2026-03-18T04:11:09.948587Z,377084132,706
2026-03-18T04:21:06.155654Z,377084388,716
2026-03-18T04:31:14.013298Z,377084632,728
2026-03-18T04:41:05.084356Z,377084808,675
2026-03-18T04:51:06.827541Z,377084993,686
2026-03-18T05:01:11.000171Z,377085137,634
2026-03-18T05:11:08.939603Z,377085317,607
2026-03-18T05:21:07.417038Z,377085486,583
2026-03-18T05:31:11.554599Z,377085653,584
2026-03-18T05:41:06.877065Z,377085844,583
2026-03-18T05:51:06.994134Z,377086010,578
2026-03-18T06:01:09.088854Z,377086203,581
2026-03-18T06:11:04.872446Z,377086331,583
2026-03-18T06:21:10.241706Z,377086476,587
2026-03-18T06:31:03.666850Z,377086640,579
2026-03-18T06:41:06.081817Z,377086768,544
2026-03-18T06:51:06.484326Z,377086929,514
2026-03-18T07:01:05.528513Z,377087092,521
2026-03-18T07:11:03.457344Z,377087248,490
2026-03-18T07:21:06.187699Z,377087425,473
2026-03-18T07:31:07.531053Z,377087586,492
2026-03-18T07:41:05.370370Z,377087726,471
2026-03-18T07:51:03.981866Z,377087908,504
2026-03-18T08:01:04.681299Z,377088016,487
2026-03-18T08:11:05.988123Z,377088143,490
2026-03-18T08:21:06.881547Z,377088241,485
2026-03-18T08:31:05.675329Z,377088350,461
2026-03-18T08:41:06.605023Z,377088467,482
2026-03-18T08:51:05.823108Z,377088578,462
2026-03-18T09:01:06.365438Z,377088658,455
2026-03-18T09:11:09.165427Z,377088729,426
2026-03-18T09:21:06.480420Z,377088791,418
2026-03-18T09:31:06.110877Z,377088877,425
2026-03-18T09:41:04.710178Z,377088970,415
2026-03-18T09:51:12.324917Z,377089068,428
2026-03-18T10:01:08.794887Z,377089173,418
2026-03-18T10:11:07.226599Z,377089217,403
2026-03-18T10:21:07.896092Z,377089279,416
2026-03-18T10:31:04.361513Z,377089354,422
2026-03-18T10:41:04.956698Z,377089415,423
2026-03-18T10:51:08.155993Z,377089540,441
2026-03-18T11:01:08.648356Z,377089648,453
2026-03-18T11:10:52.693814Z,377089734,458
2026-03-18T11:20:54.621943Z,377089862,463
2026-03-18T11:30:52.877805Z,377089975,465
2026-03-18T11:40:52.386699Z,377090065,462
2026-03-18T11:50:53.524168Z,377090142,465
2026-03-18T12:00:56.502197Z,377090233,469
2026-03-18T12:10:55.658359Z,377090330,473
2026-03-18T12:20:51.878456Z,377090433,463
2026-03-18T12:30:54.158462Z,377090561,472
2026-03-18T12:40:51.880225Z,377090654,455
2026-03-18T12:50:53.885288Z,377090786,493
2026-03-18T13:00:55.373139Z,377090914,489
2026-03-18T13:10:53.514707Z,377091027,508
2026-03-18T13:20:53.023550Z,377091186,514
2026-03-18T13:30:54.316577Z,377091319,527
2026-03-18T14:51:11.196095Z,377092615,557
2026-03-18T15:01:11.250720Z,377092806,559
2026-03-18T15:11:09.599600Z,377092951,590
2026-03-18T15:21:10.472355Z,377093123,541
2026-03-18T15:31:11.282732Z,377093275,567
2026-03-18T15:41:06.435461Z,377093474,588
2026-03-18T15:51:08.033727Z,377093663,602
2026-03-18T16:01:05.564287Z,377093853,617
2026-03-18T16:11:06.711325Z,377094040,641
2026-03-18T16:21:06.776777Z,377094213,604
2026-03-18T16:31:07.446304Z,377094322,594
2026-03-18T16:41:06.297557Z,377094475,576
2026-03-18T16:51:05.188898Z,377094625,593
2026-03-18T17:01:09.695045Z,377094766,566
2026-03-18T17:11:12.835304Z,377094917,568
2026-03-18T17:21:07.296854Z,377095052,591
2026-03-18T17:31:05.802870Z,377095244,595
2026-03-18T17:41:09.906998Z,377095420,606
2026-03-18T17:51:07.007546Z,377095606,620
2026-03-18T18:01:09.944582Z,377095781,644
2026-03-18T18:11:04.948108Z,377095952,637
2026-03-18T18:21:05.940792Z,377096154,602
2026-03-18T18:31:06.187548Z,377096340,651
2026-03-18T18:41:05.836892Z,377096540,675
2026-03-18T18:51:05.349300Z,377096733,688
2026-03-18T19:01:09.695651Z,377096954,681
2026-03-18T19:11:05.642631Z,377097197,643
2026-03-18T19:21:03.470359Z,377097390,648
2026-03-18T19:31:07.522607Z,377097592,646
2026-03-18T19:41:06.269976Z,377097809,655
2026-03-18T19:51:08.492200Z,377098109,647
2026-03-18T20:01:11.205252Z,377098330,653
2026-03-18T20:11:06.209914Z,377098549,654
2026-03-18T20:21:06.672072Z,377098807,685
2026-03-18T20:31:04.966711Z,377099029,714
2026-03-18T20:41:08.195925Z,377099287,693
2026-03-18T20:51:06.822328Z,377099605,702
2026-03-18T21:01:14.781616Z,377099872,676
2026-03-18T21:11:05.476116Z,377100139,705
2026-03-18T21:21:06.683040Z,377100441,720
2026-03-18T21:31:07.848665Z,377100762,736
2026-03-18T21:41:04.468827Z,377101010,710
2026-03-18T21:51:07.555663Z,377101262,745
2026-03-18T22:01:09.923910Z,377101479,726
2026-03-18T22:11:04.462058Z,377101695,705
2026-03-18T22:21:05.630677Z,377101909,678
2026-03-18T22:31:08.568944Z,377102127,675
2026-03-18T22:41:08.654991Z,377102355,671
2026-03-18T22:51:05.349549Z,377102596,683
2026-03-18T23:01:07.781339Z,377102879,723
2026-03-18T23:11:04.456265Z,377103123,742
2026-03-18T23:21:03.679099Z,377103390,754
2026-03-18T23:31:06.451924Z,377103616,787
2026-03-18T23:40:58.564859Z,377103838,743
2026-03-18T23:50:57.984043Z,377104077,741
2026-03-19T00:00:59.372424Z,377104377,741
2026-03-19T00:10:55.978866Z,377104631,736
2026-03-19T00:20:58.108144Z,377104914,710
2026-03-19T00:30:56.797000Z,377105149,711
2026-03-19T00:40:58.202392Z,377105413,749
2026-03-19T00:50:58.526211Z,377105624,785
2026-03-19T01:00:58.243238Z,377105930,813
2026-03-19T01:10:56.941847Z,377106175,816
2026-03-19T01:20:56.010169Z,377106369,775
2026-03-19T01:31:01.543967Z,377106658,812
2026-03-19T01:40:57.255620Z,377106993,828
2026-03-19T01:50:58.948418Z,377107337,807
2026-03-19T02:00:56.603414Z,377107629,795
2026-03-19T02:10:56.746106Z,377107927,814
2026-03-19T02:20:57.849044Z,377108162,795
2026-03-19T02:30:56.504991Z,377108473,800
2026-03-19T02:40:56.160298Z,377108687,783
2026-03-19T02:50:58.642686Z,377108916,766
2026-03-19T03:00:58.183256Z,377109133,747
2026-03-19T03:10:56.177624Z,377109342,753
2026-03-19T03:20:56.193774Z,377109493,689
2026-03-19T03:30:57.132685Z,377109681,721
2026-03-19T03:40:56.336385Z,377109881,704
2026-03-19T03:50:56.203167Z,377110043,671
2026-03-19T04:00:57.044481Z,377110192,640
2026-03-19T04:10:58.931037Z,377110396,651
2026-03-19T04:20:57.721085Z,377110584,610
2026-03-19T04:30:58.109581Z,377110766,602
2026-03-19T04:40:55.855465Z,377110927,592
2026-03-19T04:50:56.669742Z,377111113,582
2026-03-19T05:00:55.365364Z,377111272,582
2026-03-19T05:10:54.575613Z,377111457,593
2026-03-19T05:20:56.576409Z,377111663,576
2026-03-19T05:30:56.440052Z,377111829,570
2026-03-19T05:40:56.798059Z,377111963,538
2026-03-19T05:50:56.943740Z,377112114,520
2026-03-19T06:00:57.409672Z,377112235,513
2026-03-19T06:10:57.124382Z,377112352,489
2026-03-19T06:20:56.504758Z,377112482,482
2026-03-19T06:30:56.396692Z,377112669,498
2026-03-19T06:40:58.106230Z,377112875,445
2026-03-19T06:50:58.100565Z,377113079,479
2026-03-19T07:00:57.557917Z,377113186,467
2026-03-19T07:10:57.550381Z,377113369,469
2026-03-19T07:20:57.276552Z,377113542,495
2026-03-19T07:30:56.474893Z,377113678,493
2026-03-19T07:40:54.174664Z,377113786,480
2026-03-19T07:51:00.244421Z,377113885,474
2026-03-19T08:00:56.795336Z,377113982,452
2026-03-19T08:10:27.332366Z,377114054,454
2026-03-19T08:20:24.255389Z,377114159,450
2026-03-19T08:30:24.666065Z,377114212,443
2026-03-19T08:40:25.185770Z,377114318,453
2026-03-19T08:50:22.161969Z,377114404,429
2026-03-19T09:00:31.922191Z,377114487,432
2026-03-19T09:10:26.477050Z,377114569,424
2026-03-19T09:20:26.154553Z,377114679,438
2026-03-19T09:30:29.152925Z,377114776,441
2026-03-19T09:40:23.671324Z,377114855,443
2026-03-19T09:50:24.676957Z,377114932,449
2026-03-19T10:00:28.466011Z,377115019,471
2026-03-19T10:10:22.668072Z,377115126,472
2026-03-19T10:20:25.793236Z,377115201,488
2026-03-19T10:30:31.498596Z,377115316,503
2026-03-19T10:40:24.006858Z,377115399,513
2026-03-19T10:50:24.932982Z,377115502,516
2026-03-19T11:00:36.556009Z,377115616,499
2026-03-19T11:10:27.750717Z,377115717,460
2026-03-19T11:20:26.514149Z,377115798,454
2026-03-19T11:30:34.195673Z,377115898,471
2026-03-19T11:40:28.297774Z,377115989,424
2026-03-19T11:50:28.572721Z,377116076,433
2026-03-19T12:00:33.350688Z,377116160,406
2026-03-19T12:10:27.680117Z,377116252,406
2026-03-19T12:20:24.899525Z,377116390,421
2026-03-19T12:30:33.991473Z,377116519,431
2026-03-19T12:40:24.999337Z,377116621,452
2026-03-19T12:50:27.658335Z,377116763,445
2026-03-19T13:00:30.621202Z,377116865,441
2026-03-19T13:10:27.917221Z,377116935,441
2026-03-19T13:20:28.424132Z,377117032,448
2026-03-19T13:30:35.379230Z,377117131,433
2026-03-19T13:40:30.340253Z,377117222,445
2026-03-19T13:50:28.128572Z,377117335,446
2026-03-19T14:00:32.942377Z,377117423,448
2026-03-19T14:10:29.804349Z,377117503,434
2026-03-19T14:20:31.031709Z,377117599,440
2026-03-19T14:30:34.629224Z,377117720,458
2026-03-19T14:40:30.413642Z,377117863,451
2026-03-19T14:50:26.528037Z,377118005,461
2026-03-19T15:00:31.305179Z,377118137,472
2026-03-19T15:10:28.240020Z,377118283,485
2026-03-19T15:20:31.403128Z,377118409,479
2026-03-19T15:30:33.298098Z,377118561,508
2026-03-19T15:40:32.833131Z,377118725,529
2026-03-19T15:50:25.498700Z,377118867,524
2026-03-19T16:00:32.661453Z,377119051,541
2026-03-19T16:10:30.400789Z,377119250,460
2026-03-19T16:20:25.605387Z,377119465,494
2026-03-19T16:30:32.444230Z,377119697,507
2026-03-19T16:40:28.942085Z,377119849,531
2026-03-19T16:50:29.568531Z,377120120,583
2026-03-19T17:00:51.108410Z,377120369,594
2026-03-19T17:10:39.635862Z,377120551,576
2026-03-19T17:20:37.546816Z,377120772,601
2026-03-19T17:30:41.634223Z,377120977,589
2026-03-19T17:40:37.903957Z,377121158,578
2026-03-19T17:50:37.358087Z,377121374,602
2026-03-19T18:00:52.539141Z,377121631,577
2026-03-19T18:10:37.405704Z,377121843,576
2026-03-19T18:20:39.608746Z,377122058,570
2026-03-19T18:30:41.907233Z,377122262,545
2026-03-19T18:40:36.841696Z,377122524,610
2026-03-19T18:50:39.689990Z,377122736,602
2026-03-19T19:00:53.084738Z,377122957,616
2026-03-19T19:10:35.966987Z,377123111,588
2026-03-19T19:20:38.075526Z,377123279,600
2026-03-19T19:30:44.970381Z,377123502,603
2026-03-19T19:40:39.343508Z,377123654,600
2026-03-19T19:50:39.566079Z,377123836,561
2026-03-19T20:00:46.268969Z,377124057,593
2026-03-19T20:10:41.200095Z,377124293,634
2026-03-19T20:20:39.717851Z,377124575,660
2026-03-19T20:30:51.150588Z,377124796,674
2026-03-19T20:40:44.403563Z,377125079,680
2026-03-19T20:50:37.830697Z,377125325,691
2026-03-19T21:00:54.494321Z,377125603,737
2026-03-19T21:10:38.637928Z,377125837,726
2026-03-19T21:20:36.168641Z,377126101,721
2026-03-19T21:30:39.353610Z,377126332,701
2026-03-19T21:40:35.373464Z,377126595,677
2026-03-19T21:50:34.982177Z,377126866,687
2026-03-19T22:00:49.370818Z,377127113,679
2026-03-19T22:10:33.866898Z,377127332,684
2026-03-19T22:20:35.291383Z,377127569,676
2026-03-19T22:30:42.170629Z,377127848,666
2026-03-19T22:40:32.958802Z,377128111,689
2026-03-19T22:50:34.573834Z,377128340,646
2026-03-19T23:00:40.477162Z,377128567,605
2026-03-19T23:10:32.701775Z,377128806,620
2026-03-19T23:20:31.347072Z,377129131,643
2026-03-19T23:30:38.607022Z,377129429,656
2026-03-19T23:40:32.683851Z,377129680,693
2026-03-19T23:50:32.993888Z,377129849,661
2026-03-20T00:00:47.820358Z,377130020,676
2026-03-20T00:10:31.431350Z,377130234,673
2026-03-20T00:20:30.314809Z,377130401,695
2026-03-20T00:30:39.337851Z,377130646,693
2026-03-20T00:40:31.826277Z,377130859,702
2026-03-20T00:50:32.318698Z,377131088,725
2026-03-20T01:00:37.751151Z,377131349,717
2026-03-20T01:10:32.541783Z,377131604,718
2026-03-20T01:20:32.936591Z,377131889,747
2026-03-20T01:30:30.514377Z,377132125,715
2026-03-20T01:40:42.603905Z,377132399,722
2026-03-20T01:50:45.354821Z,377132647,748
2026-03-20T02:01:03.630956Z,377132921,742
2026-03-20T02:10:53.731166Z,377133211,743
2026-03-20T02:20:56.653366Z,377133492,816
2026-03-20T02:30:59.787694Z,377133677,798
2026-03-20T02:40:56.339169Z,377133886,803
2026-03-20T02:50:59.938134Z,377134125,805
2026-03-20T03:01:03.455500Z,377134351,800
2026-03-20T03:10:56.857649Z,377134544,736
2026-03-20T03:20:55.935933Z,377134841,786
2026-03-20T03:31:00.242419Z,377135048,762
2026-03-20T03:40:56.103841Z,377135318,727
2026-03-20T03:50:57.223099Z,377135571,744
2026-03-20T04:00:59.358952Z,377135812,780
2026-03-20T04:10:57.446061Z,377136042,804
2026-03-20T04:21:00.247527Z,377136221,803
2026-03-20T04:31:05.294703Z,377136396,763
2026-03-20T04:40:59.185025Z,377136595,758
2026-03-20T04:51:00.741806Z,377136772,742
2026-03-20T05:01:10.857549Z,377136934,728
2026-03-20T05:11:00.828466Z,377137125,716
2026-03-20T05:20:57.070167Z,377137291,704
2026-03-20T05:30:59.636778Z,377137453,670
2026-03-20T05:41:03.941031Z,377137651,682
2026-03-20T05:50:57.154371Z,377137806,661
2026-03-20T06:01:05.939310Z,377137953,685
2026-03-20T06:10:59.753377Z,377138128,679
2026-03-20T06:21:00.177525Z,377138328,694
2026-03-20T06:31:03.762887Z,377138492,704
2026-03-20T06:40:57.892444Z,377138635,652
2026-03-20T06:50:57.132401Z,377138807,656
2026-03-20T07:01:07.099472Z,377138979,661
2026-03-20T07:10:58.697570Z,377139095,636
2026-03-20T07:20:59.285392Z,377139256,624
2026-03-20T07:31:00.248291Z,377139437,611
2026-03-20T07:40:57.181514Z,377139612,580
2026-03-20T07:50:59.337713Z,377139751,593
2026-03-20T08:01:04.547385Z,377139930,575
2026-03-20T08:10:57.677295Z,377140039,544
2026-03-20T08:20:58.570358Z,377140176,544
2026-03-20T08:30:58.604074Z,377140290,519
2026-03-20T08:40:56.387483Z,377140426,499
2026-03-20T08:50:55.716451Z,377140564,551
2026-03-20T09:00:56.573150Z,377140688,535
2026-03-20T09:10:55.533387Z,377140791,509
2026-03-20T09:20:56.996566Z,377140914,516
2026-03-20T09:30:59.428023Z,377141018,519
2026-03-20T09:40:53.877291Z,377141091,515
2026-03-20T09:50:54.083780Z,377141228,547
2026-03-20T10:00:57.030161Z,377141337,522
2026-03-20T10:10:53.955295Z,377141440,511
2026-03-20T10:20:54.404916Z,377141551,515
2026-03-20T10:30:47.239369Z,377141621,501
2026-03-20T10:40:47.469736Z,377141719,497
2026-03-20T10:50:47.469163Z,377141839,500
2026-03-20T11:00:49.648983Z,377141948,505
2026-03-20T11:10:49.187911Z,377142038,516
2026-03-20T11:20:52.005116Z,377142141,510
2026-03-20T11:30:48.045212Z,377142252,506
2026-03-20T11:40:53.022931Z,377142344,492
2026-03-20T11:50:49.449140Z,377142447,499
2026-03-20T12:00:51.118966Z,377142546,508
2026-03-20T12:10:48.973637Z,377142639,486
2026-03-20T12:20:49.705793Z,377142727,494
2026-03-20T12:30:52.021778Z,377142822,496
2026-03-20T12:40:51.624732Z,377142898,482
2026-03-20T12:50:50.059986Z,377142993,481
2026-03-20T13:00:51.164006Z,377143084,473
2026-03-20T13:10:50.595662Z,377143170,439
2026-03-20T13:20:50.703955Z,377143273,436
2026-03-20T13:30:49.749072Z,377143372,426
2026-03-20T13:40:48.843392Z,377143526,462
2026-03-20T13:50:51.432615Z,377143627,471
2026-03-20T14:00:50.848029Z,377143765,456
2026-03-20T14:10:52.843305Z,377143874,464
2026-03-20T14:20:50.457686Z,377144041,480
2026-03-20T14:30:58.951099Z,377144162,489
2026-03-20T14:40:55.307337Z,377144292,467
2026-03-20T14:50:49.766985Z,377144449,487
2026-03-20T15:00:53.176488Z,377144597,492
2026-03-20T15:11:09.215177Z,377144755,493
2026-03-20T15:20:54.296226Z,377144885,490
2026-03-20T15:30:51.134866Z,377145043,475
2026-03-20T15:40:51.605118Z,377145198,466
2026-03-20T15:50:49.459192Z,377145324,466
2026-03-20T16:00:51.395793Z,377145510,475
2026-03-20T16:10:51.141999Z,377145678,479
2026-03-20T16:20:49.339249Z,377145838,482
2026-03-20T16:30:49.666988Z,377146031,517
2026-03-20T16:40:49.677089Z,377146318,565
2026-03-20T16:50:51.078291Z,377146560,564
2026-03-20T17:00:51.335731Z,377146793,611
2026-03-20T17:10:50.164040Z,377146989,630
2026-03-20T17:20:51.393556Z,377147174,612
2026-03-20T17:30:49.708308Z,377147375,641
2026-03-20T17:40:52.363332Z,377147575,638
2026-03-20T17:50:48.752532Z,377147783,617
2026-03-20T18:00:49.551836Z,377148046,616
2026-03-20T18:10:52.741290Z,377148330,637
2026-03-20T18:20:57.905670Z,377148572,632
2026-03-20T18:30:51.530890Z,377148797,701
2026-03-20T18:40:47.977667Z,377149063,706
2026-03-20T18:50:52.321956Z,377149288,717
2026-03-20T19:00:50.506470Z,377149461,702
2026-03-20T19:10:48.741940Z,377149659,718
2026-03-20T19:20:48.807414Z,377149916,701
2026-03-20T19:30:54.325179Z,377150142,697
2026-03-20T19:40:51.387107Z,377150447,689
2026-03-20T19:50:52.709238Z,377150779,675
2026-03-20T20:00:55.108728Z,377151040,711
2026-03-20T20:10:51.321757Z,377151315,717
2026-03-20T20:20:50.896702Z,377151537,727
2026-03-20T20:30:54.200533Z,377151746,714
2026-03-20T20:40:52.472181Z,377151972,722
2026-03-20T20:50:51.036344Z,377152172,748
2026-03-20T21:00:55.687590Z,377152415,763
2026-03-20T21:10:51.070648Z,377152621,780
2026-03-20T21:20:52.377215Z,377152903,744
2026-03-20T21:30:49.375614Z,377153127,725
2026-03-20T21:40:51.016957Z,377153372,731
2026-03-20T21:50:52.164077Z,377153657,715
2026-03-20T22:00:52.495525Z,377153903,706
2026-03-20T22:10:52.446670Z,377154220,703
2026-03-20T22:20:51.340596Z,377154470,690
2026-03-20T22:30:52.433243Z,377154731,687
2026-03-20T22:40:53.003798Z,377154996,677
2026-03-20T22:50:51.174337Z,377155299,731
2026-03-20T23:00:55.457588Z,377155532,719
2026-03-20T23:10:52.007541Z,377155785,706
2026-03-20T23:20:50.934584Z,377156028,737
2026-03-20T23:30:52.059428Z,377156301,734
2026-03-20T23:40:50.894698Z,377156526,743
2026-03-20T23:50:52.016135Z,377156743,764
2026-03-21T00:00:53.269387Z,377157025,770
2026-03-21T00:10:50.892766Z,377157299,765
2026-03-21T00:20:50.688285Z,377157530,754
2026-03-21T00:30:50.717845Z,377157763,760
2026-03-21T00:40:52.175888Z,377158013,738
2026-03-21T00:50:48.572424Z,377158231,774
2026-03-21T01:00:50.955402Z,377158524,793
2026-03-21T01:10:51.010561Z,377158792,797
2026-03-21T01:20:51.834819Z,377158996,769
2026-03-21T01:30:49.879732Z,377159213,785
2026-03-21T01:40:51.736179Z,377159411,774
2026-03-21T01:50:51.120767Z,377159655,792
2026-03-21T02:00:49.567484Z,377159820,791
2026-03-21T02:10:51.784032Z,377159999,741
2026-03-21T02:20:51.929285Z,377160245,775
2026-03-21T02:30:51.878540Z,377160452,765
2026-03-21T02:40:51.161241Z,377160635,721
2026-03-21T02:50:49.994926Z,377160842,744
2026-03-21T03:00:51.715333Z,377161087,744
2026-03-21T03:10:52.010618Z,377161329,731
2026-03-21T03:20:50.908475Z,377161604,755
2026-03-21T03:30:54.109858Z,377161853,761
2026-03-21T03:40:52.019803Z,377162098,746
2026-03-21T03:50:29.996048Z,377162390,774
2026-03-21T04:00:36.043006Z,377162662,815
2026-03-21T04:10:32.197035Z,377162911,804
2026-03-21T04:20:28.837768Z,377163140,812
2026-03-21T04:30:32.337935Z,377163322,805
2026-03-21T04:40:29.586208Z,377163571,750
2026-03-21T04:50:28.145748Z,377163815,769
2026-03-21T05:00:32.697225Z,377164011,789
2026-03-21T05:10:28.935714Z,377164225,725
2026-03-21T05:20:30.921886Z,377164401,714
2026-03-21T05:30:30.069817Z,377164570,703
2026-03-21T05:40:29.142847Z,377164752,682
2026-03-21T05:50:28.440256Z,377164919,663
2026-03-21T06:00:34.641636Z,377165079,668
2026-03-21T06:10:27.616942Z,377165252,655
2026-03-21T06:20:29.259510Z,377165423,676
2026-03-21T06:30:33.762125Z,377165605,702
2026-03-21T06:40:29.676734Z,377165765,684
2026-03-21T06:50:29.614770Z,377165931,677
2026-03-21T07:00:42.546417Z,377166070,671
2026-03-21T07:10:29.330764Z,377166200,678
2026-03-21T07:20:29.520686Z,377166345,681
2026-03-21T07:30:31.653854Z,377166539,676
2026-03-21T07:40:29.169577Z,377166651,673
2026-03-21T07:50:27.915921Z,377166842,705
2026-03-21T08:00:42.294841Z,377167008,678
2026-03-21T08:10:27.802614Z,377167128,679
2026-03-21T08:20:29.533868Z,377167216,691
2026-03-21T08:30:30.128146Z,377167339,657
2026-03-21T08:40:27.199977Z,377167469,666
2026-03-21T08:50:29.446185Z,377167661,625
2026-03-21T09:00:31.388868Z,377167853,667
2026-03-21T09:10:28.006619Z,377168003,657
2026-03-21T09:20:26.479386Z,377168155,655
2026-03-21T09:30:29.521312Z,377168300,648
2026-03-21T09:40:28.282813Z,377168452,661
2026-03-21T09:50:29.790635Z,377168616,619
2026-03-21T10:00:27.210303Z,377168771,605
2026-03-21T10:10:25.210910Z,377168950,600
2026-03-21T10:20:30.189629Z,377169086,637
2026-03-21T10:30:29.476978Z,377169181,622
2026-03-21T10:40:28.539073Z,377169275,592
2026-03-21T10:50:29.206144Z,377169390,594
2026-03-21T11:00:29.888675Z,377169517,606
2026-03-21T11:10:27.874894Z,377169667,604
2026-03-21T11:20:29.194860Z,377169811,585
2026-03-21T11:30:27.630961Z,377169931,605
2026-03-21T11:40:26.646296Z,377170040,599
2026-03-21T11:50:28.022989Z,377170186,576
2026-03-21T12:00:28.243492Z,377170289,573
2026-03-21T12:10:20.904226Z,377170381,565
2026-03-21T12:20:21.478349Z,377170507,564
2026-03-21T12:30:19.212681Z,377170656,569
2026-03-21T12:40:19.746221Z,377170808,574
2026-03-21T12:50:18.884717Z,377170950,584
2026-03-21T13:00:20.818836Z,377171076,572
2026-03-21T13:10:21.170253Z,377171191,576
2026-03-21T13:20:18.616788Z,377171340,576
2026-03-21T13:30:20.735573Z,377171463,588
2026-03-21T13:40:21.323305Z,377171635,541
2026-03-21T13:50:20.991342Z,377171743,525
2026-03-21T14:00:21.351456Z,377171860,531
2026-03-21T14:10:20.163780Z,377171972,515
2026-03-21T14:20:20.749578Z,377172077,496
2026-03-21T14:30:19.244768Z,377172211,508
2026-03-21T14:40:21.604231Z,377172355,512
2026-03-21T14:50:19.306630Z,377172512,504
2026-03-21T15:00:19.377575Z,377172679,507
2026-03-21T15:10:20.367430Z,377172829,506
2026-03-21T15:20:20.884537Z,377173046,527
2026-03-21T15:30:18.749281Z,377173241,566
2026-03-21T15:40:20.616605Z,377173447,584
2026-03-21T15:50:19.950585Z,377173625,575
2026-03-21T16:00:18.285714Z,377173843,583
2026-03-21T16:10:20.519800Z,377174026,590
2026-03-21T16:20:20.215843Z,377174181,596
2026-03-21T16:30:18.231450Z,377174435,624
2026-03-21T16:40:21.762385Z,377174691,648
2026-03-21T16:50:17.141221Z,377174984,699
2026-03-21T17:00:24.294859Z,377175203,680
2026-03-21T17:10:19.270793Z,377175379,674
2026-03-21T17:20:20.548589Z,377175578,665
2026-03-21T17:30:22.094190Z,377175812,637
2026-03-21T17:40:19.480895Z,377176035,655
2026-03-21T17:50:20.778755Z,377176259,685
2026-03-21T18:00:21.931950Z,377176502,682
2026-03-21T18:10:18.337476Z,377176775,723
2026-03-21T18:20:22.229581Z,377176959,716
2026-03-21T18:30:20.373393Z,377177203,715
2026-03-21T18:40:21.094640Z,377177408,674
2026-03-21T18:50:20.687248Z,377177644,693
2026-03-21T19:00:19.530053Z,377177868,686
2026-03-21T19:10:17.472551Z,377178055,720
2026-03-21T19:20:19.712828Z,377178412,706
2026-03-21T19:30:22.076507Z,377178675,714
2026-03-21T19:40:19.983335Z,377178924,695
2026-03-21T19:50:23.197169Z,377179236,701
2026-03-21T20:00:20.061461Z,377179506,713
2026-03-21T20:10:20.091352Z,377179790,704
2026-03-21T20:20:19.405802Z,377180064,715
2026-03-21T20:30:21.474755Z,377180357,735
2026-03-21T20:40:17.939116Z,377180646,732
2026-03-21T20:50:27.358505Z,377180915,672
2026-03-21T21:00:27.990768Z,377181183,676
2026-03-21T21:10:28.012472Z,377181509,716
2026-03-21T21:20:27.828039Z,377181809,740
2026-03-21T21:30:26.325357Z,377182092,735
2026-03-21T21:40:26.279597Z,377182337,729
2026-03-21T21:50:27.473192Z,377182560,704
2026-03-21T22:00:28.894240Z,377182805,723
2026-03-21T22:10:27.690098Z,377183061,658
2026-03-21T22:20:26.492551Z,377183305,657
2026-03-21T22:30:27.210547Z,377183588,655
2026-03-21T22:40:26.180856Z,377183811,689
2026-03-21T22:50:26.398793Z,377184003,685
2026-03-21T23:00:25.429762Z,377184236,707
2026-03-21T23:10:25.876210Z,377184529,740
2026-03-21T23:20:26.457298Z,377184779,724
2026-03-21T23:30:29.147955Z,377185042,724
2026-03-21T23:40:29.386618Z,377185265,718
2026-03-21T23:50:26.164953Z,377185555,708
2026-03-22T00:00:31.077541Z,377185851,721
2026-03-22T00:10:25.966683Z,377186138,707
2026-03-22T00:20:28.047228Z,377186471,753
2026-03-22T00:30:27.372536Z,377186766,738
2026-03-22T00:40:30.042356Z,377187041,726
2026-03-22T00:50:24.592315Z,377187293,689
2026-03-22T01:00:31.807428Z,377187615,646
2026-03-22T01:10:26.487191Z,377187923,713
2026-03-22T01:20:28.572457Z,377188150,753
2026-03-22T01:30:27.411546Z,377188439,775
2026-03-22T01:40:28.277647Z,377188663,778
2026-03-22T01:50:27.066664Z,377188911,785
2026-03-22T02:00:27.934198Z,377189138,800
2026-03-22T02:10:27.506869Z,377189359,734
2026-03-22T02:20:27.837866Z,377189550,727
2026-03-22T02:30:28.406864Z,377189716,753
2026-03-22T02:40:26.827755Z,377189913,766
2026-03-22T02:50:26.923571Z,377190099,775
2026-03-22T03:00:29.760793Z,377190253,770
2026-03-22T03:10:27.197507Z,377190422,782
2026-03-22T03:20:26.174631Z,377190594,790
2026-03-22T03:30:25.736328Z,377190764,790
2026-03-22T03:40:29.907183Z,377190922,793
2026-03-22T03:50:28.532396Z,377191094,824
2026-03-22T04:00:32.722917Z,377191271,812
2026-03-22T04:10:28.020507Z,377191465,804
2026-03-22T04:20:29.318258Z,377191672,803
2026-03-22T04:30:31.611789Z,377191869,822
2026-03-22T04:40:26.855240Z,377192051,781
2026-03-22T04:50:27.481259Z,377192261,763
2026-03-22T05:00:51.983835Z,377192414,760
2026-03-22T05:10:28.315149Z,377192581,757
2026-03-22T05:20:27.572203Z,377192754,734
2026-03-22T05:30:30.556534Z,377192911,713
2026-03-22T05:40:29.595447Z,377193032,706
2026-03-22T05:50:29.067987Z,377193164,703
2026-03-22T06:00:35.043401Z,377193306,662
2026-03-22T06:10:27.520491Z,377193452,618
2026-03-22T06:20:27.866560Z,377193595,614
2026-03-22T06:30:31.584364Z,377193782,611
2026-03-22T06:40:28.502363Z,377193899,576
2026-03-22T06:50:27.828869Z,377194032,560
2026-03-22T07:00:28.139120Z,377194161,552
2026-03-22T07:10:24.905624Z,377194319,570
2026-03-22T07:20:27.135804Z,377194469,556
2026-03-22T07:30:25.681999Z,377194623,552
2026-03-22T07:40:27.733713Z,377194761,538
2026-03-22T07:50:27.795337Z,377194905,570
2026-03-22T08:00:32.248312Z,377195003,548
2026-03-22T08:10:24.526863Z,377195137,553
2026-03-22T08:20:27.635794Z,377195248,528
2026-03-22T08:30:26.635994Z,377195376,523
2026-03-22T08:40:29.918218Z,377195476,518
2026-03-22T08:50:28.535233Z,377195646,466
2026-03-22T09:00:25.916138Z,377195817,463
2026-03-22T09:10:28.295259Z,377195961,451
2026-03-22T09:20:27.953448Z,377196058,468
2026-03-22T09:30:26.153441Z,377196168,465
2026-03-22T09:40:26.032731Z,377196250,469
2026-03-22T09:50:26.276384Z,377196326,477
2026-03-22T10:00:30.426071Z,377196420,470
2026-03-22T10:10:26.560451Z,377196539,467
2026-03-22T10:20:25.128790Z,377196650,470
2026-03-22T10:30:27.865088Z,377196756,471
2026-03-22T10:40:26.574643Z,377196853,465
2026-03-22T10:50:27.244310Z,377196967,451
2026-03-22T11:00:28.214602Z,377197088,479
2026-03-22T11:10:26.435860Z,377197240,514
2026-03-22T11:20:27.407258Z,377197418,502
2026-03-22T11:30:25.578649Z,377197538,502
2026-03-22T11:40:28.271393Z,377197657,498
2026-03-22T11:50:26.111261Z,377197747,510
2026-03-22T12:00:27.445527Z,377197873,521
2026-03-22T12:10:28.144737Z,377197966,508
2026-03-22T12:20:24.656159Z,377198099,510
2026-03-22T12:30:34.761146Z,377198246,516
2026-03-22T12:40:27.515533Z,377198369,523
2026-03-22T12:50:24.232058Z,377198503,541
2026-03-22T13:00:28.144352Z,377198639,536
2026-03-22T13:10:27.323298Z,377198796,565
2026-03-22T13:20:27.576387Z,377198960,579
2026-03-22T13:30:25.451211Z,377199096,574
2026-03-22T13:40:24.473114Z,377199277,596
2026-03-22T13:50:21.819082Z,377199446,578
2026-03-22T14:00:24.134924Z,377199594,597
2026-03-22T14:10:25.111881Z,377199783,633
2026-03-22T14:20:24.234295Z,377199913,630
2026-03-22T14:30:24.993060Z,377200068,632
2026-03-22T14:40:24.687135Z,377200230,642
2026-03-22T14:50:23.177196Z,377200415,670
2026-03-22T15:00:24.335266Z,377200620,654
2026-03-22T15:10:21.361625Z,377200815,640
2026-03-22T15:20:23.698556Z,377201032,654
2026-03-22T15:30:23.513051Z,377201239,653
2026-03-22T15:40:23.374947Z,377201442,697
2026-03-22T15:50:22.077024Z,377201647,755
2026-03-22T16:00:25.237823Z,377201860,776
2026-03-22T16:10:28.381263Z,377202027,770
2026-03-22T16:20:23.951948Z,377202234,757
2026-03-22T16:30:25.457130Z,377202457,755
2026-03-22T16:40:24.199120Z,377202694,783
2026-03-22T16:50:22.358483Z,377202919,780
2026-03-22T17:00:24.329385Z,377203113,792
2026-03-22T17:10:25.075681Z,377203272,775
2026-03-22T17:20:23.994277Z,377203456,746
2026-03-22T17:30:22.419986Z,377203663,758
2026-03-22T17:40:24.336786Z,377203914,789
2026-03-22T17:50:23.669061Z,377204107,776
2026-03-22T18:00:25.180266Z,377204264,734
2026-03-22T18:10:23.381662Z,377204490,747
2026-03-22T18:20:22.197748Z,377204731,746
2026-03-22T18:30:25.350591Z,377204941,752
2026-03-22T18:40:22.379757Z,377205185,777
2026-03-22T18:50:24.837980Z,377205457,782
2026-03-22T19:00:26.541151Z,377205677,750
2026-03-22T19:10:25.140408Z,377205931,758
2026-03-22T19:20:23.803803Z,377206210,764
2026-03-22T19:30:25.660955Z,377206475,747
2026-03-22T19:40:23.191060Z,377206786,710
2026-03-22T19:50:23.838045Z,377207025,727
2026-03-22T20:00:25.771465Z,377207313,712
2026-03-22T20:10:24.262792Z,377207561,680
2026-03-22T20:20:23.116886Z,377207794,688
2026-03-22T20:30:25.326063Z,377208090,683
2026-03-22T20:40:29.253440Z,377208427,723
2026-03-22T20:50:23.859209Z,377208689,660
2026-03-22T21:00:26.105229Z,377208952,681
2026-03-22T21:10:28.896557Z,377209220,639
2026-03-22T21:20:26.755370Z,377209411,645
2026-03-22T21:30:26.196748Z,377209653,677
2026-03-22T21:40:24.381873Z,377209890,681
2026-03-22T21:50:23.379415Z,377210099,697
2026-03-22T22:00:24.309376Z,377210385,699
2026-03-22T22:10:24.434121Z,377210638,705
2026-03-22T22:20:22.104518Z,377210872,699
2026-03-22T22:30:25.235182Z,377211115,702
2026-03-22T22:40:24.515228Z,377211377,723
2026-03-22T22:50:26.104365Z,377211681,733
2026-03-22T23:00:25.907418Z,377211933,712
2026-03-22T23:10:25.454254Z,377212222,749
2026-03-22T23:20:28.070023Z,377212487,726
2026-03-22T23:30:26.845093Z,377212734,724
2026-03-22T23:40:26.433626Z,377212954,735
2026-03-22T23:50:27.054795Z,377213213,725
2026-03-23T00:00:27.594573Z,377213427,711
2026-03-23T00:10:40.188271Z,377213601,703
2026-03-23T00:20:27.348646Z,377213823,654
2026-03-23T00:30:26.766679Z,377214080,634
2026-03-23T00:40:25.276028Z,377214314,625
2026-03-23T00:50:23.764192Z,377214620,655
2026-03-23T01:00:27.736242Z,377214926,672
2026-03-23T01:10:25.308186Z,377215222,704
2026-03-23T01:20:25.058335Z,377215490,712
2026-03-23T01:30:25.902135Z,377215744,730
2026-03-23T01:40:25.144380Z,377215970,726
2026-03-23T01:50:25.907883Z,377216136,711
2026-03-23T02:00:28.236291Z,377216294,694
2026-03-23T02:10:25.984330Z,377216465,693
2026-03-23T02:20:26.689427Z,377216653,700
2026-03-23T02:30:27.759485Z,377216820,699
2026-03-23T02:40:25.795462Z,377217030,698
2026-03-23T02:50:26.841380Z,377217314,749
2026-03-23T03:00:43.442066Z,377217520,738
2026-03-23T03:10:26.330938Z,377217720,740
2026-03-23T03:20:28.703334Z,377217943,723
2026-03-23T03:30:29.529398Z,377218117,729
2026-03-23T03:40:24.775665Z,377218310,740
2026-03-23T03:50:26.828731Z,377218494,729
2026-03-23T04:00:30.202732Z,377218692,697
2026-03-23T04:10:27.351073Z,377218906,696
2026-03-23T04:20:26.799938Z,377219093,680
2026-03-23T04:30:29.603158Z,377219301,653
2026-03-23T04:40:26.956816Z,377219505,677
2026-03-23T04:50:27.393058Z,377219668,683
2026-03-23T05:00:33.925980Z,377219841,682
2026-03-23T05:10:24.726351Z,377219969,648
2026-03-23T05:20:27.568142Z,377220072,597
2026-03-23T05:30:26.943496Z,377220212,564
2026-03-23T05:40:27.966527Z,377220363,548
2026-03-23T05:50:27.114007Z,377220505,543
2026-03-23T06:00:39.866830Z,377220630,556
2026-03-23T06:10:27.469771Z,377220771,557
2026-03-23T06:20:26.859531Z,377220899,555
2026-03-23T06:30:27.975809Z,377221038,545
2026-03-23T06:40:28.098846Z,377221134,524
2026-03-23T06:50:29.050655Z,377221259,499
2026-03-23T07:00:30.360096Z,377221345,488
2026-03-23T07:10:15.155552Z,377221447,472
2026-03-23T07:20:12.505862Z,377221587,497
2026-03-23T07:30:15.092346Z,377221698,462
2026-03-23T07:40:14.379961Z,377221823,478
2026-03-23T07:50:14.020284Z,377221977,514
2026-03-23T08:00:14.454197Z,377222095,522
2026-03-23T08:10:16.933134Z,377222185,486
2026-03-23T08:20:11.580589Z,377222338,487
2026-03-23T08:30:16.396164Z,377222493,503
2026-03-23T08:40:20.251092Z,377222596,509
2026-03-23T08:50:13.621598Z,377222711,512
2026-03-23T09:00:13.652634Z,377222809,530
2026-03-23T09:10:14.047865Z,377222889,481
2026-03-23T09:20:14.816672Z,377222970,488
2026-03-23T09:30:18.835538Z,377223074,493
2026-03-23T09:40:13.863004Z,377223178,526
2026-03-23T09:50:18.141849Z,377223275,473
2026-03-23T10:00:13.443900Z,377223369,473
2026-03-23T10:10:11.540431Z,377223463,469
2026-03-23T10:20:14.641522Z,377223591,464
2026-03-23T10:30:13.132559Z,377223703,496
2026-03-23T10:40:15.523042Z,377223777,478
2026-03-23T10:50:13.545558Z,377223851,485
2026-03-23T11:00:12.977123Z,377223921,461
2026-03-23T11:10:14.755044Z,377224000,481
2026-03-23T11:20:17.709121Z,377224067,443
2026-03-23T11:30:16.798776Z,377224166,466
2026-03-23T11:40:12.759051Z,377224266,457
2026-03-23T11:50:12.934104Z,377224363,457
2026-03-23T12:00:13.436247Z,377224464,450
2026-03-23T12:10:14.136218Z,377224561,468
2026-03-23T12:20:14.028485Z,377224640,471
2026-03-23T12:30:13.966276Z,377224722,466
2026-03-23T12:40:15.783220Z,377224794,463
2026-03-23T12:50:14.539003Z,377224903,467
2026-03-23T13:00:17.601139Z,377224997,458
2026-03-23T13:10:14.731493Z,377225098,475
2026-03-23T13:20:14.600157Z,377225212,486
2026-03-23T13:30:15.124115Z,377225321,474
2026-03-23T13:40:17.002887Z,377225456,459
2026-03-23T13:50:14.723248Z,377225669,530
2026-03-23T14:00:13.911832Z,377225764,538
2026-03-23T14:10:16.593046Z,377225890,542
2026-03-23T14:20:15.637806Z,377226043,530
2026-03-23T14:30:15.690990Z,377226183,556
2026-03-23T14:40:16.403134Z,377226341,587
2026-03-23T14:50:14.431302Z,377226463,549
2026-03-23T15:00:14.987348Z,377226599,539
2026-03-23T15:10:14.130857Z,377226710,497
2026-03-23T15:20:14.940874Z,377226851,501
2026-03-23T15:30:13.622827Z,377226968,486
2026-03-23T15:40:15.376855Z,377227092,469
2026-03-23T15:50:14.229341Z,377227213,456
2026-03-23T16:00:15.472876Z,377227384,422
2026-03-23T16:10:15.317541Z,377227427,453
2026-03-23T16:20:49.749330Z,377227724,457
2026-03-23T16:30:45.123256Z,377227874,451
2026-03-23T16:40:44.463789Z,377228012,464
2026-03-23T16:50:45.362776Z,377228136,461
2026-03-23T17:00:44.426489Z,377228280,447
2026-03-23T17:10:47.572306Z,377228437,456
2026-03-23T17:20:53.528096Z,377228624,410
2026-03-23T17:30:47.148884Z,377228822,436
2026-03-23T17:40:45.986540Z,377229003,429
2026-03-23T17:50:46.625614Z,377229188,458
2026-03-23T18:00:45.327665Z,377229374,469
2026-03-23T18:10:46.249090Z,377229578,429
2026-03-23T18:20:47.779641Z,377229780,462
2026-03-23T18:30:45.031539Z,377229967,485
2026-03-23T18:40:48.450433Z,377230175,515
2026-03-23T18:50:47.237332Z,377230379,542
2026-03-23T19:00:45.412230Z,377230565,528
2026-03-23T19:10:44.219163Z,377230810,527
2026-03-23T19:20:44.946875Z,377231009,542
2026-03-23T19:30:47.754425Z,377231246,538
2026-03-23T19:40:44.473386Z,377231469,582
2026-03-23T19:50:44.045869Z,377231652,569
2026-03-23T20:00:44.309773Z,377231894,612
2026-03-23T20:10:45.811229Z,377232109,573
2026-03-23T20:20:46.354284Z,377232317,567
2026-03-23T20:30:43.753240Z,377232557,564
2026-03-23T20:40:46.444267Z,377232744,578
2026-03-23T20:50:43.434884Z,377232924,573
2026-03-23T21:00:49.041988Z,377233123,551
2026-03-23T21:10:46.804572Z,377233389,574
2026-03-23T21:20:43.812293Z,377233664,578
2026-03-23T21:30:45.323808Z,377233972,570
2026-03-23T21:40:44.531586Z,377234196,588
2026-03-23T21:50:44.440932Z,377234432,586
2026-03-23T22:00:44.408982Z,377234675,636
2026-03-23T22:10:47.833345Z,377234963,630
2026-03-23T22:20:45.805533Z,377235212,630
2026-03-23T22:30:44.082349Z,377235436,599
2026-03-23T22:40:45.680198Z,377235680,605
2026-03-23T22:50:44.600544Z,377235919,636
2026-03-23T23:00:48.930198Z,377236143,641
2026-03-23T23:10:46.571377Z,377236387,627
2026-03-23T23:20:45.090407Z,377236600,618
2026-03-23T23:30:46.667024Z,377236796,637
2026-03-23T23:40:46.752175Z,377237015,649
2026-03-23T23:50:45.790473Z,377237284,668
2026-03-24T00:00:45.474522Z,377237489,635
2026-03-24T00:10:46.549486Z,377237663,597
2026-03-24T00:20:45.969885Z,377237900,615
2026-03-24T00:30:44.935063Z,377238175,658
2026-03-24T00:40:46.655169Z,377238428,644
2026-03-24T00:50:44.551337Z,377238684,650
2026-03-24T01:00:44.606397Z,377238945,696
2026-03-24T01:10:44.558801Z,377239151,678
2026-03-24T01:20:43.415150Z,377239410,695
2026-03-24T01:30:37.757179Z,377239666,666
2026-03-24T01:40:39.320658Z,377239902,666
2026-03-24T01:50:35.110845Z,377240150,692
2026-03-24T02:00:39.633513Z,377240329,687
2026-03-24T02:10:36.779312Z,377240547,683
2026-03-24T02:20:33.180420Z,377240752,690
2026-03-24T02:30:42.863287Z,377240967,696
2026-03-24T02:40:35.060552Z,377241172,701
2026-03-24T02:50:33.891952Z,377241413,690
2026-03-24T03:00:44.879684Z,377241597,675
2026-03-24T03:10:37.214415Z,377241784,672
2026-03-24T03:20:36.827165Z,377241978,651
2026-03-24T03:30:36.409004Z,377242142,655
2026-03-24T03:40:34.210617Z,377242333,632
2026-03-24T03:50:34.323500Z,377242495,595
2026-03-24T04:00:49.594559Z,377242639,590
2026-03-24T04:10:33.528248Z,377242751,563
2026-03-24T04:20:37.228619Z,377242920,535
2026-03-24T04:30:40.574288Z,377243076,518
2026-03-24T04:40:37.184404Z,377243232,509
2026-03-24T04:50:40.176167Z,377243392,514
2026-03-24T05:00:46.798179Z,377243504,505
2026-03-24T05:10:35.910142Z,377243608,503
2026-03-24T05:20:39.282479Z,377243700,482
2026-03-24T05:30:43.218997Z,377243810,449
2026-03-24T05:40:40.801771Z,377243907,432
2026-03-24T05:50:43.997775Z,377243993,414
2026-03-24T06:00:46.015647Z,377244110,409
2026-03-24T06:10:39.529949Z,377244232,409
2026-03-24T06:20:34.411008Z,377244299,403
2026-03-24T06:30:45.225573Z,377244359,395
2026-03-24T06:40:37.174353Z,377244443,384
2026-03-24T06:50:39.925942Z,377244534,394
2026-03-24T07:00:39.421217Z,377244622,392
2026-03-24T07:10:36.768064Z,377244735,400
2026-03-24T07:20:37.106223Z,377244834,396
2026-03-24T07:30:41.807294Z,377244900,393
2026-03-24T07:40:38.106268Z,377244984,394
2026-03-24T07:50:36.810480Z,377245093,395
2026-03-24T08:00:42.253073Z,377245206,404
2026-03-24T08:10:38.875287Z,377245294,396
2026-03-24T08:20:37.368025Z,377245392,385
2026-03-24T08:30:38.489725Z,377245469,401
2026-03-24T08:40:44.760501Z,377245572,395
2026-03-24T08:50:36.458344Z,377245648,422
2026-03-24T09:00:50.917813Z,377245755,442
2026-03-24T09:10:36.825005Z,377245846,420
2026-03-24T09:20:37.956696Z,377245922,432
2026-03-24T09:30:40.279073Z,377246009,422
2026-03-24T09:40:37.049787Z,377246070,416
2026-03-24T09:50:36.603572Z,377246138,417
2026-03-24T10:00:40.370056Z,377246221,430
2026-03-24T10:10:35.178087Z,377246286,440
2026-03-24T10:20:36.115899Z,377246371,450
2026-03-24T10:30:37.692393Z,377246442,444
2026-03-24T10:40:29.316545Z,377246529,444
2026-03-24T10:50:30.783613Z,377246610,434
2026-03-24T11:00:33.442705Z,377246706,457
2026-03-24T11:10:25.690995Z,377246774,446
2026-03-24T11:20:26.945244Z,377246869,416
2026-03-24T11:30:30.447277Z,377246950,404
2026-03-24T11:40:29.073187Z,377247069,410
2026-03-24T11:50:29.209436Z,377247208,419
2026-03-24T12:00:33.468669Z,377247326,430
2026-03-24T12:10:29.021234Z,377247424,407
2026-03-24T12:20:26.331632Z,377247496,414
2026-03-24T12:30:29.225094Z,377247575,393
2026-03-24T12:40:26.850516Z,377247695,412
2026-03-24T12:50:27.985264Z,377247803,409
2026-03-24T13:00:36.032153Z,377247904,410
2026-03-24T13:10:29.278303Z,377248059,460
2026-03-24T13:20:28.156743Z,377248155,454
2026-03-24T13:30:29.863105Z,377248259,430
2026-03-24T13:40:30.860304Z,377248365,431
2026-03-24T13:50:28.558787Z,377248482,408
2026-03-24T14:00:33.750482Z,377248572,405
2026-03-24T14:10:28.120014Z,377248717,412
2026-03-24T14:20:32.168463Z,377248855,425
2026-03-24T14:30:31.763441Z,377249021,436
2026-03-24T14:40:28.330697Z,377249166,446
2026-03-24T14:50:31.060781Z,377249278,446
2026-03-24T15:00:31.937584Z,377249377,448
2026-03-24T15:10:27.901365Z,377249520,453
2026-03-24T15:20:29.960861Z,377249672,471
2026-03-24T15:30:31.608847Z,377249822,454
2026-03-24T15:40:29.162030Z,377249956,442
2026-03-24T15:50:27.941642Z,377250114,468
2026-03-24T16:00:33.938717Z,377250268,476
2026-03-24T16:10:26.932831Z,377250434,456
2026-03-24T16:20:29.268892Z,377250597,482
2026-03-24T16:30:29.914362Z,377250764,460
2026-03-24T16:40:28.616604Z,377250924,491
2026-03-24T16:50:29.016379Z,377251119,486
2026-03-24T17:00:32.630163Z,377251333,527
2026-03-24T17:10:28.157755Z,377251482,495
2026-03-24T17:20:27.598448Z,377251624,517
2026-03-24T17:30:31.531619Z,377251803,516
2026-03-24T17:40:26.196672Z,377252062,539
2026-03-24T17:50:26.391629Z,377252279,532
2026-03-24T18:00:27.010357Z,377252516,543
2026-03-24T18:10:32.538512Z,377252715,542
2026-03-24T18:20:37.143168Z,377252936,571
2026-03-24T18:30:31.047147Z,377253125,559
2026-03-24T18:40:27.190974Z,377253297,541
2026-03-24T18:50:28.478305Z,377253506,518
2026-03-24T19:00:31.718293Z,377253684,526
2026-03-24T19:10:28.627872Z,377253891,554
2026-03-24T19:20:25.517337Z,377254083,553
2026-03-24T19:30:28.017736Z,377254328,583
2026-03-24T19:40:25.904421Z,377254578,597
2026-03-24T19:50:29.893411Z,377254795,623
2026-03-24T20:00:29.744569Z,377255031,632
2026-03-24T20:20:27.141722Z,377255464,648
2026-03-24T20:30:28.209031Z,377255729,656
2026-03-24T20:40:28.611679Z,377255937,627
2026-03-24T20:50:30.025288Z,377256121,652
2026-03-24T21:00:29.217300Z,377256296,643
2026-03-24T21:10:27.046442Z,377256556,638
2026-03-24T21:20:29.584092Z,377256789,592
2026-03-24T21:30:27.912920Z,377257047,590
2026-03-24T21:40:28.158885Z,377257302,624
2026-03-24T21:50:28.729641Z,377257522,628
2026-03-24T22:00:28.164092Z,377257701,634
2026-03-24T22:10:29.672823Z,377257896,648
2026-03-24T22:20:26.264812Z,377258130,649
2026-03-24T22:30:26.698280Z,377258323,626
2026-03-24T22:40:27.423330Z,377258543,634
2026-03-24T22:50:26.716649Z,377258842,654
2026-03-24T23:00:28.532112Z,377259156,641
2026-03-24T23:10:29.193992Z,377259437,677
2026-03-24T23:20:27.436523Z,377259682,650
2026-03-24T23:30:16.735516Z,377259920,657
2026-03-24T23:40:17.086966Z,377260123,672
2026-03-24T23:50:16.201816Z,377260315,674
2026-03-25T00:00:15.997606Z,377260580,710
2026-03-25T00:10:19.004499Z,377260796,721
2026-03-25T00:20:17.800950Z,377261019,714
2026-03-25T00:30:15.999039Z,377261189,697
2026-03-25T00:40:16.987231Z,377261352,677
2026-03-25T00:50:16.385689Z,377261545,648
2026-03-25T01:00:15.691182Z,377261750,645
2026-03-25T01:10:15.600637Z,377261952,650
2026-03-25T01:20:16.620233Z,377262170,648
2026-03-25T01:30:15.698509Z,377262350,561
2026-03-25T01:40:17.298970Z,377262545,557
2026-03-25T01:50:18.950509Z,377262740,575
2026-03-25T02:00:17.157102Z,377262983,586
2026-03-25T02:10:18.054252Z,377263202,615
2026-03-25T02:20:15.973829Z,377263379,601
2026-03-25T02:30:17.838003Z,377263582,593
2026-03-25T02:40:15.781483Z,377263816,619
2026-03-25T02:50:18.975864Z,377264002,602
2026-03-25T03:00:16.043619Z,377264185,606
2026-03-25T03:10:13.836087Z,377264403,597
2026-03-25T03:20:18.470737Z,377264579,601
2026-03-25T03:30:18.183913Z,377264757,561
2026-03-25T03:40:17.005380Z,377264943,563
2026-03-25T03:50:17.105478Z,377265151,563
2026-03-25T04:00:16.339676Z,377265322,538
2026-03-25T04:10:16.373822Z,377265498,521
2026-03-25T04:20:16.641294Z,377265679,519
2026-03-25T04:30:18.737214Z,377265843,517
2026-03-25T04:40:19.216522Z,377265985,528
2026-03-25T04:50:16.422308Z,377266149,520
2026-03-25T05:00:14.426417Z,377266326,508
2026-03-25T05:10:14.724754Z,377266496,513
2026-03-25T05:20:17.084874Z,377266641,510
2026-03-25T05:30:18.023158Z,377266788,499
2026-03-25T05:40:21.987057Z,377266885,486
2026-03-25T05:50:15.560935Z,377267017,470
2026-03-25T06:00:18.235620Z,377267130,443
2026-03-25T06:10:18.820319Z,377267234,436
2026-03-25T06:20:17.402831Z,377267341,422
2026-03-25T06:30:17.278092Z,377267445,420
2026-03-25T06:40:15.241268Z,377267574,402
2026-03-25T06:50:18.996384Z,377267730,397
2026-03-25T07:00:14.071378Z,377267847,404
2026-03-25T07:10:15.800824Z,377267943,396
2026-03-25T07:20:17.910431Z,377268044,413
2026-03-25T07:30:15.981673Z,377268141,392
2026-03-25T07:40:17.631700Z,377268229,375
2026-03-25T07:50:14.832963Z,377268304,366
2026-03-25T08:00:18.354425Z,377268366,364
2026-03-25T08:10:19.304101Z,377268475,364
2026-03-25T08:20:51.967633Z,377268565,370
2026-03-25T08:30:58.510422Z,377268660,382
2026-03-25T08:40:53.623489Z,377268757,368
2026-03-25T08:50:52.154146Z,377268856,356
2026-03-25T09:00:52.906793Z,377268942,346
2026-03-25T09:10:51.132358Z,377269046,356
2026-03-25T09:20:51.600255Z,377269120,366
2026-03-25T09:30:52.988801Z,377269199,373
2026-03-25T09:40:52.021365Z,377269279,372
2026-03-25T09:50:53.298324Z,377269360,338
2026-03-25T10:00:53.660823Z,377269466,300
2026-03-25T10:10:51.162947Z,377269543,291
2026-03-25T10:20:51.355372Z,377269623,297
2026-03-25T10:30:50.501367Z,377269698,312
2026-03-25T10:40:49.528033Z,377269785,313
2026-03-25T10:50:52.679329Z,377269893,309
2026-03-25T11:00:54.014804Z,377269994,322
2026-03-25T11:10:52.167806Z,377270082,315
2026-03-25T11:20:54.408935Z,377270195,342
2026-03-25T11:30:53.197366Z,377270309,343
2026-03-25T11:40:51.708860Z,377270425,338
2026-03-25T11:50:55.057560Z,377270538,344
2026-03-25T12:00:55.224648Z,377270608,347
2026-03-25T12:10:54.665358Z,377270696,365
2026-03-25T12:21:01.229850Z,377270757,347
2026-03-25T12:30:54.110934Z,377270856,348
2026-03-25T12:40:50.419508Z,377270947,351
2026-03-25T12:50:52.339568Z,377271074,348
2026-03-25T13:00:55.397578Z,377271193,310
2026-03-25T13:10:54.228791Z,377271304,323
2026-03-25T13:21:01.138349Z,377271411,332
2026-03-25T13:30:55.686543Z,377271523,348
2026-03-25T13:40:53.068685Z,377271670,350
2026-03-25T13:50:54.671636Z,377271773,357
2026-03-25T14:00:57.706392Z,377271848,344
2026-03-25T14:10:54.468253Z,377271987,353
2026-03-25T14:20:55.989231Z,377272139,374
2026-03-25T14:30:55.230559Z,377272263,386
2026-03-25T14:40:56.731429Z,377272361,390
2026-03-25T14:50:55.677396Z,377272489,398
2026-03-25T15:00:53.616439Z,377272645,415
2026-03-25T15:11:01.459704Z,377272831,463
2026-03-25T15:21:01.957393Z,377272989,452
2026-03-25T15:30:52.749801Z,377273152,475
2026-03-25T15:40:55.228260Z,377273282,508
2026-03-25T15:50:53.788356Z,377273395,497
2026-03-25T16:00:56.268523Z,377273559,495
2026-03-25T16:10:55.186716Z,377273689,525
2026-03-25T16:22:45.034786Z,377273875,520
2026-03-25T16:30:56.067828Z,377274010,529
2026-03-25T16:40:52.165053Z,377274170,567
2026-03-25T16:50:53.829088Z,377274335,554
2026-03-25T17:00:54.420448Z,377274523,566
2026-03-25T17:10:52.268522Z,377274643,576
2026-03-25T17:20:54.002718Z,377274786,574
2026-03-25T17:30:52.613600Z,377274917,578
2026-03-25T17:40:51.986297Z,377275101,608
2026-03-25T17:50:46.849271Z,377275264,593
2026-03-25T18:00:45.011669Z,377275407,577
2026-03-25T18:10:48.361884Z,377275580,569
2026-03-25T18:20:45.019934Z,377275731,554
2026-03-25T18:30:45.977518Z,377275890,559
2026-03-25T18:40:47.155160Z,377276037,546
2026-03-25T18:50:47.742593Z,377276219,558
2026-03-25T19:00:45.176890Z,377276396,561
2026-03-25T19:10:54.977094Z,377276590,566
2026-03-25T19:20:47.227605Z,377276792,568
2026-03-25T19:30:49.577477Z,377276954,531
2026-03-25T19:40:46.095159Z,377277130,543
2026-03-25T19:50:43.999149Z,377277319,550
2026-03-25T20:00:44.292024Z,377277489,559
2026-03-25T20:10:46.688111Z,377277640,547
2026-03-25T20:20:46.871618Z,377277842,593
2026-03-25T20:30:44.592612Z,377278029,584
2026-03-25T20:40:46.082160Z,377278235,553
2026-03-25T20:50:45.080283Z,377278465,603
2026-03-25T21:00:47.778220Z,377278662,626
2026-03-25T21:10:48.367621Z,377278860,606
2026-03-25T21:20:46.638749Z,377279063,610
2026-03-25T21:30:51.984262Z,377279269,627
2026-03-25T21:40:45.901486Z,377279506,626
2026-03-25T21:50:46.066089Z,377279791,689
2026-03-25T22:00:44.987400Z,377280001,708
2026-03-25T22:10:43.907842Z,377280197,703
2026-03-25T22:20:44.812958Z,377280370,704
2026-03-25T22:30:46.223023Z,377280575,725
2026-03-25T22:40:45.100713Z,377280824,762
2026-03-25T22:50:43.045850Z,377281121,765
2026-03-25T23:00:45.412726Z,377281305,753
2026-03-25T23:10:45.042985Z,377281518,775
2026-03-25T23:20:44.514412Z,377281752,737
2026-03-25T23:30:51.636736Z,377281955,705
2026-03-25T23:40:45.143975Z,377282156,716
2026-03-25T23:50:45.148804Z,377282332,719
2026-03-26T00:00:43.875732Z,377282526,736
2026-03-26T00:10:43.535435Z,377282738,760
2026-03-26T00:20:43.153500Z,377282896,757
2026-03-26T00:30:44.122206Z,377283068,732
2026-03-26T00:40:46.373526Z,377283218,727
2026-03-26T00:50:44.799464Z,377283369,712
2026-03-26T01:00:44.070670Z,377283521,713
2026-03-26T01:10:47.041006Z,377283682,724
2026-03-26T01:20:44.339581Z,377283905,754
2026-03-26T01:30:45.279316Z,377284077,767
2026-03-26T01:40:45.842454Z,377284259,734
2026-03-26T01:50:46.714176Z,377284450,731
2026-03-26T02:00:45.884087Z,377284632,744
2026-03-26T02:10:46.689280Z,377284865,757
2026-03-26T02:20:43.339770Z,377285005,723
2026-03-26T02:30:46.813768Z,377285159,716
2026-03-26T02:40:46.095386Z,377285316,728
2026-03-26T02:50:47.749739Z,377285567,727
2026-03-26T03:00:44.822890Z,377285746,721
2026-03-26T03:10:43.920215Z,377285965,717
2026-03-26T03:20:46.380298Z,377286136,687
2026-03-26T03:30:40.526052Z,377286301,695
2026-03-26T03:40:50.800798Z,377286534,652
2026-03-26T03:50:36.785590Z,377286750,646
2026-03-26T04:00:40.516096Z,377286916,607
2026-03-26T04:10:38.146863Z,377287100,618
2026-03-26T04:20:41.416155Z,377287264,625
2026-03-26T04:30:37.866950Z,377287431,596
2026-03-26T04:40:37.509817Z,377287564,576
2026-03-26T04:50:40.467397Z,377287694,564
2026-03-26T05:00:40.239265Z,377287855,532
2026-03-26T05:10:39.326217Z,377287989,524
2026-03-26T05:20:41.519489Z,377288146,490
2026-03-26T05:30:42.305201Z,377288309,499
2026-03-26T05:40:39.276202Z,377288486,480
2026-03-26T05:50:38.800795Z,377288677,485
2026-03-26T06:00:43.163665Z,377288798,465
2026-03-26T06:10:40.683521Z,377288950,472
2026-03-26T06:20:39.526351Z,377289077,467
2026-03-26T06:30:40.201596Z,377289193,471
2026-03-26T06:40:39.301820Z,377289304,464
2026-03-26T06:50:40.242033Z,377289411,465
2026-03-26T07:00:40.732619Z,377289522,452
2026-03-26T07:10:38.914196Z,377289644,450
2026-03-26T07:20:39.164319Z,377289721,449
2026-03-26T07:30:40.203710Z,377289846,438
2026-03-26T07:40:38.271746Z,377289937,445
2026-03-26T07:50:36.956207Z,377290019,454
2026-03-26T08:00:41.661402Z,377290136,462
2026-03-26T08:10:38.932849Z,377290247,449
2026-03-26T08:20:39.065018Z,377290343,446
2026-03-26T08:30:39.930448Z,377290441,441
2026-03-26T08:40:39.562775Z,377290542,444
2026-03-26T08:50:40.337985Z,377290608,418
2026-03-26T09:00:41.559350Z,377290681,413
2026-03-26T09:10:40.074151Z,377290746,405
2026-03-26T09:20:42.130236Z,377290824,395
2026-03-26T09:30:42.836116Z,377290905,387
2026-03-26T09:40:40.231957Z,377290974,367
2026-03-26T09:50:41.178707Z,377291040,367
2026-03-26T10:00:43.624196Z,377291108,356
2026-03-26T10:10:40.274841Z,377291159,349
2026-03-26T10:20:39.513108Z,377291233,357
2026-03-26T10:30:40.473372Z,377291305,358
2026-03-26T10:40:41.748800Z,377291368,365
2026-03-26T10:50:37.453846Z,377291432,365
2026-03-26T11:00:39.861152Z,377291515,356
2026-03-26T11:10:39.464777Z,377291589,360
2026-03-26T11:20:40.634094Z,377291669,375
2026-03-26T11:30:39.782920Z,377291733,368
2026-03-26T11:40:37.713880Z,377291822,367
2026-03-26T11:50:40.005420Z,377291951,386
2026-03-26T12:00:41.489784Z,377292021,377
2026-03-26T12:10:47.668254Z,377292144,404
2026-03-26T12:20:40.187331Z,377292268,378
2026-03-26T12:30:40.717586Z,377292325,369
2026-03-26T12:40:36.060767Z,377292407,386
2026-03-26T12:50:36.094009Z,377292536,390
2026-03-26T13:00:33.211831Z,377292674,422
2026-03-26T13:10:40.907500Z,377292780,403
2026-03-26T13:20:34.946073Z,377292917,427
2026-03-26T13:30:35.747710Z,377293059,458
2026-03-26T13:40:35.837174Z,377293163,458
2026-03-26T13:50:39.073566Z,377293286,467
2026-03-26T14:00:35.033159Z,377293367,479
2026-03-26T14:10:36.491033Z,377293480,480
2026-03-26T14:20:34.693167Z,377293566,476
2026-03-26T14:30:35.716961Z,377293657,494
2026-03-26T14:40:33.939499Z,377293790,470
2026-03-26T14:50:34.829636Z,377293899,473
2026-03-26T15:00:34.737003Z,377293974,474
2026-03-26T15:10:37.157019Z,377294113,492
2026-03-26T15:20:35.388588Z,377294253,485
2026-03-26T15:30:33.461246Z,377294360,502
2026-03-26T15:40:40.494803Z,377294478,507
2026-03-26T15:50:33.722615Z,377294598,510
2026-03-26T16:00:40.821492Z,377294753,520
2026-03-26T16:10:35.617739Z,377294855,511
2026-03-26T16:20:35.171113Z,377294983,491
2026-03-26T16:30:35.473171Z,377295082,470
2026-03-26T16:40:45.053717Z,377295252,515
2026-03-26T16:50:35.241549Z,377295421,525
2026-03-26T17:00:36.603697Z,377295648,531
2026-03-26T17:10:34.603358Z,377295804,546
2026-03-26T17:20:38.445217Z,377296002,533
2026-03-26T17:30:34.398235Z,377296196,566
2026-03-26T17:40:34.934046Z,377296386,573
2026-03-26T17:50:38.376398Z,377296595,597
2026-03-26T18:00:42.683634Z,377296780,576
2026-03-26T18:10:32.458692Z,377296947,569
2026-03-26T18:20:34.897751Z,377297169,594
2026-03-26T18:30:37.001162Z,377297321,596
2026-03-26T18:40:35.802333Z,377297450,593
2026-03-26T18:50:32.430130Z,377297625,597
2026-03-26T19:00:38.521517Z,377297807,596
2026-03-26T19:10:35.695797Z,377297994,597
2026-03-26T19:20:36.658622Z,377298148,593
2026-03-26T19:30:37.771684Z,377298308,599
2026-03-26T19:40:32.472957Z,377298495,618
2026-03-26T19:50:33.395857Z,377298649,613
2026-03-26T20:00:34.446381Z,377298847,643
2026-03-26T20:10:38.494259Z,377299021,613
2026-03-26T20:20:34.998067Z,377299230,612
2026-03-26T20:30:37.737658Z,377299477,589
2026-03-26T20:40:34.954428Z,377299680,579
2026-03-26T20:50:34.645548Z,377299898,600
2026-03-26T21:00:37.455710Z,377300105,624
2026-03-26T21:10:37.223547Z,377300282,596
2026-03-26T21:20:35.137269Z,377300446,566
2026-03-26T21:30:34.784964Z,377300671,592
2026-03-26T21:40:32.852163Z,377300905,549
2026-03-26T21:50:35.995065Z,377301140,533
2026-03-26T22:00:35.152967Z,377301361,555
2026-03-26T22:10:35.881020Z,377301644,563
2026-03-26T22:20:42.587897Z,377301862,553
2026-03-26T22:30:45.286349Z,377302058,567
2026-03-26T22:40:42.487094Z,377302261,536
2026-03-26T22:50:43.992902Z,377302486,538
2026-03-26T23:00:45.799621Z,377302760,560
2026-03-26T23:10:46.796781Z,377302943,602
2026-03-26T23:20:45.574065Z,377303175,621
2026-03-26T23:30:44.947567Z,377303406,645
2026-03-26T23:40:45.835822Z,377303636,639
2026-03-26T23:50:45.169600Z,377303805,639
2026-03-27T00:00:46.600544Z,377304042,610
2026-03-27T00:10:45.926028Z,377304254,594
2026-03-27T00:20:44.221809Z,377304471,614
2026-03-27T00:30:47.531312Z,377304712,609
2026-03-27T00:40:46.071735Z,377304904,572
2026-03-27T00:50:44.348717Z,377305134,548
2026-03-27T01:00:47.136760Z,377305333,555
2026-03-27T01:10:43.043703Z,377305577,558
2026-03-27T01:20:47.699604Z,377305769,582
2026-03-27T01:30:49.169585Z,377305952,568
2026-03-27T01:40:44.420587Z,377306140,574
2026-03-27T01:50:47.861357Z,377306357,565
2026-03-27T02:00:47.966647Z,377306577,568
2026-03-27T02:10:45.502701Z,377306737,565
2026-03-27T02:20:47.065647Z,377306998,560
2026-03-27T02:30:46.852032Z,377307183,576
2026-03-27T02:40:45.163598Z,377307420,588
2026-03-27T02:50:45.344379Z,377307631,587
2026-03-27T03:00:52.009483Z,377307871,609
2026-03-27T03:10:46.766056Z,377308054,610
2026-03-27T03:20:46.037573Z,377308201,575
2026-03-27T03:30:49.427779Z,377308351,576
2026-03-27T03:40:49.858623Z,377308533,573
2026-03-27T03:50:48.028608Z,377308687,592
2026-03-27T04:00:58.496294Z,377308840,573
2026-03-27T04:10:48.218252Z,377308983,573
2026-03-27T04:20:46.421612Z,377309132,551
2026-03-27T04:30:48.536955Z,377309307,536
2026-03-27T04:40:44.712639Z,377309457,496
2026-03-27T04:50:47.825945Z,377309628,506
2026-03-27T05:00:54.071171Z,377309781,468
2026-03-27T05:10:45.451658Z,377309907,457
2026-03-27T05:20:44.786933Z,377310074,475
2026-03-27T05:30:57.524482Z,377310237,490
2026-03-27T05:40:55.002622Z,377310363,455
2026-03-27T05:50:51.160732Z,377310488,431
2026-03-27T06:01:02.368054Z,377310626,439
2026-03-27T06:10:46.947754Z,377310764,434
2026-03-27T06:20:51.501617Z,377310878,425
2026-03-27T06:30:52.732303Z,377311054,454
2026-03-27T06:40:48.768366Z,377311199,441
2026-03-27T06:50:49.476405Z,377311343,454
2026-03-27T07:01:09.163046Z,377311451,437
2026-03-27T07:10:55.382710Z,377311506,432
2026-03-27T07:20:50.095547Z,377311584,434
2026-03-27T07:30:51.744212Z,377311663,437
2026-03-27T07:40:37.096422Z,377311767,431
2026-03-27T07:50:34.827038Z,377311889,404
2026-03-27T08:00:31.927421Z,377312089,447
2026-03-27T08:10:32.111202Z,377312213,471
2026-03-27T08:20:34.647602Z,377312336,472
2026-03-27T08:30:33.523311Z,377312463,487
2026-03-27T08:40:40.879532Z,377312579,479
2026-03-27T08:50:33.902842Z,377312717,475
2026-03-27T09:00:33.760556Z,377312818,482
2026-03-27T09:10:32.181785Z,377312906,457
2026-03-27T09:20:33.566898Z,377312993,446
2026-03-27T09:30:33.368924Z,377313094,394
2026-03-27T09:40:32.300731Z,377313205,377
2026-03-27T09:50:35.452610Z,377313314,338
2026-03-27T10:00:33.515150Z,377313417,333
2026-03-27T10:10:41.623098Z,377313492,313
2026-03-27T10:20:34.344645Z,377313579,321
2026-03-27T10:30:34.832591Z,377313635,318
2026-03-27T10:40:32.260510Z,377313696,322
2026-03-27T10:50:34.033975Z,377313788,332
2026-03-27T11:00:36.398699Z,377313876,332
2026-03-27T11:10:41.629389Z,377313954,324
2026-03-27T11:20:31.855614Z,377314044,321
2026-03-27T11:30:36.634217Z,377314131,326
2026-03-27T11:40:33.617208Z,377314222,309
2026-03-27T11:50:31.755364Z,377314315,319
2026-03-27T12:00:46.952417Z,377314422,318
2026-03-27T12:10:33.691333Z,377314505,295
2026-03-27T12:20:35.660036Z,377314571,289
2026-03-27T12:30:34.273407Z,377314638,288
2026-03-27T12:40:34.046400Z,377314705,300
2026-03-27T12:50:35.052073Z,377314783,296
2026-03-27T13:00:35.935869Z,377314898,306
2026-03-27T13:10:40.048005Z,377315009,304
2026-03-27T13:20:37.996556Z,377315117,296
2026-03-27T13:30:37.138769Z,377315217,338
2026-03-27T13:40:40.237982Z,377315342,357
2026-03-27T13:50:38.181974Z,377315434,352
2026-03-27T14:00:41.653473Z,377315568,362
2026-03-27T14:10:37.093866Z,377315688,362
2026-03-27T14:20:36.706173Z,377315806,374
2026-03-27T14:30:37.748490Z,377315914,379
2026-03-27T14:40:34.404784Z,377316000,376
2026-03-27T14:50:35.325819Z,377316116,381
2026-03-27T15:00:36.536573Z,377316273,396
2026-03-27T15:10:37.304384Z,377316465,441
2026-03-27T15:20:40.113507Z,377316574,459
2026-03-27T15:30:36.664019Z,377316684,456
2026-03-27T15:40:35.309999Z,377316800,483
2026-03-27T15:50:36.015716Z,377316911,488
2026-03-27T16:00:37.106006Z,377317067,487
2026-03-27T16:10:40.572326Z,377317233,462
2026-03-27T16:20:36.240985Z,377317437,438
2026-03-27T16:30:36.117648Z,377317639,445
2026-03-27T16:40:34.667995Z,377317771,446
2026-03-27T16:50:35.352626Z,377317907,452
2026-03-27T17:00:38.176352Z,377318028,458
2026-03-27T17:11:01.630578Z,377318213,443
2026-03-27T17:21:04.004315Z,377318361,469
2026-03-27T17:31:00.343064Z,377318492,467
2026-03-27T17:41:03.531461Z,377318645,482
2026-03-27T17:51:06.638164Z,377318822,510
2026-03-27T18:00:59.357466Z,377318982,515
2026-03-27T18:10:58.289731Z,377319107,505
2026-03-27T18:20:59.700870Z,377319219,497
2026-03-27T18:31:02.017296Z,377319353,515
2026-03-27T18:40:58.751994Z,377319498,438
2026-03-27T18:51:00.285933Z,377319661,428
2026-03-27T19:00:59.455215Z,377319843,450
2026-03-27T19:11:04.617156Z,377320052,449
2026-03-27T19:21:01.923110Z,377320339,506
2026-03-27T19:30:59.489834Z,377320605,499
2026-03-27T19:41:00.538753Z,377320804,498
2026-03-27T19:50:57.380374Z,377321036,510
2026-03-27T20:01:01.409265Z,377321270,498
2026-03-27T20:10:59.356671Z,377321506,483
2026-03-27T20:21:00.155967Z,377321732,528
2026-03-27T20:31:02.974923Z,377321958,527
2026-03-27T20:40:59.380146Z,377322193,557
2026-03-27T20:50:59.378216Z,377322382,540
2026-03-27T21:00:57.462700Z,377322569,531
2026-03-27T21:10:59.485128Z,377322811,536
2026-03-27T21:20:59.334589Z,377323074,580
2026-03-27T21:30:59.255463Z,377323314,565
2026-03-27T21:41:00.800561Z,377323602,574
2026-03-27T21:50:57.037559Z,377323817,560
2026-03-27T22:00:59.557083Z,377324028,553
2026-03-27T22:10:59.136330Z,377324244,582
2026-03-27T22:20:57.237085Z,377324515,613
2026-03-27T22:30:59.432235Z,377324748,582
2026-03-27T22:40:59.482050Z,377324978,599
2026-03-27T22:51:00.610130Z,377325227,559
2026-03-27T23:01:03.499778Z,377325479,597
2026-03-27T23:11:01.658917Z,377325699,596
2026-03-27T23:21:02.214743Z,377325932,619
2026-03-27T23:31:00.679852Z,377326205,603
2026-03-27T23:40:58.816702Z,377326460,576
2026-03-27T23:50:59.735631Z,377326719,578
2026-03-28T00:00:58.132666Z,377326951,586
2026-03-28T00:10:58.946424Z,377327192,565
2026-03-28T00:21:00.355359Z,377327421,589
2026-03-28T00:31:01.246420Z,377327694,623
2026-03-28T00:40:58.990116Z,377328001,663
2026-03-28T00:51:00.512556Z,377328262,635
2026-03-28T01:01:00.234087Z,377328554,645
2026-03-28T01:11:00.017754Z,377328811,665
2026-03-28T01:20:59.821186Z,377329072,679
2026-03-28T01:30:58.165670Z,377329287,649
2026-03-28T01:40:59.044430Z,377329579,675
2026-03-28T01:51:01.324354Z,377329820,687
2026-03-28T02:00:57.850029Z,377330108,696
2026-03-28T02:11:04.392489Z,377330382,679
2026-03-28T02:20:42.703924Z,377330631,711
2026-03-28T02:30:45.670434Z,377330832,707
2026-03-28T02:40:40.947360Z,377331060,724
2026-03-28T02:50:40.285189Z,377331283,704
2026-03-28T03:00:50.888034Z,377331509,686
2026-03-28T03:10:43.512215Z,377331677,670
2026-03-28T03:20:49.518500Z,377331840,634
2026-03-28T03:30:51.741962Z,377332037,636
2026-03-28T03:40:44.122163Z,377332264,645
2026-03-28T03:50:47.071254Z,377332509,628
2026-03-28T04:00:48.250545Z,377332797,692
2026-03-28T04:10:49.334900Z,377333077,681
2026-03-28T04:20:44.579137Z,377333298,678
2026-03-28T04:30:52.825821Z,377333504,666
2026-03-28T04:40:44.568528Z,377333672,650
2026-03-28T04:50:44.826870Z,377333850,678
2026-03-28T05:00:50.340487Z,377334065,679
2026-03-28T05:10:47.489841Z,377334322,720
2026-03-28T05:20:45.673904Z,377334603,712
2026-03-28T05:30:54.727834Z,377334808,692
2026-03-28T05:40:50.648926Z,377334999,692
2026-03-28T05:50:43.813222Z,377335182,663
2026-03-28T06:00:56.372389Z,377335372,675
2026-03-28T06:10:48.923219Z,377335531,685
2026-03-28T06:20:50.095657Z,377335674,653
2026-03-28T06:30:55.324382Z,377335822,599
2026-03-28T06:40:45.141713Z,377335997,600
2026-03-28T06:50:49.200713Z,377336192,611
2026-03-28T07:00:57.739262Z,377336320,590
2026-03-28T07:10:45.589609Z,377336468,582
2026-03-28T07:20:46.419214Z,377336612,525
2026-03-28T07:30:57.990917Z,377336767,512
2026-03-28T07:40:45.016538Z,377336906,459
2026-03-28T07:50:44.117566Z,377337068,474
2026-03-28T08:00:49.935205Z,377337165,445
2026-03-28T08:10:49.132694Z,377337264,446
2026-03-28T08:20:46.904816Z,377337350,428
2026-03-28T08:30:44.220853Z,377337447,417
2026-03-28T08:40:43.410434Z,377337559,403
2026-03-28T08:50:45.177567Z,377337655,400
2026-03-28T09:00:49.509837Z,377337736,388
2026-03-28T09:10:42.689617Z,377337820,397
2026-03-28T09:20:48.418882Z,377337895,392
2026-03-28T09:30:48.336283Z,377337990,400
2026-03-28T09:40:46.047911Z,377338118,415
2026-03-28T09:50:44.326210Z,377338246,400
2026-03-28T10:00:47.758010Z,377338351,388
2026-03-28T10:10:47.131795Z,377338487,401
2026-03-28T10:20:43.989997Z,377338603,400
2026-03-28T10:30:43.173916Z,377338735,394
2026-03-28T10:40:46.663005Z,377338813,403
2026-03-28T10:50:41.642891Z,377338917,404
2026-03-28T11:00:46.600406Z,377339020,401
2026-03-28T11:10:49.170362Z,377339115,416
2026-03-28T11:20:43.518578Z,377339257,413
2026-03-28T11:30:51.509687Z,377339369,432
2026-03-28T11:40:50.492847Z,377339496,419
2026-03-28T11:50:47.788832Z,377339612,411
2026-03-28T12:01:04.284583Z,377339769,405
2026-03-28T12:10:47.266110Z,377339910,394
2026-03-28T12:20:47.961602Z,377340052,425
2026-03-28T12:30:53.348971Z,377340178,439
2026-03-28T12:40:46.775887Z,377340351,451
2026-03-28T12:50:47.249010Z,377340553,428
2026-03-28T13:00:58.459039Z,377340724,439
2026-03-28T13:10:43.636472Z,377340861,462
2026-03-28T13:20:46.213996Z,377341014,447
2026-03-28T13:30:53.176321Z,377341138,458
2026-03-28T13:40:48.256380Z,377341277,461
2026-03-28T13:50:47.828615Z,377341405,468
2026-03-28T14:01:00.074035Z,377341560,500
2026-03-28T14:10:49.786092Z,377341707,498
2026-03-28T14:20:48.503493Z,377341882,506
2026-03-28T14:30:55.679399Z,377342069,515
2026-03-28T14:40:49.273831Z,377342223,529
2026-03-28T14:50:47.373109Z,377342394,530
2026-03-28T15:01:06.920362Z,377342573,545
2026-03-28T15:10:47.875107Z,377342694,536
2026-03-28T15:20:50.654993Z,377342874,560
2026-03-28T15:30:54.150977Z,377343054,563
2026-03-28T15:40:49.664537Z,377343214,560
2026-03-28T15:50:49.050091Z,377343411,584
2026-03-28T16:00:50.474035Z,377343581,609
2026-03-28T16:10:44.383170Z,377343784,617
2026-03-28T16:20:45.316281Z,377343967,631
2026-03-28T16:30:50.171100Z,377344143,661
2026-03-28T16:40:44.190522Z,377344361,655
2026-03-28T16:50:44.055905Z,377344657,717
2026-03-28T17:00:49.394748Z,377344911,727
2026-03-28T17:10:45.222105Z,377345200,755
2026-03-28T17:20:46.549193Z,377345470,758
2026-03-28T17:30:49.555653Z,377345780,779
2026-03-28T17:40:40.596414Z,377345985,789
2026-03-28T17:50:43.858896Z,377346264,776
2026-03-28T18:00:49.667683Z,377346538,761
2026-03-28T18:10:45.289596Z,377346868,750
2026-03-28T18:20:43.207661Z,377347170,791
2026-03-28T18:30:46.636484Z,377347410,804
2026-03-28T18:40:45.754000Z,377347632,797
2026-03-28T18:50:43.929290Z,377347879,816
2026-03-28T19:00:46.893924Z,377348118,826
2026-03-28T19:10:44.184279Z,377348404,830
2026-03-28T19:20:43.799161Z,377348649,848
2026-03-28T19:30:46.839131Z,377348904,858
2026-03-28T19:40:43.958408Z,377349145,851
2026-03-28T19:50:45.316118Z,377349417,874
2026-03-28T20:00:44.542600Z,377349657,872
2026-03-28T20:10:42.857427Z,377349918,899
2026-03-28T20:20:44.035723Z,377350195,872
2026-03-28T20:30:41.829340Z,377350507,882
2026-03-28T20:40:40.465022Z,377350817,844
2026-03-28T20:50:40.896192Z,377351116,844
2026-03-28T21:00:45.496829Z,377351408,826
2026-03-28T21:10:39.960889Z,377351661,808
2026-03-28T21:20:42.888943Z,377351914,803
2026-03-28T21:30:40.921308Z,377352121,794
2026-03-28T21:40:39.225921Z,377352400,779
2026-03-28T21:50:42.808964Z,377352646,791
2026-03-28T22:00:43.135842Z,377352932,818
2026-03-28T22:10:38.099842Z,377353164,824
2026-03-28T22:20:40.497182Z,377353368,795
2026-03-28T22:30:41.473640Z,377353597,757
2026-03-28T22:40:40.476163Z,377353834,714
2026-03-28T22:50:40.545721Z,377354042,687
2026-03-28T23:00:42.505298Z,377354283,690
2026-03-28T23:10:42.958626Z,377354487,681
2026-03-28T23:20:37.311256Z,377354716,705
2026-03-28T23:30:40.303234Z,377355022,710
2026-03-28T23:40:40.106660Z,377355247,744
2026-03-28T23:50:36.996084Z,377355475,761
2026-03-29T00:00:43.579201Z,377355696,760
2026-03-29T00:10:41.606138Z,377355946,796
2026-03-29T00:20:40.022143Z,377356189,785
2026-03-29T00:30:39.106199Z,377356445,811
2026-03-29T00:40:39.434124Z,377356691,838
2026-03-29T00:50:38.270127Z,377356977,846
2026-03-29T01:00:39.992548Z,377357218,865
2026-03-29T01:10:38.161184Z,377357507,839
2026-03-29T01:20:40.540789Z,377357723,789
2026-03-29T01:30:41.241786Z,377357979,781
2026-03-29T01:40:38.423510Z,377358214,775
2026-03-29T01:50:37.396385Z,377358452,783
2026-03-29T02:00:38.793487Z,377358734,735
2026-03-29T02:10:38.366675Z,377358986,685
2026-03-29T02:20:37.545537Z,377359255,659
2026-03-29T02:30:37.310316Z,377359507,694
2026-03-29T02:40:37.993490Z,377359770,692
2026-03-29T02:50:38.888764Z,377359999,691
2026-03-29T03:00:37.472359Z,377360201,687
2026-03-29T03:10:42.529084Z,377360439,710
2026-03-29T03:20:37.336583Z,377360649,705
2026-03-29T03:30:38.275993Z,377360867,729
2026-03-29T03:40:43.352274Z,377361147,704
2026-03-29T03:50:38.558665Z,377361452,675
2026-03-29T04:00:39.972068Z,377361689,669
2026-03-29T04:10:40.221759Z,377361926,686
2026-03-29T04:20:38.182479Z,377362175,685
2026-03-29T04:30:35.979190Z,377362371,673
2026-03-29T04:40:39.493829Z,377362591,674
2026-03-29T04:50:37.938085Z,377362867,651
2026-03-29T05:00:39.615413Z,377363134,636
2026-03-29T05:10:37.894388Z,377363378,661
2026-03-29T05:20:37.309836Z,377363600,622
2026-03-29T05:30:38.221973Z,377363803,599
2026-03-29T05:40:36.601965Z,377364012,580
2026-03-29T05:50:33.034562Z,377364197,579
2026-03-29T06:00:42.105531Z,377364449,588
2026-03-29T06:10:36.945998Z,377364668,590
2026-03-29T06:20:37.111594Z,377364832,574
2026-03-29T06:30:39.054737Z,377365039,576
2026-03-29T06:40:32.548404Z,377365241,604
2026-03-29T06:50:34.817879Z,377365410,605
2026-03-29T07:00:37.683663Z,377365561,590
2026-03-29T07:10:36.929790Z,377365770,602
2026-03-29T07:20:34.970687Z,377365964,617
2026-03-29T07:30:33.485140Z,377366122,625
2026-03-29T07:40:34.751571Z,377366247,591
2026-03-29T07:50:33.846015Z,377366386,577
2026-03-29T08:00:36.969841Z,377366553,601
2026-03-29T08:10:46.613138Z,377366755,643
2026-03-29T08:20:32.490174Z,377366897,633
2026-03-29T08:30:37.059881Z,377367017,620
2026-03-29T08:40:35.803634Z,377367152,627
2026-03-29T08:50:38.052695Z,377367291,589
2026-03-29T09:00:34.235404Z,377367391,548
2026-03-29T09:10:35.553669Z,377367510,522
2026-03-29T09:20:36.134396Z,377367629,521
2026-03-29T09:30:34.179259Z,377367743,519
2026-03-29T09:40:35.381461Z,377367863,524
2026-03-29T09:50:34.084822Z,377367958,510
2026-03-29T10:00:37.087042Z,377368092,533
2026-03-29T10:10:34.031638Z,377368207,535
2026-03-29T10:20:36.644430Z,377368319,524
2026-03-29T10:30:35.235579Z,377368450,513
2026-03-29T10:40:35.200003Z,377368563,528
2026-03-29T10:50:33.513601Z,377368700,527
2026-03-29T11:00:31.982164Z,377368845,515
2026-03-29T11:10:36.566689Z,377368980,491
2026-03-29T11:20:36.840124Z,377369132,499
2026-03-29T11:30:35.492855Z,377369276,521
2026-03-29T11:40:36.123508Z,377369406,530
2026-03-29T11:50:34.322836Z,377369561,498
2026-03-29T12:00:32.174214Z,377369710,488
2026-03-29T12:10:35.040586Z,377369897,542
2026-03-29T12:20:38.203297Z,377370007,514
2026-03-29T12:30:34.271126Z,377370133,522
2026-03-29T12:40:34.398586Z,377370276,536
2026-03-29T12:50:34.034886Z,377370402,546
2026-03-29T13:00:36.186986Z,377370520,553
2026-03-29T13:10:35.356966Z,377370685,540
2026-03-29T13:20:36.584483Z,377370850,573
2026-03-29T13:30:34.490851Z,377371052,627
2026-03-29T13:40:34.367993Z,377371276,614
2026-03-29T13:50:34.887783Z,377371428,615
2026-03-29T14:00:34.986655Z,377371554,606
2026-03-29T14:10:35.920272Z,377371706,608
2026-03-29T14:20:34.279462Z,377371850,602
2026-03-29T14:30:33.227336Z,377372026,582
2026-03-29T14:40:27.641560Z,377372205,613
2026-03-29T14:50:29.490002Z,377372349,584
2026-03-29T15:00:30.656194Z,377372499,585
2026-03-29T15:10:30.056444Z,377372684,577
2026-03-29T15:20:31.649189Z,377372879,618
2026-03-29T15:30:28.939376Z,377373048,635
2026-03-29T15:40:30.183054Z,377373270,626
2026-03-29T15:50:30.351648Z,377373481,603
2026-03-29T16:00:30.764333Z,377373748,601
2026-03-29T16:10:42.802655Z,377374024,639
2026-03-29T16:20:29.805942Z,377374278,657
2026-03-29T16:30:31.397160Z,377374511,667
2026-03-29T16:40:29.569066Z,377374742,704
2026-03-29T16:50:29.542144Z,377374937,720
2026-03-29T17:00:30.531649Z,377375168,761
2026-03-29T17:10:29.240180Z,377375407,765
2026-03-29T17:20:29.777823Z,377375749,820
2026-03-29T17:30:30.328853Z,377375988,831
2026-03-29T17:40:31.399573Z,377376277,811
2026-03-29T17:50:31.750253Z,377376555,827
2026-03-29T18:00:30.330267Z,377376854,844
2026-03-29T18:10:30.809184Z,377377159,870
2026-03-29T18:20:29.382745Z,377377405,849
2026-03-29T18:30:30.936555Z,377377702,852
2026-03-29T18:40:29.189238Z,377378115,895
2026-03-29T18:50:28.989061Z,377378419,893
2026-03-29T19:00:28.845258Z,377378686,901
2026-03-29T19:10:30.831165Z,377378932,903
2026-03-29T19:20:29.228798Z,377379241,924
2026-03-29T19:30:30.354501Z,377379545,911
2026-03-29T19:40:30.834362Z,377379819,900
2026-03-29T19:50:32.132868Z,377380111,877
2026-03-29T20:00:30.735449Z,377380503,903
2026-03-29T20:10:29.475571Z,377380865,914
2026-03-29T20:20:32.038606Z,377381161,883
2026-03-29T20:30:39.375198Z,377381499,901
2026-03-29T20:40:30.617032Z,377381821,890
2026-03-29T20:50:32.113142Z,377382076,880
2026-03-29T21:00:31.484687Z,377382275,861
2026-03-29T21:10:27.391870Z,377382515,884
2026-03-29T21:20:29.724777Z,377382835,896
2026-03-29T21:30:29.840336Z,377383103,884
2026-03-29T21:40:31.199519Z,377383379,861
2026-03-29T21:50:31.134378Z,377383688,827
2026-03-29T22:00:30.770051Z,377383968,842
2026-03-29T22:10:29.584882Z,377384344,851
2026-03-29T22:20:31.231510Z,377384634,871
2026-03-29T22:30:31.228801Z,377384896,851
2026-03-29T22:40:33.232752Z,377385219,861
2026-03-29T22:50:31.777317Z,377385427,789
2026-03-29T23:00:31.047036Z,377385696,775
2026-03-29T23:10:28.113573Z,377386004,761
2026-03-29T23:20:31.251476Z,377386330,766
2026-03-29T23:30:30.249932Z,377386575,753
2026-03-29T23:40:28.651236Z,377386767,742
2026-03-29T23:50:26.746758Z,377386973,757
2026-03-30T00:00:28.442411Z,377387159,760
2026-03-30T00:10:31.041087Z,377387410,773
2026-03-30T00:20:23.817722Z,377387562,764
2026-03-30T00:30:24.044355Z,377387789,731
2026-03-30T00:40:24.632792Z,377387960,720
2026-03-30T00:50:23.740239Z,377388136,726
2026-03-30T01:00:26.186669Z,377388300,716
2026-03-30T01:10:23.650057Z,377388511,655
2026-03-30T01:20:24.018281Z,377388726,672
2026-03-30T01:30:26.759949Z,377388919,667
2026-03-30T01:40:23.152830Z,377389092,673
2026-03-30T01:50:24.902157Z,377389306,671
2026-03-30T02:00:26.086037Z,377389523,665
2026-03-30T02:10:24.130359Z,377389717,647
2026-03-30T02:20:21.521329Z,377389900,642
2026-03-30T02:30:22.379886Z,377390089,649
2026-03-30T02:40:29.752330Z,377390308,660
2026-03-30T02:50:20.773453Z,377390499,652
2026-03-30T03:00:33.433083Z,377390712,678
2026-03-30T03:10:26.117025Z,377390854,661
2026-03-30T03:20:23.032407Z,377391045,669
2026-03-30T03:30:27.173782Z,377391273,677
2026-03-30T03:40:23.689810Z,377391447,679
2026-03-30T03:50:23.156209Z,377391646,656
2026-03-30T04:00:26.570718Z,377391807,601
2026-03-30T04:10:24.366007Z,377391967,607
2026-03-30T04:20:26.863667Z,377392153,599
2026-03-30T04:30:27.241401Z,377392328,590
2026-03-30T04:40:24.222851Z,377392484,601
2026-03-30T04:50:22.767983Z,377392572,584
2026-03-30T05:00:32.251685Z,377392735,567
2026-03-30T05:10:27.249856Z,377392897,527
2026-03-30T05:20:24.661040Z,377393048,492
2026-03-30T05:30:27.161373Z,377393148,495
2026-03-30T05:40:26.777399Z,377393219,483
2026-03-30T05:50:35.451682Z,377393315,469
2026-03-30T06:00:33.827120Z,377393417,471
2026-03-30T06:10:27.101973Z,377393553,476
2026-03-30T06:20:25.672613Z,377393627,463
2026-03-30T06:30:32.282747Z,377393741,482
2026-03-30T06:40:25.846938Z,377393855,480
2026-03-30T06:50:27.255828Z,377394018,509
2026-03-30T07:00:39.686461Z,377394144,487
2026-03-30T07:10:28.497659Z,377394246,493
2026-03-30T07:20:27.273933Z,377394351,458
2026-03-30T07:30:27.779659Z,377394470,459
2026-03-30T07:40:27.134881Z,377394569,449
2026-03-30T07:50:26.991119Z,377394655,444
2026-03-30T08:00:35.022296Z,377394728,382
2026-03-30T08:10:26.297946Z,377394828,380
2026-03-30T08:20:26.902064Z,377394882,378
2026-03-30T08:30:27.169873Z,377394939,382
2026-03-30T08:40:26.112689Z,377394998,379
2026-03-30T08:50:25.883078Z,377395061,364
2026-03-30T09:00:31.029070Z,377395187,368
2026-03-30T09:10:36.884862Z,377395263,359
2026-03-30T09:20:32.325526Z,377395319,347
2026-03-30T09:30:35.232210Z,377395404,370
2026-03-30T09:40:36.506469Z,377395509,364
2026-03-30T09:50:34.031042Z,377395587,361
2026-03-30T10:00:40.208786Z,377395652,339
2026-03-30T10:10:32.439969Z,377395696,344
2026-03-30T10:20:35.030446Z,377395765,348
2026-03-30T10:30:37.192704Z,377395840,314
2026-03-30T10:40:35.941289Z,377395917,304
2026-03-30T10:50:31.930965Z,377396022,318
2026-03-30T11:00:40.757046Z,377396101,360
2026-03-30T11:10:33.607582Z,377396203,355
2026-03-30T11:20:35.172924Z,377396265,353
2026-03-30T11:30:39.357739Z,377396327,358
2026-03-30T11:40:40.067377Z,377396410,363
2026-03-30T11:50:38.236465Z,377396477,355
2026-03-30T12:00:58.491023Z,377396543,339
2026-03-30T12:10:36.986879Z,377396619,314
2026-03-30T12:20:37.532207Z,377396722,344
2026-03-30T12:30:41.826662Z,377396806,346
2026-03-30T12:40:41.054394Z,377396887,352
2026-03-30T12:50:39.432213Z,377397002,351
2026-03-30T13:00:42.505073Z,377397142,340
2026-03-30T13:10:41.642498Z,377397253,347
2026-03-30T13:20:40.594268Z,377397358,344
2026-03-30T13:30:55.940699Z,377397497,355
2026-03-30T13:40:41.063106Z,377397636,368
2026-03-30T13:50:35.991554Z,377397748,370
2026-03-30T14:00:41.293772Z,377397880,391
2026-03-30T14:10:43.147863Z,377398044,404
2026-03-30T14:20:41.483595Z,377398206,412
2026-03-30T14:30:38.183292Z,377398350,404
2026-03-30T14:40:42.189755Z,377398563,445
2026-03-30T14:50:41.000684Z,377398750,450
2026-03-30T15:00:59.881833Z,377398900,440
2026-03-30T15:10:40.504326Z,377399037,433
2026-03-30T15:20:44.070407Z,377399204,474
2026-03-30T15:30:56.880426Z,377399363,474
2026-03-30T15:40:46.638637Z,377399517,503
2026-03-30T15:50:36.431529Z,377399698,507
2026-03-30T16:01:00.185022Z,377399844,501
2026-03-30T16:10:38.920047Z,377399978,504
2026-03-30T16:20:44.799001Z,377400106,516
2026-03-30T16:30:42.037907Z,377400251,505
2026-03-30T16:40:36.626174Z,377400391,525
2026-03-30T16:50:34.454034Z,377400605,518
2026-03-30T17:00:50.466304Z,377400776,510
2026-03-30T17:10:34.556952Z,377400952,521
2026-03-30T17:20:37.401057Z,377401150,543
2026-03-30T17:30:38.234202Z,377401355,530
2026-03-30T17:40:36.623895Z,377401570,547
2026-03-30T17:50:31.188287Z,377401872,597
2026-03-30T18:00:44.390298Z,377402074,601
2026-03-30T18:10:42.479661Z,377402254,608
2026-03-30T18:20:38.348768Z,377402477,621
2026-03-30T18:30:36.426204Z,377402674,622
2026-03-30T18:40:33.204052Z,377402914,650
2026-03-30T18:50:34.411061Z,377403151,683
2026-03-30T19:00:36.385537Z,377403351,682
2026-03-30T19:10:31.024103Z,377403559,667
2026-03-30T19:20:27.882026Z,377403792,661
2026-03-30T19:30:28.653088Z,377404044,692
2026-03-30T19:40:28.460211Z,377404265,639
2026-03-30T19:50:28.580235Z,377404441,618
2026-03-30T20:00:30.986606Z,377404625,604
2026-03-30T20:10:29.497655Z,377404797,566
2026-03-30T20:20:27.498953Z,377405047,580
2026-03-30T20:30:30.519590Z,377405229,512
2026-03-30T20:40:29.112449Z,377405473,538
2026-03-30T20:50:31.246085Z,377405768,595
2026-03-30T21:00:36.246500Z,377405999,589
2026-03-30T21:10:30.245597Z,377406294,614
2026-03-30T21:20:31.222695Z,377406529,588
2026-03-30T21:30:31.087521Z,377406799,573
2026-03-30T21:40:29.764974Z,377407018,586
2026-03-30T21:50:28.687690Z,377407266,590
2026-03-30T22:00:33.352441Z,377407506,611
2026-03-30T22:10:30.432752Z,377407736,622
2026-03-30T22:20:30.050830Z,377408001,614
2026-03-30T22:30:30.982636Z,377408252,616
2026-03-30T22:40:29.336820Z,377408511,595
2026-03-30T22:50:28.933115Z,377408743,593
2026-03-30T23:00:37.801082Z,377408927,564
2026-03-30T23:10:26.889503Z,377409180,546
2026-03-30T23:20:28.172349Z,377409431,555
2026-03-30T23:30:32.119585Z,377409698,572
2026-03-30T23:40:25.548241Z,377409930,531
2026-03-30T23:50:27.575590Z,377410123,555
2026-03-31T00:00:35.680829Z,377410420,572
2026-03-31T00:10:28.535669Z,377410698,624
2026-03-31T00:20:27.645421Z,377410926,633
2026-03-31T00:30:28.317735Z,377411225,641
2026-03-31T00:40:24.210487Z,377411453,636
2026-03-31T00:50:28.409528Z,377411696,628
2026-03-31T01:00:34.264447Z,377411934,625
2026-03-31T01:10:25.605433Z,377412164,639
2026-03-31T01:20:27.493364Z,377412376,613
2026-03-31T01:30:27.249922Z,377412585,605
2026-03-31T01:40:27.217197Z,377412788,592
2026-03-31T01:50:29.791236Z,377412980,580
2026-03-31T02:00:32.543068Z,377413197,614
2026-03-31T02:10:27.372168Z,377413379,599
2026-03-31T02:20:27.169962Z,377413540,612
2026-03-31T02:30:26.625206Z,377413717,578
2026-03-31T02:40:27.768100Z,377413901,559
2026-03-31T02:50:27.862377Z,377414040,549
2026-03-31T03:00:26.636476Z,377414221,542
2026-03-31T03:10:26.159367Z,377414401,515
2026-03-31T03:20:25.140467Z,377414553,509
2026-03-31T03:30:28.133092Z,377414721,516
2026-03-31T03:40:29.625805Z,377414877,535
2026-03-31T03:50:25.596015Z,377415058,539
2026-03-31T04:00:24.296731Z,377415193,510
2026-03-31T04:10:27.792801Z,377415339,488
2026-03-31T04:20:27.619663Z,377415524,508
2026-03-31T04:30:26.392103Z,377415694,476
2026-03-31T04:40:20.576844Z,377415856,461
2026-03-31T04:50:19.894136Z,377415972,439
2026-03-31T05:00:22.317635Z,377416087,429
2026-03-31T05:10:21.658689Z,377416204,425
2026-03-31T05:20:17.689292Z,377416345,430
2026-03-31T05:30:21.203476Z,377416499,458
2026-03-31T05:40:19.159780Z,377416663,454
2026-03-31T05:50:21.655119Z,377416802,439
2026-03-31T06:00:21.717256Z,377416943,425
2026-03-31T06:10:24.198196Z,377417065,438
2026-03-31T06:20:24.229021Z,377417241,454
2026-03-31T06:30:18.957366Z,377417376,438
2026-03-31T06:40:20.200104Z,377417479,437
2026-03-31T06:50:21.352258Z,377417549,432
2026-03-31T07:00:21.336882Z,377417673,444
2026-03-31T07:10:24.305443Z,377417807,450
2026-03-31T07:20:21.145230Z,377417879,451
2026-03-31T07:30:21.212055Z,377417976,415
2026-03-31T07:40:19.139124Z,377418056,413
2026-03-31T07:50:21.245105Z,377418129,400
2026-03-31T08:00:21.752067Z,377418227,408
2026-03-31T08:10:18.371119Z,377418311,390
2026-03-31T08:20:20.963783Z,377418394,389
2026-03-31T08:30:23.972918Z,377418471,382
2026-03-31T08:40:21.263090Z,377418530,376
2026-03-31T08:50:19.523795Z,377418636,357
2026-03-31T09:00:22.645995Z,377418750,365
2026-03-31T09:10:21.153534Z,377418830,371
2026-03-31T09:20:23.235923Z,377418926,368
2026-03-31T09:30:20.954344Z,377419026,368
2026-03-31T09:40:22.799690Z,377419120,370
2026-03-31T09:50:22.317179Z,377419205,386
2026-03-31T10:00:20.912466Z,377419317,386
2026-03-31T10:10:22.537423Z,377419393,386
2026-03-31T10:20:20.062212Z,377419461,382
2026-03-31T10:30:20.643250Z,377419555,352
2026-03-31T10:40:21.440602Z,377419653,362
2026-03-31T10:50:22.472524Z,377419789,389
2026-03-31T11:00:21.462885Z,377419909,411
2026-03-31T11:10:22.421421Z,377420011,394
2026-03-31T11:20:20.702514Z,377420081,398
2026-03-31T11:30:21.666945Z,377420178,412
2026-03-31T11:40:18.260724Z,377420268,423
2026-03-31T11:50:18.952798Z,377420329,398
2026-03-31T12:00:22.684932Z,377420413,392
2026-03-31T12:10:21.671911Z,377420519,410
2026-03-31T12:20:23.876974Z,377420624,398
2026-03-31T12:30:22.422120Z,377420746,417
2026-03-31T12:40:19.203472Z,377420835,354
2026-03-31T12:50:29.501996Z,377420994,415
2026-03-31T13:00:30.550539Z,377421107,423
2026-03-31T13:10:20.430766Z,377421185,404
2026-03-31T13:20:20.962747Z,377421293,392
2026-03-31T13:30:23.576460Z,377421395,387
2026-03-31T13:40:24.888492Z,377421515,411
2026-03-31T13:50:23.378023Z,377421641,434
2026-03-31T14:00:20.475857Z,377421784,428
2026-03-31T14:10:22.621875Z,377421891,439
2026-03-31T14:10:35.536973Z,377421891,431
2026-03-31T14:20:37.712435Z,377421995,443
2026-03-31T14:30:39.944680Z,377422118,481
2026-03-31T14:40:38.834450Z,377422291,494
2026-03-31T14:50:37.268728Z,377422470,541
2026-03-31T15:00:39.810402Z,377422630,559
2026-03-31T15:10:40.764067Z,377422818,554
2026-03-31T15:20:38.689654Z,377422917,536
2026-03-31T15:30:36.539446Z,377423076,552
2026-03-31T15:40:45.366822Z,377423228,558
2026-03-31T15:50:39.379986Z,377423367,531
2026-03-31T16:00:45.740842Z,377423530,531
2026-03-31T16:10:40.907921Z,377423674,530
2026-03-31T16:20:35.564357Z,377423818,534
2026-03-31T16:30:37.508365Z,377423959,521
2026-03-31T16:40:38.801577Z,377424136,548
2026-03-31T16:50:38.900706Z,377424267,576
2026-03-31T17:00:53.938590Z,377424474,589
2026-03-31T17:10:35.397509Z,377424648,573
2026-03-31T17:20:40.132182Z,377424845,613
2026-03-31T17:30:41.443848Z,377425006,604
2026-03-31T17:40:37.887171Z,377425201,586
2026-03-31T17:50:35.810182Z,377425385,580
2026-03-31T18:00:44.422725Z,377425559,555
2026-03-31T18:10:37.489925Z,377425703,523
2026-03-31T18:20:36.133978Z,377425886,538
2026-03-31T18:30:44.358982Z,377426111,564
2026-03-31T18:40:37.224898Z,377426372,578
2026-03-31T18:50:36.461265Z,377426554,564
2026-03-31T19:00:45.931063Z,377426731,553
2026-03-31T19:10:38.109736Z,377426919,560
2026-03-31T19:20:35.646772Z,377427100,569
2026-03-31T19:30:42.797636Z,377427298,563
2026-03-31T19:40:40.759449Z,377427462,548
2026-03-31T19:50:39.314707Z,377427662,567
2026-03-31T20:00:46.705700Z,377427842,580
2026-03-31T20:10:38.467407Z,377428037,557
2026-03-31T20:20:37.148659Z,377428241,569
2026-03-31T20:30:40.702292Z,377428500,562
2026-03-31T20:40:47.940884Z,377428714,566
2026-03-31T20:50:35.356543Z,377428993,581
2026-03-31T21:00:51.416180Z,377429226,565
2026-03-31T21:10:35.917483Z,377429406,549
2026-03-31T21:20:44.395771Z,377429614,561
2026-03-31T21:30:44.406277Z,377429809,525
2026-03-31T21:40:36.183086Z,377430015,515
2026-03-31T21:50:40.751486Z,377430198,526
2026-03-31T22:00:50.882080Z,377430369,534
2026-03-31T22:10:39.643453Z,377430546,523
2026-03-31T22:20:34.410859Z,377430715,522
2026-03-31T22:30:45.310879Z,377430912,523
2026-03-31T22:40:35.516567Z,377431093,549
2026-03-31T22:50:34.373454Z,377431321,562
2026-03-31T23:00:42.867203Z,377431494,545
2026-03-31T23:10:37.798144Z,377431691,555
2026-03-31T23:20:39.878623Z,377431874,572
2026-03-31T23:30:37.724163Z,377432060,580
2026-03-31T23:40:37.003448Z,377432300,614
2026-03-31T23:50:34.808371Z,377432532,599
2026-04-01T00:00:26.957858Z,377432730,553
2026-04-01T00:10:29.388354Z,377432944,564
2026-04-01T00:20:31.297923Z,377433172,553
2026-04-01T00:30:28.562377Z,377433354,560
2026-04-01T00:40:29.932991Z,377433509,537
2026-04-01T00:50:28.035048Z,377433758,503
2026-04-01T01:00:27.634314Z,377434041,531
2026-04-01T01:10:28.634628Z,377434309,555
2026-04-01T01:20:27.962928Z,377434589,577
2026-04-01T01:30:27.174712Z,377434852,555
2026-04-01T01:40:28.562587Z,377435090,574
2026-04-01T01:50:28.909336Z,377435315,598
2026-04-01T02:00:27.131689Z,377435492,592
2026-04-01T02:10:27.427964Z,377435690,608
2026-04-01T02:20:27.958680Z,377435858,595
2026-04-01T02:30:29.161265Z,377436031,628
2026-04-01T02:40:29.502008Z,377436216,635
2026-04-01T02:50:29.212719Z,377436438,644
2026-04-01T03:00:29.986725Z,377436688,625
2026-04-01T03:10:27.114684Z,377436873,604
2026-04-01T03:20:27.156983Z,377437058,622
2026-04-01T03:30:27.662291Z,377437230,613
2026-04-01T03:40:25.229452Z,377437417,598
2026-04-01T03:50:25.647383Z,377437587,591
2026-04-01T04:00:28.922909Z,377437776,575
2026-04-01T04:10:26.965825Z,377437933,560
2026-04-01T04:20:29.280510Z,377438058,536
2026-04-01T04:30:24.543736Z,377438156,522
2026-04-01T04:40:25.877831Z,377438271,522
2026-04-01T04:50:26.906038Z,377438419,511
2026-04-01T05:00:29.584440Z,377438547,519
2026-04-01T05:10:29.210647Z,377438666,506
2026-04-01T05:20:26.208985Z,377438773,510
2026-04-01T05:30:27.380593Z,377438879,500
2026-04-01T05:40:26.899415Z,377439002,518
2026-04-01T05:50:28.028681Z,377439125,489
2026-04-01T06:00:29.014010Z,377439239,501
2026-04-01T06:10:30.323097Z,377439333,477
2026-04-01T06:20:28.852705Z,377439450,478
2026-04-01T06:30:28.363406Z,377439591,475
2026-04-01T06:40:28.083736Z,377439705,462
2026-04-01T06:50:29.368755Z,377439833,467
2026-04-01T07:00:30.436177Z,377439934,435
2026-04-01T07:10:27.182742Z,377440048,433
2026-04-01T07:20:26.753762Z,377440145,436
2026-04-01T07:30:31.156660Z,377440268,437
2026-04-01T07:40:29.054627Z,377440370,440
2026-04-01T07:50:28.186797Z,377440463,441
2026-04-01T08:00:30.892529Z,377440592,409
2026-04-01T08:10:29.196683Z,377440658,388
2026-04-01T08:20:28.835638Z,377440744,385
2026-04-01T08:30:30.995629Z,377440822,371
2026-04-01T08:40:29.990243Z,377440917,363
2026-04-01T08:50:27.602342Z,377440984,345
2026-04-01T09:00:28.160561Z,377441043,340
2026-04-01T09:10:29.428152Z,377441111,330
2026-04-01T09:20:27.185059Z,377441183,329
2026-04-01T09:30:40.094240Z,377441287,338
2026-04-01T09:40:39.282455Z,377441363,329
2026-04-01T09:50:46.112528Z,377441462,318
2026-04-01T10:00:40.531840Z,377441558,313
2026-04-01T10:10:39.010308Z,377441635,303
2026-04-01T10:20:36.839510Z,377441692,302
2026-04-01T10:30:37.595551Z,377441783,308
2026-04-01T10:40:40.336849Z,377441862,308
2026-04-01T10:50:38.998325Z,377441975,314
2026-04-01T11:00:38.541573Z,377442067,328
2026-04-01T11:10:39.415307Z,377442159,315
2026-04-01T11:20:36.425204Z,377442273,329
2026-04-01T11:30:40.112992Z,377442416,314
2026-04-01T11:40:39.731283Z,377442507,331
2026-04-01T11:50:42.547530Z,377442617,298
2026-04-01T12:00:37.464727Z,377442713,316
2026-04-01T12:10:37.338755Z,377442810,321
2026-04-01T12:20:38.256163Z,377442885,330
2026-04-01T12:30:39.356103Z,377442984,338
2026-04-01T12:40:39.661085Z,377443132,352
2026-04-01T12:50:38.389366Z,377443226,360
2026-04-01T13:00:39.776570Z,377443321,371
2026-04-01T13:10:40.354819Z,377443492,397
2026-04-01T13:20:41.320951Z,377443613,390
2026-04-01T13:30:41.328883Z,377443707,383
2026-04-01T13:40:39.019996Z,377443877,395
2026-04-01T13:50:41.544297Z,377444007,400
2026-04-01T14:00:39.410322Z,377444162,406
2026-04-01T14:10:39.605078Z,377444296,401
2026-04-01T14:20:38.741542Z,377444455,415
2026-04-01T14:30:39.226938Z,377444610,432
2026-04-01T14:40:40.175804Z,377444791,435
2026-04-01T14:50:40.042554Z,377444963,413
2026-04-01T15:00:40.597438Z,377445160,430
2026-04-01T15:10:42.710993Z,377445330,435
2026-04-01T15:20:44.652352Z,377445491,423
2026-04-01T15:30:39.859631Z,377445673,444
2026-04-01T15:40:43.944029Z,377445862,459
2026-04-01T15:50:38.530854Z,377446010,462
2026-04-01T16:00:40.131358Z,377446188,485
2026-04-01T16:10:40.467352Z,377446345,513
2026-04-01T16:20:39.846690Z,377446555,511
2026-04-01T16:30:41.571825Z,377446722,518
2026-04-01T16:40:42.740412Z,377446877,497
2026-04-01T16:50:41.776829Z,377447046,508
2026-04-01T17:00:40.801074Z,377447191,509
2026-04-01T17:10:37.755059Z,377447315,510
2026-04-01T17:20:38.961688Z,377447492,512
2026-04-01T17:30:37.795522Z,377447686,547
2026-04-01T17:40:40.153824Z,377447866,548
2026-04-01T17:50:40.620474Z,377448099,546
2026-04-01T18:00:41.557259Z,377448337,541
2026-04-01T18:10:39.565894Z,377448540,540
2026-04-01T18:20:39.661775Z,377448687,532
2026-04-01T18:30:39.445353Z,377448915,571
2026-04-01T18:40:42.201996Z,377449184,542
2026-04-01T18:50:37.730330Z,377449389,532
2026-04-01T19:00:39.549200Z,377449585,553
2026-04-01T19:10:39.910489Z,377449777,593
2026-04-01T19:20:42.549685Z,377449996,600
2026-04-01T19:30:39.793915Z,377450211,616
2026-04-01T19:40:32.562415Z,377450378,598
2026-04-01T19:50:32.318551Z,377450566,610
2026-04-01T20:00:33.452909Z,377450759,586
2026-04-01T20:10:31.762597Z,377450931,585
2026-04-01T20:20:33.502336Z,377451134,569
2026-04-01T20:30:34.484541Z,377451342,577
2026-04-01T20:40:34.036423Z,377451542,587
2026-04-01T20:50:33.606023Z,377451705,575
2026-04-01T21:00:41.632667Z,377451912,555
2026-04-01T21:10:35.969660Z,377452127,586
2026-04-01T21:20:31.066835Z,377452321,579
2026-04-01T21:30:32.230181Z,377452531,593
2026-04-01T21:40:31.770263Z,377452749,596
2026-04-01T21:50:35.140145Z,377452984,595
2026-04-01T22:00:34.465000Z,377453245,567
2026-04-01T22:10:35.465847Z,377453460,566
2026-04-01T22:20:30.102859Z,377453702,577
2026-04-01T22:30:34.386239Z,377453882,575
2026-04-01T22:40:41.098040Z,377454064,545
2026-04-01T22:50:33.421724Z,377454292,572
2026-04-01T23:00:34.953636Z,377454526,591
2026-04-01T23:10:30.528114Z,377454761,607
2026-04-01T23:20:29.405431Z,377455002,633
2026-04-01T23:30:34.087600Z,377455249,649
2026-04-01T23:40:30.895717Z,377455467,624
2026-04-01T23:50:31.553956Z,377455707,621
2026-04-02T00:00:29.106438Z,377455910,636
2026-04-02T00:10:34.530399Z,377456135,650
2026-04-02T00:20:31.484152Z,377456336,669
2026-04-02T00:30:31.897480Z,377456559,689
2026-04-02T00:40:32.733293Z,377456801,681
2026-04-02T00:50:31.980964Z,377457036,687
2026-04-02T01:00:35.374617Z,377457331,664
2026-04-02T01:10:29.409250Z,377457575,647
2026-04-02T01:20:30.393195Z,377457844,664
2026-04-02T01:30:32.671034Z,377458108,652
2026-04-02T01:40:39.709436Z,377458301,647
2026-04-02T01:50:31.858913Z,377458494,636
2026-04-02T02:00:33.479827Z,377458698,650
2026-04-02T02:10:28.974833Z,377458859,617
2026-04-02T02:20:35.769446Z,377459111,624
2026-04-02T02:30:33.971696Z,377459289,596
2026-04-02T02:40:32.358848Z,377459509,613
2026-04-02T02:50:33.187430Z,377459715,601
2026-04-02T03:00:29.487413Z,377459894,592
2026-04-02T03:10:32.507554Z,377460144,554
2026-04-02T03:20:29.246198Z,377460369,564
2026-04-02T03:30:30.899071Z,377460563,575
2026-04-02T03:40:33.095780Z,377460754,598
2026-04-02T03:50:32.129923Z,377460933,603
2026-04-02T04:00:31.842001Z,377461120,625
2026-04-02T04:10:31.048377Z,377461314,602
2026-04-02T04:20:29.700902Z,377461502,616
2026-04-02T04:30:31.883310Z,377461679,605
2026-04-02T04:40:29.201486Z,377461882,611
2026-04-02T04:50:32.501788Z,377462083,611
2026-04-02T05:00:31.474793Z,377462245,609
2026-04-02T05:10:36.340543Z,377462390,598
2026-04-02T05:20:35.069870Z,377462576,596
2026-04-02T05:30:36.440701Z,377462719,597
2026-04-02T05:40:33.790506Z,377462859,598
2026-04-02T05:50:33.940322Z,377462982,570
2026-04-02T06:00:39.145098Z,377463099,561
2026-04-02T06:10:33.463763Z,377463241,543
2026-04-02T06:20:33.915964Z,377463398,566
2026-04-02T06:30:34.701871Z,377463564,572
2026-04-02T06:40:33.906789Z,377463668,558
2026-04-02T06:50:34.890594Z,377463796,540
2026-04-02T07:00:34.715871Z,377463890,512
2026-04-02T07:10:34.012128Z,377463998,515
2026-04-02T07:20:35.006556Z,377464097,512
2026-04-02T07:30:36.463443Z,377464182,500
2026-04-02T07:40:36.580673Z,377464284,461
2026-04-02T07:50:41.322976Z,377464392,451
2026-04-02T08:00:35.692910Z,377464481,422
2026-04-02T08:10:34.930692Z,377464633,438
2026-04-02T08:20:32.413843Z,377464739,426
2026-04-02T08:30:33.787685Z,377464822,426
2026-04-02T08:40:30.676009Z,377464915,399
2026-04-02T08:50:32.699233Z,377464988,374
2026-04-02T09:00:38.247083Z,377465071,350
2026-04-02T09:10:35.885712Z,377465147,348
2026-04-02T09:20:34.119285Z,377465209,344
2026-04-02T09:30:35.023639Z,377465296,342
2026-04-02T09:40:33.839466Z,377465362,342
2026-04-02T09:50:35.111585Z,377465426,343
2026-04-02T10:00:45.170252Z,377465532,329
2026-04-02T10:10:42.780476Z,377465646,354
2026-04-02T10:20:34.740009Z,377465815,393
2026-04-02T10:30:33.381545Z,377465944,425
2026-04-02T10:40:32.274758Z,377466073,438
2026-04-02T10:50:33.125837Z,377466202,470
2026-04-02T11:00:33.325778Z,377466351,448
2026-04-02T11:10:43.070187Z,377466488,470
2026-04-02T11:20:32.541618Z,377466637,466
2026-04-02T11:30:36.476948Z,377466737,475
2026-04-02T11:40:32.237382Z,377466857,470
2026-04-02T11:50:31.490270Z,377466955,479
2026-04-02T12:00:33.940217Z,377467092,501
2026-04-02T12:10:34.045394Z,377467234,502
2026-04-02T12:20:37.911814Z,377467351,511
2026-04-02T12:30:36.208207Z,377467462,508
2026-04-02T12:40:33.444866Z,377467585,501
2026-04-02T12:50:34.057077Z,377467715,510
2026-04-02T13:00:35.069628Z,377467846,495
2026-04-02T13:10:34.864790Z,377467933,486
2026-04-02T13:20:52.938449Z,377468028,463
2026-04-02T13:30:34.692335Z,377468144,450
2026-04-02T13:40:33.480066Z,377468267,459
2026-04-02T13:50:32.383662Z,377468420,480
2026-04-02T14:00:31.855369Z,377468616,482
2026-04-02T14:10:33.398990Z,377468759,495
2026-04-02T14:20:34.271456Z,377468904,498
2026-04-02T14:30:37.764039Z,377469052,507
2026-04-02T14:40:34.443461Z,377469221,505
2026-04-02T14:50:35.077175Z,377469408,525
2026-04-02T15:00:33.260705Z,377469570,542
2026-04-02T15:10:36.378414Z,377469724,522
2026-04-02T15:20:33.852200Z,377469852,542
2026-04-02T15:30:36.996926Z,377470053,507
2026-04-02T15:40:38.030801Z,377470222,530
2026-04-02T15:50:36.571716Z,377470392,548
2026-04-02T16:00:45.099150Z,377470569,567
2026-04-02T16:10:36.665706Z,377470736,582
2026-04-02T16:20:36.247361Z,377470865,545
2026-04-02T16:30:41.733858Z,377471046,545
2026-04-02T16:40:37.883339Z,377471237,551
2026-04-02T16:50:38.087083Z,377471420,564
2026-04-02T17:00:39.045542Z,377471618,560
2026-04-02T17:10:45.641561Z,377471865,581
2026-04-02T17:20:36.242444Z,377472094,629
2026-04-02T17:30:38.495802Z,377472324,645
2026-04-02T17:40:35.247312Z,377472596,664
2026-04-02T17:50:35.077532Z,377472832,663
2026-04-02T18:00:41.088302Z,377473096,685
2026-04-02T18:10:36.992670Z,377473338,716
2026-04-02T18:20:35.907539Z,377473552,721
2026-04-02T18:30:37.566169Z,377473752,704
2026-04-02T18:40:38.627490Z,377474017,745
2026-04-02T18:50:33.963421Z,377474240,734
2026-04-02T19:00:38.984015Z,377474454,731
2026-04-02T19:10:35.674941Z,377474620,689
2026-04-02T19:20:39.953447Z,377474860,655
2026-04-02T19:30:34.766420Z,377475038,642
2026-04-02T19:40:36.297104Z,377475244,698
2026-04-02T19:50:35.217285Z,377475461,664
2026-04-02T20:00:39.092774Z,377475681,669
2026-04-02T20:10:33.386594Z,377475873,658
2026-04-02T20:20:33.921951Z,377476102,651
2026-04-02T20:30:34.206138Z,377476314,653
2026-04-02T20:40:35.429339Z,377476554,679
2026-04-02T20:50:37.422105Z,377476808,706
2026-04-02T21:00:37.988750Z,377477028,713
2026-04-02T21:10:36.728136Z,377477217,732
2026-04-02T21:20:34.894270Z,377477446,702
2026-04-02T21:30:32.373632Z,377477658,739
2026-04-02T21:40:36.063461Z,377477891,723
2026-04-02T21:50:32.762048Z,377478126,753
2026-04-02T22:00:35.565066Z,377478333,744
2026-04-02T22:10:34.403068Z,377478581,747
2026-04-02T22:20:35.891826Z,377478800,747
2026-04-02T22:30:33.166510Z,377479031,745
2026-04-02T22:40:34.748193Z,377479290,758
2026-04-02T22:50:36.757397Z,377479475,726
2026-04-02T23:00:35.389347Z,377479731,782
2026-04-02T23:10:35.470553Z,377479955,781
2026-04-02T23:20:36.955383Z,377480156,762
2026-04-02T23:30:34.339786Z,377480380,785
2026-04-02T23:40:33.820350Z,377480566,766
2026-04-02T23:50:35.797903Z,377480756,739
2026-04-03T00:00:33.685674Z,377480942,752
2026-04-03T00:10:33.519162Z,377481131,765
2026-04-03T00:20:35.083675Z,377481298,753
2026-04-03T00:30:44.337504Z,377481515,731
2026-04-03T00:40:36.907553Z,377481677,718
2026-04-03T00:50:35.202882Z,377481902,719
2026-04-03T01:00:33.852380Z,377482169,783
2026-04-03T01:10:35.332242Z,377482372,769
2026-04-03T01:20:34.638919Z,377482592,768
2026-04-03T01:31:02.488931Z,377482843,786
2026-04-03T01:41:01.297889Z,377483052,759
2026-04-03T01:51:01.272386Z,377483302,762
2026-04-03T02:01:08.242568Z,377483539,778
2026-04-03T02:11:01.673923Z,377483798,709
2026-04-03T02:21:03.534022Z,377484063,731
2026-04-03T02:31:05.182377Z,377484334,754
2026-04-03T02:40:58.456718Z,377484581,765
2026-04-03T02:51:01.992739Z,377484810,746
2026-04-03T03:01:07.386505Z,377485113,760
2026-04-03T03:11:03.448471Z,377485395,777
2026-04-03T03:21:05.893291Z,377485707,789
2026-04-03T03:31:00.692839Z,377485954,775
2026-04-03T03:41:04.237892Z,377486205,788
2026-04-03T03:51:03.763878Z,377486416,766
2026-04-03T04:01:07.104245Z,377486691,716
2026-04-03T04:11:05.079457Z,377486980,733
2026-04-03T04:21:05.126216Z,377487215,716
2026-04-03T04:31:07.330874Z,377487426,728
2026-04-03T04:41:03.330981Z,377487681,768
2026-04-03T04:51:02.935453Z,377487869,764
2026-04-03T05:01:11.372037Z,377488075,745
2026-04-03T05:11:05.632516Z,377488270,723
2026-04-03T05:21:05.518299Z,377488406,674
2026-04-03T05:31:09.032475Z,377488580,675
2026-04-03T05:41:05.515991Z,377488744,666
2026-04-03T05:51:05.684030Z,377488932,692
2026-04-03T06:01:16.381348Z,377489135,708
2026-04-03T06:11:06.221496Z,377489374,721
2026-04-03T06:21:10.888113Z,377489555,668
2026-04-03T06:31:11.974951Z,377489756,687
2026-04-03T06:41:05.139281Z,377489962,693
2026-04-03T06:51:06.985112Z,377490156,711
2026-04-03T07:01:07.174022Z,377490364,683
2026-04-03T07:11:03.954295Z,377490526,704
2026-04-03T07:21:08.642778Z,377490673,685
2026-04-03T07:31:10.328324Z,377490825,656
2026-04-03T07:41:06.176399Z,377490971,663
2026-04-03T07:51:03.289099Z,377491116,673
2026-04-03T08:01:23.257650Z,377491240,667
2026-04-03T08:11:02.363863Z,377491382,686
2026-04-03T08:21:08.250704Z,377491550,716
2026-04-03T08:31:04.850706Z,377491675,713
2026-04-03T08:41:02.418029Z,377491828,700
2026-04-03T08:51:06.162139Z,377491953,689
2026-04-03T09:01:07.873733Z,377492129,699
2026-04-03T09:11:03.864754Z,377492254,680
2026-04-03T09:21:02.094889Z,377492370,669
2026-04-03T09:31:04.096380Z,377492488,670
2026-04-03T09:40:58.787511Z,377492635,664
2026-04-03T09:51:02.275785Z,377492756,638
2026-04-03T10:01:02.580848Z,377492874,603
2026-04-03T10:11:05.135742Z,377492996,561
2026-04-03T10:21:01.020056Z,377493126,564
2026-04-03T10:31:02.406500Z,377493233,558
2026-04-03T10:41:00.067712Z,377493349,540
2026-04-03T10:51:00.850129Z,377493443,506
2026-04-03T11:01:02.880100Z,377493559,510
2026-04-03T11:10:58.791504Z,377493675,508
2026-04-03T11:20:59.519604Z,377493788,511
2026-04-03T11:30:56.602065Z,377493900,509
2026-04-03T11:40:59.615771Z,377494030,531
2026-04-03T11:50:58.853008Z,377494160,546
2026-04-03T12:01:04.713462Z,377494246,551
2026-04-03T12:10:55.823031Z,377494337,548
2026-04-03T12:20:59.460784Z,377494462,565
2026-04-03T12:31:03.828300Z,377494596,592
2026-04-03T12:41:01.669758Z,377494716,564
2026-04-03T12:50:56.254061Z,377494853,614
2026-04-03T13:01:03.123636Z,377494973,606
2026-04-03T13:10:56.832337Z,377495120,618
2026-04-03T13:20:57.871803Z,377495315,635
2026-04-03T13:31:02.688430Z,377495490,632
2026-04-03T13:40:57.097133Z,377495696,643
2026-04-03T13:51:01.236569Z,377495912,660
2026-04-03T14:01:08.441713Z,377496094,655
2026-04-03T14:10:57.113890Z,377496273,656
2026-04-03T14:20:58.494826Z,377496415,658
2026-04-03T14:31:01.326039Z,377496610,655
2026-04-03T14:40:58.539636Z,377496810,675
2026-04-03T14:50:55.793292Z,377497005,698
2026-04-03T15:00:59.896472Z,377497189,719
2026-04-03T15:10:55.572181Z,377497355,716
2026-04-03T15:21:02.113031Z,377497505,719
2026-04-03T15:31:08.760237Z,377497676,717
2026-04-03T15:40:58.930958Z,377497838,698
2026-04-03T15:51:00.355694Z,377498025,680
2026-04-03T16:01:07.334057Z,377498247,723
2026-04-03T16:11:02.501428Z,377498474,596
2026-04-03T16:21:06.204103Z,377498697,625
2026-04-03T16:30:57.432854Z,377498909,627
2026-04-03T16:40:56.575511Z,377499128,609
2026-04-03T16:50:55.097758Z,377499346,602
2026-04-03T17:00:58.791574Z,377499541,601
2026-04-03T17:10:57.502772Z,377499722,578
2026-04-03T17:21:00.621100Z,377499941,593
2026-04-03T17:31:01.147580Z,377500151,583
2026-04-03T17:40:57.334798Z,377500359,613
2026-04-03T17:51:00.640733Z,377500594,603
2026-04-03T18:01:03.570258Z,377500815,612
2026-04-03T18:10:54.659521Z,377501016,617
2026-04-03T18:20:57.789673Z,377501193,605
2026-04-03T18:30:59.275702Z,377501382,627
2026-04-03T18:40:55.676883Z,377501602,618
2026-04-03T18:50:55.113307Z,377501827,653
2026-04-03T19:00:56.534360Z,377502078,674
2026-04-03T19:11:02.333813Z,377502293,656
2026-04-03T19:20:56.740016Z,377502547,679
2026-04-03T19:30:59.219912Z,377502834,683
2026-04-03T19:40:58.852347Z,377503151,688
2026-04-03T19:50:57.341402Z,377503425,692
2026-04-03T20:00:56.734820Z,377503728,716
2026-04-03T20:10:54.873261Z,377504002,711
2026-04-03T20:20:56.943099Z,377504310,723
2026-04-03T20:30:55.949204Z,377504617,723
2026-04-03T20:40:54.717802Z,377504896,679
2026-04-03T20:50:59.594514Z,377505176,680
2026-04-03T21:00:56.892082Z,377505418,661
2026-04-03T21:10:54.796457Z,377505631,614
2026-04-03T21:20:21.817611Z,377505893,637
2026-04-03T21:30:19.764967Z,377506145,661
2026-04-03T21:40:21.105385Z,377506444,705
2026-04-03T21:50:20.304930Z,377506748,738
2026-04-03T22:00:18.572377Z,377507055,737
2026-04-03T22:10:20.779979Z,377507345,761
2026-04-03T22:20:20.081069Z,377507553,750
2026-04-03T22:30:20.984690Z,377507770,768
2026-04-03T22:40:22.292380Z,377508085,779
2026-04-03T22:50:33.149090Z,377508326,770
2026-04-03T23:00:19.922948Z,377508583,767
2026-04-03T23:10:24.007735Z,377508784,720
2026-04-03T23:20:18.731600Z,377508964,712
2026-04-03T23:30:22.228896Z,377509160,702
2026-04-03T23:40:19.197875Z,377509421,727
2026-04-03T23:50:23.070599Z,377509583,714
2026-04-04T00:00:20.979227Z,377509809,702
2026-04-04T00:10:20.671111Z,377509990,683
2026-04-04T00:20:18.132200Z,377510182,708
2026-04-04T00:30:18.918965Z,377510398,685
2026-04-04T00:40:21.372346Z,377510614,710
2026-04-04T00:50:21.046765Z,377510861,691
2026-04-04T01:00:19.114131Z,377511076,691
2026-04-04T01:10:20.928404Z,377511339,690
2026-04-04T01:20:24.809706Z,377511651,678
2026-04-04T01:30:23.042405Z,377511963,693
2026-04-04T01:40:18.399834Z,377512190,676
2026-04-04T01:50:19.666413Z,377512459,708
2026-04-04T02:00:20.711806Z,377512727,748
2026-04-04T02:10:19.481371Z,377513053,782
2026-04-04T02:20:17.818278Z,377513368,754
2026-04-04T02:30:24.233806Z,377513656,784
2026-04-04T02:40:20.602043Z,377513904,763
2026-04-04T02:50:17.902436Z,377514154,767
2026-04-04T03:00:21.900266Z,377514349,770
2026-04-04T03:10:19.611397Z,377514575,762
2026-04-04T03:20:23.205429Z,377514803,769
2026-04-04T03:30:18.945971Z,377515051,761
2026-04-04T03:40:20.254215Z,377515274,781
2026-04-04T03:50:20.293195Z,377515478,774
2026-04-04T04:00:20.615795Z,377515654,752
2026-04-04T04:10:20.394245Z,377515839,744
2026-04-04T04:20:20.647060Z,377516029,678
2026-04-04T04:30:22.309768Z,377516253,678
2026-04-04T04:40:20.417346Z,377516483,704
2026-04-04T04:50:19.008732Z,377516714,680
2026-04-04T05:00:21.276083Z,377516904,671
2026-04-04T05:10:18.750341Z,377517125,697
2026-04-04T05:20:24.560710Z,377517290,681
2026-04-04T05:30:18.505327Z,377517462,665
2026-04-04T05:40:19.977257Z,377517679,653
2026-04-04T05:50:17.826687Z,377517881,622
2026-04-04T06:00:20.877953Z,377518058,648
2026-04-04T06:10:22.346295Z,377518191,619
2026-04-04T06:20:19.446279Z,377518375,637
2026-04-04T06:30:18.571314Z,377518494,617
2026-04-04T06:40:19.783469Z,377518619,604
2026-04-04T06:50:40.242621Z,377518795,608
2026-04-04T07:00:38.355708Z,377518952,622
2026-04-04T07:10:37.562625Z,377519115,598
2026-04-04T07:20:35.869596Z,377519274,619
2026-04-04T07:30:36.256803Z,377519446,627
2026-04-04T07:40:35.886416Z,377519620,625
2026-04-04T07:50:35.234555Z,377519776,636
2026-04-04T08:00:37.737737Z,377519890,581
2026-04-04T08:10:36.717256Z,377520039,552
2026-04-04T08:20:37.871399Z,377520192,521
2026-04-04T08:30:36.690765Z,377520342,489
2026-04-04T08:40:37.281683Z,377520499,489
2026-04-04T08:50:37.088588Z,377520589,491
2026-04-04T09:00:38.524439Z,377520744,473
2026-04-04T09:10:36.280709Z,377520908,512
2026-04-04T09:20:35.865095Z,377521120,513
2026-04-04T09:30:37.228894Z,377521355,572
2026-04-04T09:40:35.645683Z,377521458,596
2026-04-04T09:50:36.584512Z,377521637,598
2026-04-04T10:00:39.262274Z,377521753,596
2026-04-04T10:10:34.761451Z,377521903,599
2026-04-04T10:20:37.790427Z,377522022,601
2026-04-04T10:30:40.315139Z,377522140,616
2026-04-04T10:40:36.127631Z,377522250,562
2026-04-04T10:50:36.304925Z,377522364,588
2026-04-04T11:00:43.902098Z,377522460,548
2026-04-04T11:10:39.207396Z,377522566,549
2026-04-04T11:20:39.861642Z,377522682,550
2026-04-04T11:30:44.538371Z,377522823,512
2026-04-04T11:40:39.889404Z,377522945,490
2026-04-04T11:50:40.848456Z,377523076,475
2026-04-04T12:00:52.909417Z,377523191,459
2026-04-04T12:10:41.563389Z,377523299,461
2026-04-04T12:20:35.963381Z,377523397,459
2026-04-04T12:30:46.941891Z,377523525,490
2026-04-04T12:40:43.337494Z,377523727,507
2026-04-04T12:50:37.005705Z,377523904,524
2026-04-04T13:00:51.465423Z,377524079,522
2026-04-04T13:10:39.714143Z,377524220,519
2026-04-04T13:20:40.236253Z,377524438,550
2026-04-04T13:30:44.288374Z,377524674,590
2026-04-04T13:40:39.795080Z,377524908,628
2026-04-04T13:50:36.610131Z,377525062,598
2026-04-04T14:00:49.637131Z,377525176,603
2026-04-04T14:10:45.245541Z,377525350,594
2026-04-04T14:20:41.399113Z,377525503,532
2026-04-04T14:30:47.796317Z,377525670,541
2026-04-04T14:40:58.148350Z,377525839,567
2026-04-04T14:50:40.372154Z,377525985,562
2026-04-04T15:00:44.014223Z,377526168,570
2026-04-04T15:10:42.518956Z,377526386,608
2026-04-04T15:20:41.737073Z,377526599,595
2026-04-04T15:30:47.473638Z,377526862,620
2026-04-04T15:40:39.348586Z,377527088,635
2026-04-04T15:50:40.522687Z,377527339,615
2026-04-04T16:00:43.009921Z,377527545,607
2026-04-04T16:10:40.570238Z,377527799,657
2026-04-04T16:20:38.365085Z,377528007,654
2026-04-04T16:30:41.393239Z,377528199,643
2026-04-04T16:40:41.464100Z,377528428,649
2026-04-04T16:50:41.412994Z,377528616,667
2026-04-04T17:00:43.576328Z,377528895,685
2026-04-04T17:10:38.623314Z,377529121,702
2026-04-04T17:20:39.317908Z,377529369,721
2026-04-04T17:30:36.895770Z,377529620,746
2026-04-04T17:40:39.350424Z,377529881,739
2026-04-04T17:50:40.209141Z,377530191,750
2026-04-04T18:00:48.858574Z,377530441,754
2026-04-04T18:10:37.934282Z,377530711,736
2026-04-04T18:20:42.175897Z,377530958,751
2026-04-04T18:30:47.090293Z,377531166,748
2026-04-04T18:40:43.056427Z,377531468,757
2026-04-04T18:50:40.143030Z,377531670,730
2026-04-04T19:00:44.942482Z,377531901,752
2026-04-04T19:10:39.698112Z,377532137,762
2026-04-04T19:20:44.287727Z,377532412,742
2026-04-04T19:30:50.471990Z,377532647,753
2026-04-04T19:40:46.447890Z,377532908,770
2026-04-04T19:50:39.190289Z,377533155,743
2026-04-04T20:00:47.084566Z,377533412,734
2026-04-04T20:10:44.970308Z,377533663,726
2026-04-04T20:20:42.526812Z,377533883,695
2026-04-04T20:30:43.090280Z,377534115,697
2026-04-04T20:40:43.525473Z,377534334,708
2026-04-04T20:50:45.858865Z,377534530,697
2026-04-04T21:00:48.706766Z,377534769,719
2026-04-04T21:10:46.468711Z,377534998,744
2026-04-04T21:20:44.120992Z,377535183,700
2026-04-04T21:30:49.764486Z,377535354,711
2026-04-04T21:40:40.389028Z,377535589,703
2026-04-04T21:50:45.345902Z,377535823,683
2026-04-04T22:00:43.311102Z,377536082,679
2026-04-04T22:10:45.375602Z,377536356,678
2026-04-04T22:20:44.550768Z,377536601,689
2026-04-04T22:30:48.242565Z,377536834,639
2026-04-04T22:40:42.570189Z,377537037,648
2026-04-04T22:50:43.393459Z,377537269,651
2026-04-04T23:00:43.155967Z,377537510,675
2026-04-04T23:10:46.892857Z,377537776,637
2026-04-04T23:20:44.745543Z,377538023,659
2026-04-04T23:30:49.504946Z,377538247,658
2026-04-04T23:40:39.092483Z,377538506,653
2026-04-04T23:50:41.618591Z,377538794,679
2026-04-05T00:00:43.599456Z,377539082,728
2026-04-05T00:10:38.751030Z,377539347,714
2026-04-05T00:20:37.303026Z,377539677,732
2026-04-05T00:30:41.687733Z,377539954,722
2026-04-05T00:40:40.976473Z,377540197,736
2026-04-05T00:50:41.921776Z,377540411,725
2026-04-05T01:00:43.706493Z,377540630,735
2026-04-05T01:10:40.569436Z,377540842,724
2026-04-05T01:20:40.562949Z,377541031,698
2026-04-05T01:30:40.732244Z,377541255,703
2026-04-05T01:40:36.044572Z,377541457,701
2026-04-05T01:50:35.079019Z,377541740,704
2026-04-05T02:01:12.733793Z,377542024,730
2026-04-05T02:11:10.234781Z,377542276,760
2026-04-05T02:21:12.531572Z,377542523,777
2026-04-05T02:31:08.654082Z,377542717,775
2026-04-05T02:41:10.365696Z,377542936,751
2026-04-05T02:51:11.661611Z,377543165,755
2026-04-05T03:01:11.762688Z,377543389,783
2026-04-05T03:11:10.887719Z,377543648,778
2026-04-05T03:21:13.828737Z,377543829,785
2026-04-05T03:31:12.133798Z,377544100,808
2026-04-05T03:41:12.373658Z,377544327,790
2026-04-05T03:51:09.230150Z,377544565,801
2026-04-05T04:01:13.573672Z,377544774,794
2026-04-05T04:11:14.108848Z,377545004,799
2026-04-05T04:21:12.030772Z,377545243,782
2026-04-05T04:31:12.230863Z,377545498,763
2026-04-05T04:41:11.937283Z,377545779,787
2026-04-05T04:51:13.582991Z,377546032,772
2026-04-05T05:01:12.995725Z,377546229,752
2026-04-05T05:11:14.049818Z,377546427,767
2026-04-05T05:21:09.670879Z,377546644,727
2026-04-05T05:31:11.607809Z,377546826,731
2026-04-05T05:41:12.569024Z,377547064,727
2026-04-05T05:51:10.022668Z,377547272,723
2026-04-05T06:01:19.083186Z,377547489,696
2026-04-05T06:11:19.027934Z,377547722,703
2026-04-05T06:21:12.086858Z,377547898,650
2026-04-05T06:31:12.085422Z,377548090,617
2026-04-05T06:41:11.042335Z,377548267,623
2026-04-05T06:51:11.525425Z,377548426,594
2026-04-05T07:01:13.002656Z,377548646,630
2026-04-05T07:11:15.199081Z,377548869,611
2026-04-05T07:21:14.523617Z,377549066,587
2026-04-05T07:31:11.535903Z,377549258,578
2026-04-05T07:41:15.434924Z,377549462,578
2026-04-05T07:51:14.437626Z,377549640,536
2026-04-05T08:01:09.039827Z,377549854,599
2026-04-05T08:11:13.552255Z,377550054,612
2026-04-05T08:21:09.837436Z,377550249,590
2026-04-05T08:31:11.546090Z,377550396,565
2026-04-05T08:41:10.275524Z,377550578,563
2026-04-05T08:51:13.893297Z,377550782,584
2026-04-05T09:01:15.126553Z,377550973,604
2026-04-05T09:11:11.974184Z,377551147,578
2026-04-05T09:21:11.025562Z,377551296,550
2026-04-05T09:31:11.913056Z,377551452,504
2026-04-05T09:41:13.649410Z,377551611,529
2026-04-05T09:51:12.470493Z,377551763,542
2026-04-05T10:01:11.894709Z,377551917,553
2026-04-05T10:11:13.054631Z,377552070,514
2026-04-05T10:21:11.183621Z,377552226,512
2026-04-05T10:31:12.905905Z,377552379,487
2026-04-05T10:41:12.686238Z,377552517,519
2026-04-05T10:51:11.381335Z,377552649,527
2026-04-05T11:01:09.527668Z,377552803,536
2026-04-05T11:11:13.598038Z,377552968,544
2026-04-05T11:20:31.425265Z,377553120,520
2026-04-05T11:30:23.414290Z,377553286,506
2026-04-05T11:40:27.648232Z,377553475,548
2026-04-05T11:50:28.102404Z,377553650,557
2026-04-05T12:00:27.177647Z,377553780,532
2026-04-05T12:10:27.909679Z,377553927,530
2026-04-05T12:20:24.935573Z,377554088,506
2026-04-05T12:30:26.106193Z,377554203,502
2026-04-05T12:40:26.180317Z,377554335,484
2026-04-05T12:50:28.712214Z,377554471,480
2026-04-05T13:00:28.420325Z,377554600,481
2026-04-05T13:10:28.233602Z,377554779,499
2026-04-05T13:20:26.923564Z,377554931,488
2026-04-05T13:30:26.939578Z,377555112,457
2026-04-05T13:40:27.798295Z,377555305,449
2026-04-05T13:50:23.591282Z,377555481,465
2026-04-05T14:00:26.114425Z,377555640,469
2026-04-05T14:10:26.709036Z,377555781,452
2026-04-05T14:20:26.512228Z,377555931,450
2026-04-05T14:30:26.202269Z,377556090,482
2026-04-05T14:40:23.539839Z,377556207,487
2026-04-05T14:50:28.584925Z,377556367,503
2026-04-05T15:00:26.995881Z,377556537,494
2026-04-05T15:10:27.117336Z,377556691,487
2026-04-05T15:20:25.850847Z,377556902,508
2026-04-05T15:30:26.606368Z,377557047,507
2026-04-05T15:40:26.222554Z,377557259,528
2026-04-05T15:50:26.677067Z,377557462,527
2026-04-05T16:00:29.651167Z,377557700,526
2026-04-05T16:10:25.990203Z,377557888,497
2026-04-05T16:20:26.755131Z,377558072,517
2026-04-05T16:30:25.315465Z,377558348,540
2026-04-05T16:40:28.553151Z,377558628,522
2026-04-05T16:50:26.194606Z,377558859,583
2026-04-05T17:00:29.553121Z,377559064,547
2026-04-05T17:10:27.159737Z,377559234,547
2026-04-05T17:20:27.777928Z,377559453,578
2026-04-05T17:30:25.064953Z,377559714,566
2026-04-05T17:40:26.183166Z,377560030,581
2026-04-05T17:50:26.688744Z,377560292,609
2026-04-05T18:00:27.778364Z,377560519,578
2026-04-05T18:10:24.639654Z,377560739,620
2026-04-05T18:20:25.548150Z,377560984,631
2026-04-05T18:30:26.453901Z,377561237,649
2026-04-05T18:40:26.878867Z,377561523,652
2026-04-05T18:50:25.128323Z,377561837,702
2026-04-05T19:00:24.158694Z,377562056,692
2026-04-05T19:10:24.513161Z,377562287,688
2026-04-05T19:20:23.921030Z,377562580,694
2026-04-05T19:30:27.170382Z,377562909,666
2026-04-05T19:40:25.178537Z,377563161,675
2026-04-05T19:50:26.532883Z,377563399,711
2026-04-05T20:00:27.496003Z,377563674,740
2026-04-05T20:10:24.118294Z,377563968,740
2026-04-05T20:20:25.639782Z,377564291,758
2026-04-05T20:30:26.962982Z,377564564,762
2026-04-05T20:40:28.013879Z,377564856,768
2026-04-05T20:50:26.715012Z,377565170,789
2026-04-05T21:00:26.640287Z,377565435,773
2026-04-05T21:10:26.116096Z,377565702,745
2026-04-05T21:10:55.088087Z,377565727,745
2026-04-05T21:20:53.602589Z,377565956,747
2026-04-05T21:30:54.266713Z,377566227,723
2026-04-05T21:40:55.270663Z,377566437,706
2026-04-05T21:50:54.030981Z,377566697,744
2026-04-05T22:00:55.675150Z,377566920,769
2026-04-05T22:10:54.538343Z,377567193,774
2026-04-05T22:20:53.312500Z,377567525,805
2026-04-05T22:30:55.308531Z,377567757,791
2026-04-05T22:40:57.810124Z,377567974,810
2026-04-05T22:50:54.796699Z,377568229,806
2026-04-05T23:00:55.163865Z,377568493,820
2026-04-05T23:10:54.456191Z,377568751,821
2026-04-05T23:20:58.261413Z,377569005,804
2026-04-05T23:30:54.962480Z,377569259,790
2026-04-05T23:40:53.277785Z,377569489,787
2026-04-05T23:50:55.852097Z,377569726,772
2026-04-06T00:01:08.072683Z,377569902,721
2026-04-06T00:10:55.057878Z,377570131,693
2026-04-06T00:20:54.492905Z,377570387,711
2026-04-06T00:30:57.328552Z,377570672,719
2026-04-06T00:40:53.511587Z,377570920,732
2026-04-06T00:50:55.271544Z,377571141,707
2026-04-06T01:00:55.059347Z,377571392,729
2026-04-06T01:10:55.247018Z,377571640,701
2026-04-06T01:20:56.249726Z,377571898,710
2026-04-06T01:30:55.672198Z,377572280,758
2026-04-06T01:40:55.366248Z,377572567,750
2026-04-06T01:50:56.344747Z,377572791,789
2026-04-06T02:00:58.799963Z,377573071,779
2026-04-06T02:10:55.597157Z,377573275,744
2026-04-06T02:20:53.915153Z,377573528,791
2026-04-06T02:30:53.245399Z,377573776,805
2026-04-06T02:40:55.460734Z,377573973,817
2026-04-06T02:50:55.979052Z,377574183,793
2026-04-06T03:01:02.292206Z,377574408,791
2026-04-06T03:10:53.467159Z,377574653,784
2026-04-06T03:21:00.926322Z,377574839,747
2026-04-06T03:30:57.319743Z,377575035,741
2026-04-06T03:40:56.607918Z,377575281,759
2026-04-06T03:50:54.998128Z,377575505,738
2026-04-06T04:00:57.695943Z,377575716,712
2026-04-06T04:10:57.439662Z,377575965,722
2026-04-06T04:20:55.853466Z,377576162,668
2026-04-06T04:31:00.611551Z,377576366,666
2026-04-06T04:40:58.899769Z,377576534,633
2026-04-06T04:50:55.684112Z,377576716,610
2026-04-06T05:01:03.104312Z,377576920,638
2026-04-06T05:11:07.007395Z,377577068,620
2026-04-06T05:21:00.364755Z,377577292,610
2026-04-06T05:31:01.571682Z,377577503,633
2026-04-06T05:40:57.251553Z,377577683,637
2026-04-06T05:50:58.312234Z,377577816,633
2026-04-06T06:00:59.527140Z,377578003,625
2026-04-06T06:11:00.689108Z,377578193,644
2026-04-06T06:20:57.076787Z,377578355,623
2026-04-06T06:31:00.584693Z,377578511,626
2026-04-06T06:40:55.453765Z,377578691,617
2026-04-06T06:51:01.274759Z,377578880,582
2026-04-06T07:00:56.392054Z,377579022,593
2026-04-06T07:10:57.291116Z,377579149,571
2026-04-06T07:20:56.502944Z,377579318,576
2026-04-06T07:30:54.710145Z,377579485,565
2026-04-06T07:40:55.722390Z,377579675,539
2026-04-06T07:50:55.947135Z,377579792,520
2026-04-06T08:00:59.560720Z,377579946,502
2026-04-06T08:10:57.545088Z,377580127,476
2026-04-06T08:20:55.009717Z,377580287,501
2026-04-06T08:30:56.592567Z,377580396,452
2026-04-06T08:40:58.684973Z,377580535,442
2026-04-06T08:50:57.938602Z,377580642,446
2026-04-06T09:00:57.666806Z,377580807,461
2026-04-06T09:10:58.066049Z,377580959,474
2026-04-06T09:20:53.779779Z,377581095,484
2026-04-06T09:30:56.214427Z,377581236,456
2026-04-06T09:40:58.586962Z,377581354,445
2026-04-06T09:50:56.199994Z,377581438,407
2026-04-06T10:00:57.522529Z,377581557,397
2026-04-06T10:10:56.638667Z,377581676,372
2026-04-06T10:20:55.379111Z,377581778,376
2026-04-06T10:30:58.170273Z,377581904,384
2026-04-06T10:40:56.435716Z,377582021,362
2026-04-06T10:50:56.361738Z,377582106,361
2026-04-06T11:00:56.557583Z,377582213,370
2026-04-06T11:10:58.582463Z,377582307,359
2026-04-06T11:20:54.409177Z,377582424,343
2026-04-06T11:30:56.260668Z,377582530,340
2026-04-06T11:40:56.598146Z,377582640,340
2026-04-06T11:50:54.681338Z,377582752,329
2026-04-06T12:00:59.891895Z,377582856,339
2026-04-06T12:10:58.223622Z,377582952,344
2026-04-06T12:20:55.292309Z,377583083,320
2026-04-06T12:30:58.617620Z,377583205,315
2026-04-06T12:40:59.052558Z,377583313,297
2026-04-06T12:50:57.699048Z,377583438,323
2026-04-06T13:01:00.668354Z,377583546,314
2026-04-06T13:10:59.217955Z,377583676,334
2026-04-06T13:20:57.028942Z,377583825,354
2026-04-06T13:30:57.557119Z,377583989,364
2026-04-06T13:40:55.212102Z,377584131,380
2026-04-06T13:50:56.785966Z,377584272,401
2026-04-06T14:01:02.130232Z,377584467,412
2026-04-06T14:10:56.479531Z,377584660,425
2026-04-06T14:20:59.931980Z,377584793,425
2026-04-06T14:31:00.586477Z,377584956,442
2026-04-06T14:40:55.937342Z,377585123,439
2026-04-06T14:50:59.205443Z,377585340,418
2026-04-06T15:00:59.291257Z,377585545,425
2026-04-06T15:10:56.097089Z,377585749,406
2026-04-06T15:21:00.188918Z,377585970,419
2026-04-06T15:30:59.681977Z,377586108,426
2026-04-06T15:40:57.256826Z,377586265,430
2026-04-06T15:50:56.375365Z,377586478,451
2026-04-06T16:00:59.169870Z,377586653,463
2026-04-06T16:10:56.375645Z,377586852,445
2026-04-06T16:20:58.955668Z,377587049,453
2026-04-06T16:30:59.013949Z,377587293,470
2026-04-06T16:40:54.897950Z,377587563,508
2026-04-06T16:50:54.536293Z,377587820,528
2026-04-06T17:00:57.417727Z,377588003,507
2026-04-06T17:10:57.557468Z,377588296,534
2026-04-06T17:21:09.848484Z,377588518,506
2026-04-06T17:31:13.747015Z,377588745,530
2026-04-06T17:41:11.785776Z,377588926,569
2026-04-06T17:51:09.536094Z,377589219,613
2026-04-06T18:01:21.496739Z,377589496,588
2026-04-06T18:11:09.368468Z,377589752,629
2026-04-06T18:21:14.615803Z,377590004,624
2026-04-06T18:31:16.027100Z,377590301,658
2026-04-06T18:41:09.781071Z,377590541,650
2026-04-06T18:51:13.168582Z,377590815,638
2026-04-06T19:01:16.453622Z,377591060,643
2026-04-06T19:11:10.116651Z,377591285,645
2026-04-06T19:21:10.119028Z,377591583,636
2026-04-06T19:31:13.791631Z,377591943,663
2026-04-06T19:41:13.882612Z,377592194,670
2026-04-06T19:51:08.808447Z,377592454,645
2026-04-06T20:01:20.034444Z,377592667,637
2026-04-06T20:11:10.202431Z,377592877,616
2026-04-06T20:21:09.264998Z,377593159,614
2026-04-06T20:31:12.568739Z,377593355,609
2026-04-06T20:41:15.128410Z,377593613,617
2026-04-06T20:51:07.494179Z,377593890,615
2026-04-06T21:01:19.477275Z,377594142,563
2026-04-06T21:11:16.904891Z,377594353,571
2026-04-06T21:21:08.623275Z,377594635,498
2026-04-06T21:31:13.719338Z,377594904,507
2026-04-06T21:41:11.550514Z,377595266,570
2026-04-06T21:51:10.903465Z,377595546,576
2026-04-06T22:01:18.171379Z,377595838,561
2026-04-06T22:11:10.201936Z,377596110,607
2026-04-06T22:21:12.072623Z,377596328,611
2026-04-06T22:31:09.683334Z,377596525,607
2026-04-06T22:41:11.993650Z,377596732,622
2026-04-06T22:51:29.272582Z,377596964,622
2026-04-06T23:01:14.975322Z,377597141,637
2026-04-06T23:11:09.288760Z,377597341,639
2026-04-06T23:21:08.379301Z,377597677,696
2026-04-06T23:31:11.170880Z,377598004,711
2026-04-06T23:41:10.050477Z,377598341,690
2026-04-06T23:51:07.294881Z,377598631,728
2026-04-07T00:01:17.610762Z,377598853,740
2026-04-07T00:11:11.956432Z,377599098,766
2026-04-07T00:21:06.764806Z,377599369,739
2026-04-07T00:31:08.435788Z,377599525,716
2026-04-07T00:41:08.453400Z,377599770,714
2026-04-07T00:51:12.557142Z,377600000,672
2026-04-07T01:01:11.694383Z,377600289,695
2026-04-07T01:11:09.343028Z,377600568,705
2026-04-07T01:21:06.876321Z,377600851,698
2026-04-07T01:31:11.411289Z,377601139,676
2026-04-07T01:41:09.898151Z,377601384,673
2026-04-07T01:51:09.282708Z,377601689,681
2026-04-07T02:01:10.932333Z,377601926,674
2026-04-07T02:11:08.507772Z,377602212,716
2026-04-07T02:21:07.249500Z,377602555,762
2026-04-07T02:31:07.706800Z,377602775,742
2026-04-07T02:41:07.895863Z,377603036,749
2026-04-07T02:51:08.744893Z,377603334,772
2026-04-07T03:01:08.706420Z,377603554,761
2026-04-07T03:11:10.313965Z,377603782,746
2026-04-07T03:21:11.078147Z,377604076,772
2026-04-07T03:30:46.200652Z,377604331,764
2026-04-07T03:40:45.230993Z,377604595,723
2026-04-07T03:50:45.782903Z,377604896,689
2026-04-07T04:00:51.422784Z,377605129,683
2026-04-07T04:10:47.093800Z,377605346,662
2026-04-07T04:20:44.824314Z,377605560,661
2026-04-07T04:30:49.892253Z,377605759,658
2026-04-07T04:40:48.051710Z,377605964,658
2026-04-07T04:50:46.496021Z,377606160,683
2026-04-07T05:00:51.958550Z,377606338,636
2026-04-07T05:10:43.961473Z,377606515,583
2026-04-07T05:20:47.123249Z,377606714,601
2026-04-07T05:30:47.989272Z,377606932,578
2026-04-07T05:40:47.802418Z,377607062,579
2026-04-07T05:50:45.066311Z,377607222,597
2026-04-07T06:01:09.358381Z,377607425,603
2026-04-07T06:10:46.305349Z,377607607,616
2026-04-07T06:20:46.870785Z,377607783,584
2026-04-07T06:30:46.991303Z,377607979,557
2026-04-07T06:40:46.972519Z,377608144,523
2026-04-07T06:50:44.710710Z,377608273,527
2026-04-07T07:00:50.398707Z,377608445,549
2026-04-07T07:10:48.553384Z,377608559,503
2026-04-07T07:20:47.086964Z,377608688,508
2026-04-07T07:30:50.055610Z,377608822,531
2026-04-07T07:40:48.663759Z,377608971,491
2026-04-07T07:50:43.830463Z,377609112,496
2026-04-07T08:00:51.238179Z,377609287,506
2026-04-07T08:10:45.706342Z,377609463,536
2026-04-07T08:20:46.485614Z,377609593,518
2026-04-07T08:30:45.365598Z,377609699,508
2026-04-07T08:40:47.586163Z,377609868,511
2026-04-07T08:50:45.281544Z,377610021,482
2026-04-07T09:00:51.370095Z,377610141,514
2026-04-07T09:10:45.489907Z,377610241,495
2026-04-07T09:20:47.562534Z,377610350,505
2026-04-07T09:30:49.432312Z,377610467,485
2026-04-07T09:40:48.502281Z,377610590,462
2026-04-07T09:50:44.146190Z,377610704,450
2026-04-07T10:00:46.192443Z,377610799,471
2026-04-07T10:10:46.257825Z,377610879,455
2026-04-07T10:20:44.165492Z,377610935,423
2026-04-07T10:30:46.592388Z,377611047,427
2026-04-07T10:40:44.703111Z,377611134,430
2026-04-07T10:50:46.970317Z,377611272,469
2026-04-07T11:00:44.950914Z,377611434,474
2026-04-07T11:10:44.449582Z,377611542,485
2026-04-07T11:20:46.206087Z,377611679,486
2026-04-07T11:30:44.613485Z,377611822,513
2026-04-07T11:40:46.909776Z,377611929,508
2026-04-07T11:50:44.584215Z,377612040,506
2026-04-07T12:00:45.100556Z,377612153,472
2026-04-07T12:10:43.613581Z,377612261,461
2026-04-07T12:20:48.683359Z,377612374,475
2026-04-07T12:30:46.166685Z,377612510,483
2026-04-07T12:40:44.924552Z,377612669,490
2026-04-07T12:50:43.360960Z,377612786,507
2026-04-07T13:00:47.612892Z,377612942,529
2026-04-07T13:10:45.907127Z,377613049,531
2026-04-07T13:20:52.266316Z,377613187,508
2026-04-07T13:30:46.103594Z,377613299,514
2026-04-07T13:40:45.418296Z,377613455,553
2026-04-07T13:50:47.610118Z,377613622,555
2026-04-07T14:01:02.289942Z,377613803,535
2026-04-07T14:10:46.918294Z,377613956,569
2026-04-07T14:20:48.394117Z,377614153,556
2026-04-07T14:30:50.355631Z,377614303,558
2026-04-07T14:40:49.970660Z,377614472,537
2026-04-07T14:50:49.968721Z,377614628,544
2026-04-07T15:00:57.499971Z,377614798,553
2026-04-07T15:10:48.915383Z,377615047,556
2026-04-07T15:20:47.232116Z,377615257,574
2026-04-07T15:30:47.276350Z,377615451,578
2026-04-07T15:40:46.193062Z,377615732,583
2026-04-07T15:50:52.478070Z,377615880,572
2026-04-07T16:00:54.528157Z,377616042,591
2026-04-07T16:10:48.458269Z,377616196,568
2026-04-07T16:20:48.906166Z,377616379,565
2026-04-07T16:30:49.497445Z,377616619,569
2026-04-07T16:40:48.394521Z,377616829,560
2026-04-07T16:50:52.353110Z,377617054,594
2026-04-07T17:00:58.795489Z,377617236,618
2026-04-07T17:10:46.144118Z,377617404,601
2026-04-07T17:20:50.160861Z,377617628,594
2026-04-07T17:30:55.745085Z,377617805,567
2026-04-07T17:40:50.643289Z,377617949,562
2026-04-07T17:50:51.980701Z,377618088,509
2026-04-07T18:01:04.536816Z,377618257,521
2026-04-07T18:10:49.484997Z,377618417,549
2026-04-07T18:20:50.164499Z,377618624,550
2026-04-07T18:30:52.392074Z,377618859,567
2026-04-07T18:40:50.244133Z,377619130,596
2026-04-07T18:50:48.920435Z,377619364,611
2026-04-07T19:00:59.464718Z,377619596,639
2026-04-07T19:10:51.423701Z,377619782,625
2026-04-07T19:20:54.406624Z,377620010,651
2026-04-07T19:30:48.621190Z,377620317,686
2026-04-07T19:40:47.799863Z,377620510,691
2026-04-07T19:50:49.322216Z,377620715,676
2026-04-07T20:00:52.886295Z,377620926,663
2026-04-07T20:10:50.368994Z,377621194,665
2026-04-07T20:20:49.250937Z,377621546,631
2026-04-07T20:30:49.697159Z,377621897,607
2026-04-07T20:40:50.097079Z,377622311,668
2026-04-07T20:50:47.242196Z,377622594,705
2026-04-07T21:00:55.921404Z,377622994,706
2026-04-07T21:10:45.466419Z,377623347,708
2026-04-07T21:20:44.130498Z,377623727,708
2026-04-07T21:30:51.463698Z,377624138,728
2026-04-07T21:40:45.266855Z,377624394,705
2026-04-07T21:50:48.429872Z,377624615,678
2026-04-07T22:00:52.061867Z,377624826,652
2026-04-07T22:10:46.357701Z,377625104,635
2026-04-07T22:20:45.977420Z,377625320,670
2026-04-07T22:30:49.273649Z,377625579,671
2026-04-07T22:40:49.995919Z,377625833,720
2026-04-07T22:50:47.760233Z,377626071,725
2026-04-07T23:00:54.437467Z,377626308,751
2026-04-07T23:10:47.350707Z,377626563,742
2026-04-07T23:20:45.492425Z,377626789,784
2026-04-07T23:30:44.859801Z,377627046,782
2026-04-07T23:40:46.988025Z,377627267,745
2026-04-07T23:50:44.727743Z,377627506,778
2026-04-08T00:00:48.603775Z,377627800,788
2026-04-08T00:10:49.065916Z,377628049,774
2026-04-08T00:20:45.703013Z,377628301,766
2026-04-08T00:30:37.902436Z,377628591,829
2026-04-08T00:40:36.033480Z,377628792,828
2026-04-08T00:50:40.314087Z,377629100,809
2026-04-08T01:00:41.536076Z,377629374,816
2026-04-08T01:10:40.061771Z,377629623,847
2026-04-08T01:20:41.199030Z,377629848,837
2026-04-08T01:30:39.862139Z,377630097,841
2026-04-08T01:40:38.583675Z,377630366,831
2026-04-08T01:50:39.605656Z,377630591,840
2026-04-08T02:00:41.214839Z,377630850,842
2026-04-08T02:10:37.959594Z,377631174,822
2026-04-08T02:20:39.209960Z,377631385,813
2026-04-08T02:30:38.932596Z,377631648,831
2026-04-08T02:40:38.940601Z,377631938,830
2026-04-08T02:50:36.940317Z,377632226,873
2026-04-08T03:00:44.854535Z,377632423,886
2026-04-08T03:10:39.831701Z,377632675,873
2026-04-08T03:20:38.760177Z,377632947,890
2026-04-08T03:30:40.430157Z,377633191,877
2026-04-08T03:40:41.568314Z,377633404,831
2026-04-08T03:50:39.566912Z,377633672,838
2026-04-08T04:00:43.139503Z,377633886,846
2026-04-08T04:10:38.918640Z,377634123,837
2026-04-08T04:20:39.858868Z,377634315,834
2026-04-08T04:30:43.994593Z,377634501,799
2026-04-08T04:40:39.224269Z,377634707,822
2026-04-08T04:50:39.229337Z,377634910,781
2026-04-08T05:00:44.112890Z,377635120,784
2026-04-08T05:10:39.720853Z,377635319,756
2026-04-08T05:20:40.409967Z,377635515,709
2026-04-08T05:30:40.628435Z,377635697,681
2026-04-08T05:40:42.438785Z,377635827,671
2026-04-08T05:50:39.018747Z,377635996,640
2026-04-08T06:00:42.490678Z,377636147,670
2026-04-08T06:10:38.270425Z,377636317,622
2026-04-08T06:20:42.178332Z,377636452,588
2026-04-08T06:30:42.075482Z,377636556,590
2026-04-08T06:40:40.155270Z,377636692,593
2026-04-08T06:50:36.685673Z,377636811,599
2026-04-08T07:00:44.434306Z,377636944,591
2026-04-08T07:11:36.458450Z,377637037,585
2026-04-08T07:20:43.818298Z,377637173,537
2026-04-08T07:30:40.927731Z,377637334,556
2026-04-08T07:40:40.821343Z,377637437,540
2026-04-08T07:50:40.438243Z,377637547,508
2026-04-08T08:00:42.628019Z,377637627,516
2026-04-08T08:10:42.172722Z,377637765,514
2026-04-08T08:20:41.172246Z,377637879,521
2026-04-08T08:30:39.556166Z,377637974,482
2026-04-08T08:40:40.186990Z,377638090,467
2026-04-08T08:50:41.425577Z,377638190,437
2026-04-08T09:00:41.186760Z,377638321,426
2026-04-08T09:10:37.700006Z,377638411,423
2026-04-08T09:20:41.428754Z,377638513,388
2026-04-08T09:30:38.300298Z,377638605,393
2026-04-08T09:40:40.056507Z,377638701,390
2026-04-08T09:50:41.652246Z,377638812,389
2026-04-08T10:00:40.226085Z,377638912,385
2026-04-08T10:10:38.985953Z,377638998,355
2026-04-08T10:20:38.432665Z,377639139,385
2026-04-08T10:30:48.690555Z,377639226,398
2026-04-08T10:40:46.009733Z,377639324,385
2026-04-08T10:50:51.243390Z,377639411,387
2026-04-08T11:00:50.753487Z,377639529,387
2026-04-08T11:10:47.444099Z,377639648,381
2026-04-08T11:20:47.848300Z,377639785,407
2026-04-08T11:30:47.434233Z,377639858,386
2026-04-08T11:40:47.311229Z,377639952,385
2026-04-08T11:50:51.245988Z,377640027,385
2026-04-08T12:00:47.950460Z,377640142,396
2026-04-08T12:10:46.041573Z,377640249,413
2026-04-08T12:20:48.696243Z,377640357,409
2026-04-08T12:30:49.450728Z,377640465,416
2026-04-08T12:40:46.848949Z,377640618,416
2026-04-08T12:50:51.311529Z,377640736,401
2026-04-08T13:00:47.039181Z,377640870,416
2026-04-08T13:10:47.861525Z,377641001,431
2026-04-08T13:20:50.962624Z,377641101,438
2026-04-08T13:30:48.212958Z,377641220,458
2026-04-08T13:40:47.594124Z,377641344,472
2026-04-08T13:50:49.449302Z,377641515,492
2026-04-08T14:00:53.628874Z,377641670,506
2026-04-08T14:10:49.877815Z,377641853,495
2026-04-08T14:20:51.406680Z,377641998,513
2026-04-08T14:30:51.852925Z,377642155,510
2026-04-08T14:40:52.015895Z,377642308,516
2026-04-08T14:50:47.899977Z,377642468,526
2026-04-08T15:00:59.420449Z,377642649,522
2026-04-08T15:10:58.011035Z,377642839,471
2026-04-08T15:20:57.009480Z,377643043,509
2026-04-08T15:30:59.440430Z,377643239,518
2026-04-08T15:41:02.465573Z,377643457,503
2026-04-08T15:51:00.871883Z,377643716,548
2026-04-08T16:01:04.049649Z,377643914,500
2026-04-08T16:10:48.926545Z,377644079,473
2026-04-08T16:20:47.103143Z,377644292,442
2026-04-08T16:30:49.763164Z,377644523,468
2026-04-08T16:40:49.006628Z,377644738,480
2026-04-08T16:50:46.774134Z,377644995,495
2026-04-08T17:00:50.078257Z,377645257,525
2026-04-08T17:10:47.649617Z,377645562,567
2026-04-08T17:20:47.911221Z,377645861,621
2026-04-08T17:30:49.853151Z,377646074,588
2026-04-08T17:40:45.016553Z,377646278,625
2026-04-08T17:50:53.460144Z,377646460,631
2026-04-08T18:01:13.789970Z,377646653,633
2026-04-08T18:10:57.762165Z,377646851,615
2026-04-08T18:20:58.758934Z,377647040,653
2026-04-08T18:31:20.919585Z,377647293,669
2026-04-08T18:40:56.174256Z,377647502,664
2026-04-08T18:50:53.804122Z,377647713,652
2026-04-08T19:00:47.656114Z,377647922,655
2026-04-08T19:11:07.518984Z,377648161,661
2026-04-08T19:21:01.600734Z,377648389,649
2026-04-08T19:30:50.726191Z,377648575,588
2026-04-08T19:41:04.838073Z,377648808,599
2026-04-08T19:50:46.485828Z,377649023,638
2026-04-08T20:00:46.300456Z,377649213,656
2026-04-08T20:10:47.080405Z,377649453,689
2026-04-08T20:20:46.907217Z,377649671,705
2026-04-08T20:30:46.301091Z,377649894,684
2026-04-08T20:40:44.682041Z,377650153,720
2026-04-08T20:50:50.815915Z,377650385,721
2026-04-08T21:00:46.113854Z,377650595,702
2026-04-08T21:10:41.515014Z,377650834,693
2026-04-08T21:20:39.758066Z,377651046,704
2026-04-08T21:30:43.619897Z,377651292,726
2026-04-08T21:40:42.074660Z,377651530,745
2026-04-08T21:50:41.106604Z,377651777,735
2026-04-08T22:00:44.126240Z,377651992,756
2026-04-08T22:10:42.001731Z,377652258,750
2026-04-08T22:20:38.523959Z,377652478,754
2026-04-08T22:30:40.986659Z,377652768,764
2026-04-08T22:40:42.117106Z,377653022,743
2026-04-08T22:50:40.593809Z,377653249,749
2026-04-08T23:00:41.681833Z,377653476,777
2026-04-08T23:10:45.913545Z,377653717,743
2026-04-08T23:20:40.915809Z,377653922,744
2026-04-08T23:30:38.960956Z,377654171,778
2026-04-08T23:40:40.443645Z,377654486,835
2026-04-08T23:50:42.599209Z,377654672,763
2026-04-09T00:00:46.559213Z,377654867,756
2026-04-09T00:10:39.058862Z,377655067,756
2026-04-09T00:20:40.857474Z,377655285,786
2026-04-09T00:30:39.851313Z,377655484,800
2026-04-09T00:40:41.774388Z,377655689,799
2026-04-09T00:50:42.829892Z,377655917,758
2026-04-09T01:00:41.376887Z,377656134,656
2026-04-09T01:10:41.243777Z,377656430,675
2026-04-09T01:20:42.665180Z,377656738,623
2026-04-09T01:30:42.163590Z,377656972,662
2026-04-09T01:40:41.802723Z,377657191,667
2026-04-09T01:50:40.624600Z,377657429,709
2026-04-09T02:00:43.307084Z,377657667,701
2026-04-09T02:10:43.942891Z,377657923,694
2026-04-09T02:20:39.943755Z,377658190,705
2026-04-09T02:30:42.022330Z,377658352,682
2026-04-09T02:40:38.902603Z,377658602,690
2026-04-09T02:50:42.702623Z,377658846,687
2026-04-09T03:00:39.932745Z,377659047,687
2026-04-09T03:10:39.969140Z,377659295,694
2026-04-09T03:20:43.180810Z,377659503,702
2026-04-09T03:30:40.703388Z,377659769,688
2026-04-09T03:40:39.407697Z,377659984,709
2026-04-09T03:50:39.531863Z,377660243,717
2026-04-09T04:00:44.416062Z,377660375,679
2026-04-09T04:10:40.030722Z,377660597,688
2026-04-09T04:20:42.236118Z,377660735,639
2026-04-09T04:30:41.001277Z,377660854,637
2026-04-09T04:40:41.830114Z,377661057,641
2026-04-09T04:50:44.926353Z,377661276,654
2026-04-09T05:00:44.196085Z,377661486,665
2026-04-09T05:10:43.673689Z,377661618,646
2026-04-09T05:20:40.788014Z,377661788,643
2026-04-09T05:30:41.439991Z,377661926,639
2026-04-09T05:40:43.627526Z,377662092,634
2026-04-09T05:50:41.065716Z,377662282,656
2026-04-09T06:00:43.280282Z,377662434,632
2026-04-09T06:10:42.875122Z,377662588,648
2026-04-09T06:20:41.661063Z,377662742,606
2026-04-09T06:30:40.081305Z,377662846,598
2026-04-09T06:40:40.009007Z,377662978,618
2026-04-09T06:50:41.560586Z,377663146,610
2026-04-09T07:00:42.229114Z,377663343,651
2026-04-09T07:10:40.510899Z,377663506,661
2026-04-09T07:20:47.181133Z,377663679,683
2026-04-09T07:30:48.190409Z,377663828,674
2026-04-09T07:40:50.267294Z,377663991,690
2026-04-09T07:50:52.752664Z,377664183,703
2026-04-09T08:00:48.588441Z,377664313,681
2026-04-09T08:10:44.851012Z,377664460,682
2026-04-09T08:20:44.301963Z,377664607,671
2026-04-09T08:30:47.016018Z,377664773,640
2026-04-09T08:40:55.618856Z,377664933,637
2026-04-09T08:50:48.606909Z,377665061,632
2026-04-09T09:00:49.472838Z,377665199,651
2026-04-09T09:10:47.919410Z,377665315,641
2026-04-09T09:20:45.237915Z,377665423,635
2026-04-09T09:30:45.011289Z,377665504,631
2026-04-09T09:40:47.294891Z,377665618,627
2026-04-09T09:50:48.259866Z,377665748,622
2026-04-09T10:00:46.418112Z,377665847,631
2026-04-09T10:10:46.519977Z,377665964,627
2026-04-09T10:11:07.547312Z,377665971,627
2026-04-09T10:21:00.691725Z,377666053,625
2026-04-09T10:31:02.606383Z,377666172,611
2026-04-09T10:41:03.985323Z,377666267,601
2026-04-09T10:51:12.476067Z,377666366,608
2026-04-09T11:01:08.930116Z,377666514,577
2026-04-09T11:11:02.806900Z,377666619,597
2026-04-09T11:21:05.185159Z,377666787,593
2026-04-09T11:31:05.420816Z,377666899,613
2026-04-09T11:41:03.600486Z,377667022,564
2026-04-09T11:51:06.078319Z,377667229,579
2026-04-09T12:01:09.068042Z,377667366,602
2026-04-09T12:11:01.519893Z,377667518,606
2026-04-09T12:21:02.791169Z,377667669,616
2026-04-09T12:31:04.719619Z,377667781,613
2026-04-09T12:41:00.920179Z,377667960,605
2026-04-09T12:51:12.461055Z,377668146,629
2026-04-09T13:01:06.696582Z,377668285,619
2026-04-09T13:11:02.825569Z,377668479,627
2026-04-09T13:21:06.253871Z,377668638,634
2026-04-09T13:31:07.415122Z,377668800,636
2026-04-09T13:41:09.012079Z,377668992,662
2026-04-09T13:51:04.232877Z,377669167,675
2026-04-09T14:01:13.389586Z,377669362,696
2026-04-09T14:11:03.744647Z,377669535,695
2026-04-09T14:21:01.909706Z,377669748,730
2026-04-09T14:31:05.545180Z,377669918,735
2026-04-09T14:41:05.376090Z,377670100,760
2026-04-09T14:51:05.646913Z,377670277,751
2026-04-09T15:01:09.102465Z,377670487,771
2026-04-09T15:11:06.214105Z,377670656,727
2026-04-09T15:21:06.618098Z,377670904,749
2026-04-09T15:31:06.228058Z,377671108,776
2026-04-09T15:41:04.611106Z,377671299,785
2026-04-09T15:51:03.729855Z,377671488,771
2026-04-09T16:01:12.664256Z,377671676,772
2026-04-09T16:11:03.120396Z,377671829,742
2026-04-09T16:21:05.730539Z,377672043,731
2026-04-09T16:31:05.891788Z,377672203,749
2026-04-09T16:41:04.800371Z,377672415,727
2026-04-09T16:51:06.048323Z,377672630,721
2026-04-09T17:01:05.760736Z,377672802,727
2026-04-09T17:11:01.294078Z,377673000,749
2026-04-09T17:21:11.036128Z,377673273,788
2026-04-09T17:31:06.576368Z,377673482,787
2026-04-09T17:41:03.499911Z,377673680,799
2026-04-09T17:51:04.476467Z,377673931,780
2026-04-09T18:00:58.626102Z,377674167,785
2026-04-09T18:10:55.677526Z,377674327,770
2026-04-09T18:20:54.061088Z,377674562,778
2026-04-09T18:30:58.192617Z,377674794,773
2026-04-09T18:40:54.441239Z,377675009,836
2026-04-09T18:50:54.661934Z,377675245,802
2026-04-09T19:00:56.962957Z,377675495,794
2026-04-09T19:10:55.309863Z,377675697,817
2026-04-09T19:20:52.988464Z,377675970,819
2026-04-09T19:30:54.957330Z,377676322,838
2026-04-09T19:41:00.991149Z,377676623,853
2026-04-09T19:50:55.333197Z,377676910,887
2026-04-09T20:01:06.999931Z,377677234,892
2026-04-09T20:10:57.244745Z,377677473,880
2026-04-09T20:20:52.707000Z,377677734,885
2026-04-09T20:30:54.958155Z,377678061,885
2026-04-09T20:40:56.613319Z,377678330,887
2026-04-09T20:50:52.627739Z,377678644,902
2026-04-09T21:00:57.377518Z,377678915,888
2026-04-09T21:10:54.224521Z,377679184,824
2026-04-09T21:20:55.213381Z,377679507,830
2026-04-09T21:30:59.276657Z,377679803,804
2026-04-09T21:40:55.193650Z,377680113,824
2026-04-09T21:50:56.163959Z,377680373,813
2026-04-09T22:00:55.436019Z,377680658,845
2026-04-09T22:10:54.900230Z,377680919,866
2026-04-09T22:20:54.435092Z,377681185,852
2026-04-09T22:30:59.256596Z,377681422,816
2026-04-09T22:40:55.613608Z,377681752,770
2026-04-09T22:50:55.656963Z,377682076,811
2026-04-09T23:01:02.064110Z,377682387,788
2026-04-09T23:10:55.591155Z,377682673,756
2026-04-09T23:20:54.670793Z,377682989,784
2026-04-09T23:30:58.071771Z,377683275,787
2026-04-09T23:40:52.084344Z,377683537,824
2026-04-09T23:50:57.341064Z,377683756,839
2026-04-10T00:00:57.564449Z,377684057,870
2026-04-10T00:10:51.318877Z,377684415,928
2026-04-10T00:20:59.539300Z,377684651,902
2026-04-10T00:30:53.019334Z,377684884,898
2026-04-10T00:40:51.081252Z,377685131,927
2026-04-10T00:50:55.384123Z,377685420,934
2026-04-10T01:00:52.262311Z,377685631,902
2026-04-10T01:10:55.745247Z,377685928,903
2026-04-10T01:20:53.869460Z,377686163,897
2026-04-10T01:30:56.438950Z,377686404,922
2026-04-10T01:40:51.497018Z,377686616,906
2026-04-10T01:50:51.090856Z,377686843,909
2026-04-10T02:00:55.248706Z,377687085,920
2026-04-10T02:10:53.232112Z,377687328,822
2026-04-10T02:20:50.990011Z,377687538,850
2026-04-10T02:30:52.479989Z,377687707,796
2026-04-10T02:40:53.944646Z,377687928,820
2026-04-10T02:50:53.077344Z,377688204,809
2026-04-10T03:00:50.420465Z,377688407,781
2026-04-10T03:10:54.552381Z,377688669,790
2026-04-10T03:20:54.519223Z,377688914,744
2026-04-10T03:30:51.318854Z,377689117,698
2026-04-10T03:40:53.965095Z,377689349,707
2026-04-10T03:50:55.018565Z,377689572,701
2026-04-10T04:00:54.658537Z,377689738,679
2026-04-10T04:10:56.533878Z,377689929,682
2026-04-10T04:20:54.016605Z,377690143,639
2026-04-10T04:31:10.989669Z,377690340,651
2026-04-10T04:41:07.938191Z,377690514,638
2026-04-10T04:51:08.282296Z,377690760,669
2026-04-10T05:01:15.659506Z,377691040,676
2026-04-10T05:11:08.297852Z,377691206,678
2026-04-10T05:21:19.242814Z,377691365,672
2026-04-10T05:31:12.811177Z,377691508,654
2026-04-10T05:41:09.722414Z,377691641,633
2026-04-10T05:51:07.573750Z,377691757,622
2026-04-10T06:01:20.684053Z,377691918,632
2026-04-10T06:11:06.317425Z,377692093,625
2026-04-10T06:21:04.427205Z,377692221,614
2026-04-10T06:31:11.261219Z,377692368,614
2026-04-10T06:41:06.316944Z,377692534,574
2026-04-10T06:51:09.008347Z,377692735,563
2026-04-10T07:01:12.360228Z,377692904,574
2026-04-10T07:11:04.595992Z,377693033,562
2026-04-10T07:21:06.718485Z,377693145,581
2026-04-10T07:31:09.916432Z,377693278,575
2026-04-10T07:41:08.676963Z,377693427,571
2026-04-10T07:51:06.386691Z,377693582,575
2026-04-10T08:01:21.022396Z,377693715,560
2026-04-10T08:11:07.202071Z,377693849,574
2026-04-10T08:21:07.168871Z,377693985,559
2026-04-10T08:31:09.481825Z,377694079,542
2026-04-10T08:41:06.251491Z,377694185,536
2026-04-10T08:51:07.923339Z,377694275,547
2026-04-10T09:01:13.560591Z,377694366,524
2026-04-10T09:11:07.169868Z,377694476,457
2026-04-10T09:21:05.389843Z,377694572,457
2026-04-10T09:31:09.539083Z,377694642,415
2026-04-10T09:41:06.729408Z,377694745,423
2026-04-10T09:51:09.400323Z,377694877,420
2026-04-10T10:01:12.976970Z,377695040,413
2026-04-10T10:11:08.857290Z,377695158,411
2026-04-10T10:21:07.731498Z,377695299,463
2026-04-10T10:31:06.856190Z,377695434,488
2026-04-10T10:41:10.569365Z,377695562,466
2026-04-10T10:51:05.947903Z,377695690,453
2026-04-10T11:01:09.086911Z,377695777,448
2026-04-10T11:11:07.640756Z,377695856,424
2026-04-10T11:21:06.299007Z,377696017,421
2026-04-10T11:31:06.674046Z,377696106,421
2026-04-10T11:41:06.519834Z,377696220,434
2026-04-10T11:51:04.339585Z,377696355,435
2026-04-10T12:01:09.373883Z,377696462,435
2026-04-10T12:11:06.202263Z,377696568,452
2026-04-10T12:21:08.199147Z,377696723,461
2026-04-10T12:31:05.655385Z,377696900,489
2026-04-10T12:41:04.085994Z,377697105,530
2026-04-10T12:51:07.046614Z,377697254,469
2026-04-10T13:01:06.451661Z,377697370,431
2026-04-10T13:11:08.902293Z,377697500,478
2026-04-10T13:21:04.805509Z,377697651,478
2026-04-10T13:31:04.717607Z,377697766,498
2026-04-10T13:41:05.162204Z,377697916,474
2026-04-10T13:51:07.950930Z,377698042,472
2026-04-10T14:01:07.140340Z,377698209,509
2026-04-10T14:11:09.510380Z,377698371,530
2026-04-10T14:21:06.591431Z,377698558,519
2026-04-10T14:31:06.984914Z,377698752,537
2026-04-10T14:41:06.667771Z,377698978,597
2026-04-10T14:51:07.429071Z,377699167,623
2026-04-10T15:01:05.818435Z,377699326,636
2026-04-10T15:11:03.681052Z,377699449,631
2026-04-10T15:21:01.981835Z,377699585,617
2026-04-10T15:31:05.267504Z,377699776,636
2026-04-10T15:41:07.900485Z,377699988,664
2026-04-10T15:51:00.571552Z,377700121,658
2026-04-10T16:01:03.795917Z,377700269,667
2026-04-10T16:11:03.273919Z,377700482,529
2026-04-10T16:21:03.046045Z,377700659,539
2026-04-10T16:31:07.118833Z,377700901,535
2026-04-10T16:40:59.833164Z,377701149,528
2026-04-10T16:51:05.202566Z,377701312,541
2026-04-10T17:01:01.519927Z,377701491,543
2026-04-10T17:11:01.132470Z,377701693,542
2026-04-10T17:21:04.916095Z,377701845,556
2026-04-10T17:31:00.368114Z,377702030,578
2026-04-10T17:41:00.910790Z,377702223,590
2026-04-10T17:51:04.101837Z,377702431,575
2026-04-10T18:01:07.175584Z,377702602,551
2026-04-10T18:11:01.432881Z,377702818,546
2026-04-10T18:21:03.472711Z,377703008,561
2026-04-10T18:31:03.646677Z,377703234,567
2026-04-10T18:41:04.644974Z,377703486,576
2026-04-10T18:51:02.822945Z,377703716,576
2026-04-10T19:01:03.276205Z,377703974,574
2026-04-10T19:11:02.393902Z,377704184,586
2026-04-10T19:21:01.678616Z,377704380,555
2026-04-10T19:31:02.549096Z,377704605,552
2026-04-10T19:41:00.669480Z,377704869,573
2026-04-10T19:51:01.876871Z,377705108,605
2026-04-10T20:01:01.607719Z,377705347,624
2026-04-10T20:11:04.436203Z,377705558,635
2026-04-10T20:21:01.210682Z,377705804,662
2026-04-10T20:31:04.041716Z,377706059,654
2026-04-10T20:41:02.269503Z,377706320,640
2026-04-10T20:51:04.458757Z,377706585,651
2026-04-10T21:01:01.034385Z,377706809,643
2026-04-10T21:11:03.942290Z,377707042,655
2026-04-10T21:20:59.154610Z,377707341,675
2026-04-10T21:30:58.760266Z,377707620,691
2026-04-10T21:40:58.547510Z,377707927,693
2026-04-10T21:50:59.944251Z,377708213,696
2026-04-10T22:01:02.051647Z,377708444,700
2026-04-10T22:11:00.924183Z,377708677,674
2026-04-10T22:21:02.322114Z,377708916,634
2026-04-10T22:31:00.112058Z,377709231,692
2026-04-10T22:40:58.754604Z,377709426,697
2026-04-10T22:50:58.518173Z,377709638,719
2026-04-10T23:01:00.549160Z,377709911,757
2026-04-10T23:11:02.050436Z,377710095,745
2026-04-10T23:21:00.384460Z,377710329,781
2026-04-10T23:30:59.668691Z,377710544,747
2026-04-10T23:41:01.921516Z,377710784,741
2026-04-10T23:50:59.795369Z,377711052,801
2026-04-11T00:01:05.846765Z,377711318,771
2026-04-11T00:11:00.271528Z,377711564,784
2026-04-11T00:21:00.634116Z,377711782,766
2026-04-11T00:31:03.985734Z,377712078,802
2026-04-11T00:41:03.279571Z,377712339,774
2026-04-11T00:51:01.245326Z,377712562,753
2026-04-11T01:01:00.600185Z,377712812,772
2026-04-11T01:10:45.981185Z,377713050,769
2026-04-11T01:20:48.134290Z,377713308,738
2026-04-11T01:30:48.284073Z,377713601,752
2026-04-11T01:40:47.166697Z,377713849,766
2026-04-11T01:50:42.988216Z,377714036,767
2026-04-11T02:00:57.410942Z,377714246,768
2026-04-11T02:10:47.318441Z,377714482,764
2026-04-11T02:20:45.844063Z,377714742,755
2026-04-11T02:30:51.132244Z,377714964,755
2026-04-11T02:40:46.905173Z,377715230,751
2026-04-11T02:50:47.974327Z,377715486,754
2026-04-11T03:00:57.060553Z,377715737,760
2026-04-11T03:10:50.180808Z,377716026,765
2026-04-11T03:20:49.308251Z,377716319,798
2026-04-11T03:30:54.769248Z,377716591,798
2026-04-11T03:40:49.280342Z,377716837,843
2026-04-11T03:50:50.165455Z,377717108,836
2026-04-11T04:00:55.515777Z,377717384,822
2026-04-11T04:10:51.850174Z,377717622,803
2026-04-11T04:20:51.812829Z,377717870,817
2026-04-11T04:30:59.049879Z,377718127,835
2026-04-11T04:40:53.860839Z,377718369,844
2026-04-11T04:50:52.711626Z,377718568,820
2026-04-11T05:01:02.641054Z,377718823,833
2026-04-11T05:10:50.623779Z,377719041,805
2026-04-11T05:20:54.712269Z,377719302,798
2026-04-11T05:30:58.687557Z,377719515,769
2026-04-11T05:40:58.777949Z,377719770,783
2026-04-11T05:50:52.159492Z,377719970,783
2026-04-11T06:01:03.959791Z,377720205,765
2026-04-11T06:10:53.109463Z,377720458,815
2026-04-11T06:20:49.889132Z,377720676,802
2026-04-11T06:30:50.827604Z,377720879,767
2026-04-11T06:40:52.262624Z,377721061,755
2026-04-11T06:50:52.007812Z,377721245,776
2026-04-11T07:01:03.321789Z,377721367,755
2026-04-11T07:10:55.954406Z,377721548,769
2026-04-11T07:20:50.847227Z,377721721,778
2026-04-11T07:30:52.825265Z,377721880,782
2026-04-11T07:40:50.700028Z,377722043,750
2026-04-11T07:50:54.510005Z,377722200,714
2026-04-11T08:01:00.210994Z,377722328,696
2026-04-11T08:10:48.763795Z,377722471,693
2026-04-11T08:20:50.059515Z,377722584,670
2026-04-11T08:30:52.202416Z,377722721,672
2026-04-11T08:40:53.681075Z,377722881,680
2026-04-11T08:50:50.340702Z,377723033,656
2026-04-11T09:01:01.292699Z,377723186,645
2026-04-11T09:10:47.939952Z,377723333,630
2026-04-11T09:20:48.511051Z,377723453,638
2026-04-11T09:30:56.996992Z,377723605,614
2026-04-11T09:40:49.706315Z,377723709,604
2026-04-11T09:50:50.121908Z,377723825,599
2026-04-11T10:01:00.237969Z,377723960,606
2026-04-11T10:10:47.300583Z,377724083,597
2026-04-11T10:20:48.670173Z,377724217,567
2026-04-11T10:30:47.972748Z,377724381,600
2026-04-11T10:40:47.300386Z,377724503,602
2026-04-11T10:50:43.930950Z,377724602,578
2026-04-11T11:00:44.468358Z,377724691,589
2026-04-11T11:10:40.380630Z,377724791,560
2026-04-11T11:20:42.184749Z,377724919,561
2026-04-11T11:30:43.493169Z,377725023,555
2026-04-11T11:40:43.020550Z,377725146,565
2026-04-11T11:50:40.498570Z,377725254,582
2026-04-11T12:00:48.314156Z,377725357,589
2026-04-11T12:10:41.211083Z,377725500,583
2026-04-11T12:20:40.415084Z,377725648,596
2026-04-11T12:30:42.942718Z,377725768,595
2026-04-11T12:40:45.734028Z,377725904,606
2026-04-11T12:50:44.422111Z,377726100,617
2026-04-11T13:00:45.117486Z,377726272,628
2026-04-11T13:10:42.382118Z,377726413,615
2026-04-11T13:20:41.983531Z,377726604,625
2026-04-11T13:30:43.894544Z,377726756,622
2026-04-11T13:40:43.112500Z,377726889,569
2026-04-11T13:50:41.793084Z,377727045,572
2026-04-11T14:00:50.197837Z,377727200,611
2026-04-11T14:10:43.151398Z,377727365,641
2026-04-11T14:20:42.006529Z,377727504,631
2026-04-11T14:30:46.001309Z,377727702,650
2026-04-11T14:40:42.439953Z,377727952,681
2026-04-11T14:50:45.830412Z,377728097,694
2026-04-11T15:00:45.801432Z,377728303,694
2026-04-11T15:10:41.235653Z,377728450,701
2026-04-11T15:20:42.392184Z,377728643,726
2026-04-11T15:30:42.987101Z,377728826,733
2026-04-11T15:40:45.120699Z,377729041,743
2026-04-11T15:50:41.880139Z,377729243,740
2026-04-11T16:00:42.934155Z,377729440,739
2026-04-11T16:10:41.724111Z,377729646,755
2026-04-11T16:20:39.429943Z,377729926,784
2026-04-11T16:30:42.911885Z,377730139,760
2026-04-11T16:40:42.841143Z,377730377,757
2026-04-11T16:50:40.677632Z,377730656,727
2026-04-11T17:00:39.724589Z,377730865,693
2026-04-11T17:10:45.479638Z,377731094,704
2026-04-11T17:20:39.001393Z,377731262,714
2026-04-11T17:30:41.359047Z,377731511,743
2026-04-11T17:40:42.788139Z,377731762,759
2026-04-11T17:50:40.760915Z,377731991,772
2026-04-11T18:00:41.985948Z,377732223,796
2026-04-11T18:10:42.821925Z,377732450,827
2026-04-11T18:20:38.683562Z,377732725,814
2026-04-11T18:30:42.827538Z,377732932,819
2026-04-11T18:40:42.306571Z,377733208,842
2026-04-11T18:50:40.263965Z,377733544,855
2026-04-11T19:00:41.698601Z,377733795,862
2026-04-11T19:10:40.569246Z,377734080,859
2026-04-11T19:20:37.808697Z,377734322,825
2026-04-11T19:30:41.252956Z,377734556,828
2026-04-11T19:40:38.505925Z,377734822,790
2026-04-11T19:50:40.505933Z,377734982,808
2026-04-11T20:00:39.193581Z,377735235,801
2026-04-11T20:10:38.405860Z,377735438,766
2026-04-11T20:20:42.911409Z,377735673,743
2026-04-11T20:30:38.042685Z,377735904,737
2026-04-11T20:40:39.361578Z,377736124,723
2026-04-11T20:50:39.081899Z,377736393,706
2026-04-11T21:00:38.993099Z,377736658,744
2026-04-11T21:10:40.119865Z,377736933,765
2026-04-11T21:20:39.637504Z,377737168,735
2026-04-11T21:30:38.938279Z,377737370,718
2026-04-11T21:40:37.451174Z,377737643,693
2026-04-11T21:50:41.613294Z,377737962,747
2026-04-11T22:00:37.769584Z,377738239,746
2026-04-11T22:10:37.772448Z,377738526,742
2026-04-11T22:20:38.996285Z,377738829,732
2026-04-11T22:30:41.239366Z,377739066,713
2026-04-11T22:40:38.168621Z,377739326,720
2026-04-11T22:50:40.796823Z,377739552,723
2026-04-11T23:00:44.114234Z,377739796,754
2026-04-11T23:10:39.379452Z,377739993,722
2026-04-11T23:20:39.428011Z,377740208,715
2026-04-11T23:30:45.542416Z,377740492,727
2026-04-11T23:40:40.628607Z,377740816,725
2026-04-11T23:50:39.810637Z,377741093,717
2026-04-12T00:00:42.673673Z,377741349,731
2026-04-12T00:10:40.398347Z,377741563,771
2026-04-12T00:20:41.973075Z,377741839,771
2026-04-12T00:30:42.437294Z,377742068,730
2026-04-12T00:40:41.849365Z,377742342,821
2026-04-12T00:50:40.025139Z,377742567,831
2026-04-12T01:00:44.907285Z,377742838,859
2026-04-12T01:10:40.620832Z,377743084,833
2026-04-12T01:20:41.557150Z,377743297,831
2026-04-12T01:30:44.288544Z,377743540,825
2026-04-12T01:40:39.139409Z,377743854,848
2026-04-12T01:50:43.097123Z,377744100,815
2026-04-12T02:00:48.616634Z,377744319,826
2026-04-12T02:10:40.323890Z,377744551,814
2026-04-12T02:20:40.542455Z,377744836,852
2026-04-12T02:30:47.575787Z,377745040,838
2026-04-12T02:40:40.488711Z,377745334,849
2026-04-12T02:50:41.378119Z,377745650,876
2026-04-12T03:00:43.496440Z,377745913,874
2026-04-12T03:10:38.855472Z,377746150,863
2026-04-12T03:20:42.069214Z,377746431,883
2026-04-12T03:30:44.126314Z,377746715,846
2026-04-12T03:40:43.436471Z,377746937,820
2026-04-12T03:50:43.029422Z,377747239,777
2026-04-12T04:00:45.426010Z,377747611,801
2026-04-12T04:10:43.138301Z,377747932,823
2026-04-12T04:20:44.556843Z,377748179,819
2026-04-12T04:30:45.301084Z,377748468,816
2026-04-12T04:40:45.694134Z,377748656,817
2026-04-12T04:50:45.103012Z,377748941,816
2026-04-12T05:00:54.625442Z,377749195,813
2026-04-12T05:10:40.809447Z,377749410,828
2026-04-12T05:20:46.149133Z,377749633,783
2026-04-12T05:30:53.778797Z,377749846,726
2026-04-12T05:40:43.989864Z,377750085,751
2026-04-12T05:50:47.166543Z,377750308,750
2026-04-12T06:00:53.654052Z,377750520,739
2026-04-12T06:10:46.653767Z,377750791,747
2026-04-12T06:20:45.219679Z,377751025,726
2026-04-12T06:30:45.428182Z,377751280,695
2026-04-12T06:40:43.247017Z,377751559,734
2026-04-12T06:50:42.816438Z,377751830,729
2026-04-12T07:00:46.148589Z,377752026,744
2026-04-12T07:10:48.053359Z,377752197,732
2026-04-12T07:20:43.533971Z,377752381,651
2026-04-12T07:30:42.283406Z,377752614,658
2026-04-12T07:40:44.914452Z,377752823,637
2026-04-12T07:50:43.835903Z,377753007,667
2026-04-12T08:00:43.364954Z,377753169,640
2026-04-12T08:10:46.308801Z,377753299,615
2026-04-12T08:20:43.403847Z,377753471,601
2026-04-12T08:30:42.826412Z,377753626,604
2026-04-12T08:40:42.167365Z,377753780,599
2026-04-12T08:50:43.167620Z,377753897,589
2026-04-12T09:00:45.105795Z,377754010,544
2026-04-12T09:10:42.189910Z,377754138,519
2026-04-12T09:20:45.437631Z,377754228,501
2026-04-12T09:30:42.826614Z,377754331,491
2026-04-12T09:40:47.422649Z,377754461,492
2026-04-12T09:50:41.898050Z,377754585,502
2026-04-12T10:00:41.824123Z,377754699,510
2026-04-12T10:10:47.654350Z,377754800,497
2026-04-12T10:20:42.626627Z,377754939,491
2026-04-12T10:30:43.354553Z,377755077,464
2026-04-12T10:40:43.045467Z,377755220,460
2026-04-12T10:50:42.616540Z,377755380,438
2026-04-12T11:00:45.576457Z,377755532,448
2026-04-12T11:10:44.684228Z,377755718,474
2026-04-12T11:20:43.170151Z,377755862,478
2026-04-12T11:30:46.878883Z,377755998,472
2026-04-12T11:40:44.025755Z,377756177,496
2026-04-12T11:50:45.612328Z,377756347,508
2026-04-12T12:00:46.326374Z,377756516,518
2026-04-12T12:10:45.392739Z,377756681,525
2026-04-12T12:20:44.160258Z,377756812,527
2026-04-12T12:30:46.567316Z,377756953,536
2026-04-12T12:40:44.256548Z,377757108,533
2026-04-12T12:50:45.008362Z,377757284,563
2026-04-12T13:00:46.766529Z,377757475,575
2026-04-12T13:10:45.960047Z,377757668,594
2026-04-12T13:20:44.333742Z,377757857,607
2026-04-12T13:30:45.071616Z,377758028,579
2026-04-12T13:40:44.287112Z,377758162,580
2026-04-12T13:50:44.342933Z,377758313,578
2026-04-12T14:00:48.404262Z,377758447,573
2026-04-12T14:10:43.818619Z,377758598,580
2026-04-12T14:20:46.370703Z,377758763,594
2026-04-12T14:30:43.830561Z,377758940,588
2026-04-12T14:40:44.944060Z,377759084,587
2026-04-12T14:50:43.053636Z,377759262,591
2026-04-12T15:00:46.951455Z,377759399,594
2026-04-12T15:10:44.374202Z,377759579,633
2026-04-12T15:20:45.294929Z,377759742,652
2026-04-12T15:30:43.374755Z,377759898,614
2026-04-12T15:40:42.730167Z,377760032,600
2026-04-12T15:50:43.710226Z,377760207,598
2026-04-12T16:00:47.155037Z,377760430,627
2026-04-12T16:10:43.603157Z,377760645,668
2026-04-12T16:20:51.268968Z,377760877,678
2026-04-12T16:30:44.414442Z,377761097,660
2026-04-12T16:40:43.700590Z,377761326,696
2026-04-12T16:50:43.161734Z,377761527,720
2026-04-12T17:00:42.752692Z,377761718,720
2026-04-12T17:10:44.113227Z,377761930,731
2026-04-12T17:20:45.927097Z,377762224,758
2026-04-12T17:30:42.112887Z,377762455,752
2026-04-12T17:40:36.616697Z,377762748,709
2026-04-12T17:50:39.144904Z,377763034,683
2026-04-12T18:00:43.379023Z,377763322,677
2026-04-12T18:10:41.347324Z,377763517,685
2026-04-12T18:20:40.185842Z,377763744,688
2026-04-12T18:30:43.948949Z,377763984,713
2026-04-12T18:40:37.286439Z,377764205,690
2026-04-12T18:50:38.983408Z,377764451,701
2026-04-12T19:00:39.188075Z,377764704,723
2026-04-12T19:10:37.121423Z,377764920,696
2026-04-12T19:20:40.943659Z,377765193,694
2026-04-12T19:30:42.666805Z,377765453,686
2026-04-12T19:40:40.289624Z,377765659,690
2026-04-12T19:50:38.492788Z,377765864,712
2026-04-12T20:00:39.739433Z,377766137,729
2026-04-12T20:10:37.353337Z,377766412,728
2026-04-12T20:20:40.271985Z,377766709,733
2026-04-12T20:30:41.877582Z,377766911,699
2026-04-12T20:40:38.321193Z,377767169,706
2026-04-12T20:50:41.833892Z,377767382,712
2026-04-12T21:00:43.035924Z,377767611,710
2026-04-12T21:10:40.293399Z,377767845,675
2026-04-12T21:20:38.788859Z,377768131,690
2026-04-12T21:30:41.359890Z,377768411,702
2026-04-12T21:40:40.184721Z,377768682,683
2026-04-12T21:50:36.894818Z,377768957,683
2026-04-12T22:00:42.182481Z,377769220,649
2026-04-12T22:10:37.824717Z,377769438,667
2026-04-12T22:20:38.162187Z,377769655,688
2026-04-12T22:30:41.169731Z,377769853,667
2026-04-12T22:40:38.941154Z,377770066,648
2026-04-12T22:50:40.141595Z,377770296,651
2026-04-12T23:00:40.560405Z,377770510,668
2026-04-12T23:10:39.709109Z,377770721,680
2026-04-12T23:20:38.413240Z,377770892,680
2026-04-12T23:30:40.231602Z,377771082,704
2026-04-12T23:40:38.175831Z,377771334,717
2026-04-12T23:50:38.637193Z,377771571,697
2026-04-13T00:00:40.601992Z,377771793,705
2026-04-13T00:10:39.023841Z,377771982,669
2026-04-13T00:20:39.341323Z,377772216,646
2026-04-13T00:30:42.749832Z,377772444,663
2026-04-13T00:40:40.390529Z,377772674,652
2026-04-13T00:50:41.745553Z,377772869,589
2026-04-13T01:00:38.234624Z,377773099,609
2026-04-13T01:10:39.380943Z,377773333,628
2026-04-13T01:20:38.627898Z,377773570,633
2026-04-13T01:30:38.608942Z,377773855,661
2026-04-13T01:40:36.358733Z,377774083,626
2026-04-13T01:50:37.964505Z,377774252,610
2026-04-13T02:00:40.383240Z,377774458,601
2026-04-13T02:10:39.596475Z,377774651,584
2026-04-13T02:20:38.291531Z,377774816,561
2026-04-13T02:30:39.320566Z,377775021,554
2026-04-13T02:40:38.483047Z,377775266,509
2026-04-13T02:50:37.189958Z,377775496,539
2026-04-13T03:00:41.146729Z,377775694,539
2026-04-13T03:10:37.057723Z,377775910,587
2026-04-13T03:20:36.525560Z,377776067,573
2026-04-13T03:30:37.802973Z,377776239,538
2026-04-13T03:40:38.070783Z,377776387,527
2026-04-13T03:50:38.339952Z,377776553,534
2026-04-13T04:00:38.642401Z,377776713,487
2026-04-13T04:10:44.495248Z,377776906,486
2026-04-13T04:20:42.980847Z,377777049,491
2026-04-13T04:30:46.767393Z,377777213,488
2026-04-13T04:40:45.632437Z,377777386,498
2026-04-13T04:50:43.462243Z,377777560,497
2026-04-13T05:00:53.598910Z,377777730,516
2026-04-13T05:10:52.980866Z,377777899,526
2026-04-13T05:20:45.945856Z,377778054,509
2026-04-13T05:30:49.536047Z,377778196,515
2026-04-13T05:40:46.307822Z,377778326,477
2026-04-13T05:50:49.457703Z,377778487,450
2026-04-13T06:01:02.444740Z,377778637,459
2026-04-13T06:10:50.026203Z,377778784,436
2026-04-13T06:20:50.222258Z,377778952,470
2026-04-13T06:30:51.784409Z,377779052,455
2026-04-13T06:40:51.478415Z,377779171,446
2026-04-13T06:50:47.979551Z,377779291,440
2026-04-13T07:01:06.704242Z,377779413,429
2026-04-13T07:10:47.418779Z,377779516,436
2026-04-13T07:20:51.447832Z,377779605,437
2026-04-13T07:30:52.320921Z,377779677,427
2026-04-13T07:40:48.875011Z,377779772,407
2026-04-13T07:50:44.393434Z,377779850,375
2026-04-13T08:01:11.667192Z,377779933,380
2026-04-13T08:10:47.707781Z,377780053,368
2026-04-13T08:20:46.253396Z,377780156,364
2026-04-13T08:30:52.082497Z,377780231,369
2026-04-13T08:40:48.714340Z,377780339,395
2026-04-13T08:50:46.886939Z,377780463,399
2026-04-13T09:00:48.527375Z,377780560,394
2026-04-13T09:10:49.288745Z,377780662,402
2026-04-13T09:20:47.454588Z,377780770,383
2026-04-13T09:30:46.271113Z,377780860,369
2026-04-13T09:40:44.997093Z,377780926,364
2026-04-13T09:50:53.369836Z,377781024,354
2026-04-13T10:00:47.463689Z,377781128,357
2026-04-13T10:10:45.090749Z,377781218,356
2026-04-13T10:20:46.610794Z,377781332,346
2026-04-13T10:30:47.858637Z,377781427,356
2026-04-13T10:40:45.208347Z,377781495,357
2026-04-13T10:50:45.250762Z,377781585,359
2026-04-13T11:00:47.956326Z,377781676,359
2026-04-13T11:10:42.393341Z,377781766,341
2026-04-13T11:20:45.626546Z,377781854,343
2026-04-13T11:30:45.750100Z,377781923,326
2026-04-13T11:40:43.336733Z,377782013,332
2026-04-13T11:50:45.582306Z,377782105,331
2026-04-13T12:00:46.437423Z,377782174,329
2026-04-13T12:10:45.384164Z,377782295,340
2026-04-13T12:20:44.725967Z,377782437,351
2026-04-13T12:30:46.513825Z,377782535,347
2026-04-13T12:40:44.291325Z,377782633,375
2026-04-13T12:50:44.095828Z,377782741,382
2026-04-13T13:00:47.419603Z,377782864,373
2026-04-13T13:10:45.395867Z,377783008,397
2026-04-13T13:20:46.305364Z,377783107,399
2026-04-13T13:30:47.528983Z,377783215,398
2026-04-13T13:40:46.182534Z,377783361,379
2026-04-13T13:50:46.607347Z,377783523,370
2026-04-13T14:00:46.787533Z,377783670,358
2026-04-13T14:10:46.852446Z,377783762,344
2026-04-13T14:20:56.095433Z,377783861,350
2026-04-13T14:30:44.746748Z,377784005,356
2026-04-13T14:40:44.853238Z,377784152,354
2026-04-13T14:50:44.355623Z,377784311,357
2026-04-13T15:00:43.823131Z,377784440,380
2026-04-13T15:10:43.429712Z,377784568,393
2026-04-13T15:20:44.140723Z,377784720,399
2026-04-13T15:30:43.561322Z,377784892,410
2026-04-13T15:40:44.830072Z,377785049,417
2026-04-13T15:50:44.288109Z,377785174,424
2026-04-13T16:00:41.908046Z,377785294,444
2026-04-13T16:10:42.525456Z,377785420,452
2026-04-13T16:20:44.903648Z,377785564,442
2026-04-13T16:30:44.684194Z,377785690,445
2026-04-13T16:40:47.960780Z,377785865,476
2026-04-13T16:50:41.807276Z,377786032,470
2026-04-13T17:00:44.982419Z,377786228,489
2026-04-13T17:10:41.302650Z,377786446,512
2026-04-13T17:20:41.959225Z,377786658,518
2026-04-13T17:30:49.370037Z,377786832,488
2026-04-13T17:40:41.870676Z,377787014,511
2026-04-13T17:50:43.628353Z,377787237,525
2026-04-13T18:00:47.291192Z,377787439,552
2026-04-13T18:10:41.556119Z,377787650,533
2026-04-13T18:20:53.703471Z,377787868,562
2026-04-13T18:30:55.867275Z,377788060,564
2026-04-13T18:40:46.065492Z,377788244,553
2026-04-13T18:50:41.786100Z,377788416,552
2026-04-13T19:00:42.494539Z,377788585,557
2026-04-13T19:10:44.674511Z,377788738,553
2026-04-13T19:20:40.800878Z,377788940,573
2026-04-13T19:30:42.131402Z,377789107,553
2026-04-13T19:40:48.165435Z,377789359,582
2026-04-13T19:50:44.571786Z,377789568,576
2026-04-13T20:00:40.891575Z,377789828,583
2026-04-13T20:10:41.823286Z,377790009,567
2026-04-13T20:20:42.848881Z,377790233,588
2026-04-13T20:30:43.349626Z,377790404,601
2026-04-13T20:40:42.494480Z,377790666,611
2026-04-13T20:50:39.425980Z,377790947,624
2026-04-13T21:00:40.733928Z,377791153,617
2026-04-13T21:10:42.496345Z,377791339,588
2026-04-13T21:20:41.783953Z,377791600,594
2026-04-13T21:30:41.553878Z,377791816,595
2026-04-13T21:40:42.110160Z,377792013,617
2026-04-13T21:50:41.010629Z,377792276,634
2026-04-13T22:00:42.644541Z,377792479,646
2026-04-13T22:10:41.711742Z,377792670,623
2026-04-13T22:20:41.101021Z,377792845,625
2026-04-13T22:30:43.009471Z,377793017,622
2026-04-13T22:40:42.501417Z,377793184,610
2026-04-13T22:50:41.733156Z,377793428,624
2026-04-13T23:00:41.446999Z,377793648,657
2026-04-13T23:10:41.431136Z,377793929,737
2026-04-13T23:20:44.164834Z,377794156,720
2026-04-13T23:30:41.233652Z,377794349,726
2026-04-13T23:40:42.314309Z,377794601,720
2026-04-13T23:50:41.679283Z,377794859,732
2026-04-14T00:00:40.486333Z,377795109,691
2026-04-14T00:10:39.672760Z,377795314,684
2026-04-14T00:20:43.715034Z,377795522,631
2026-04-14T00:30:40.938095Z,377795751,636
2026-04-14T00:40:41.481080Z,377795964,668
2026-04-14T00:50:41.266728Z,377796216,679
2026-04-14T01:00:43.018326Z,377796451,683
2026-04-14T01:10:41.756993Z,377796681,680
2026-04-14T01:20:44.274030Z,377796929,673
2026-04-14T01:30:39.566281Z,377797162,660
2026-04-14T01:40:41.651964Z,377797409,648
2026-04-14T01:50:49.789559Z,377797674,660
2026-04-14T02:00:49.273388Z,377797943,684
2026-04-14T02:10:48.707527Z,377798154,674
2026-04-14T02:20:48.098212Z,377798403,612
2026-04-14T02:30:47.467202Z,377798605,621
2026-04-14T02:40:47.883118Z,377798837,619
2026-04-14T02:50:48.484784Z,377799051,579
2026-04-14T03:00:50.591143Z,377799254,586
2026-04-14T03:10:47.657659Z,377799404,582
2026-04-14T03:20:50.889246Z,377799557,577
2026-04-14T03:30:49.439060Z,377799767,542
2026-04-14T03:40:47.775843Z,377799908,530
2026-04-14T03:50:48.069397Z,377800108,539
2026-04-14T04:00:52.596684Z,377800292,518
2026-04-14T04:10:47.638829Z,377800505,539
2026-04-14T04:20:48.123518Z,377800724,533
2026-04-14T04:30:48.858615Z,377800894,542
2026-04-14T04:40:49.651174Z,377801048,537
2026-04-14T04:50:44.431509Z,377801235,534
2026-04-14T05:00:54.503999Z,377801452,544
2026-04-14T05:10:48.608343Z,377801617,532
2026-04-14T05:20:52.622699Z,377801819,538
2026-04-14T05:31:04.553543Z,377802005,490
2026-04-14T05:40:47.299369Z,377802172,483
2026-04-14T05:50:51.932718Z,377802371,482
2026-04-14T06:01:18.556816Z,377802479,467
2026-04-14T06:10:58.568004Z,377802598,466
2026-04-14T06:20:45.840528Z,377802732,495
2026-04-14T06:31:02.657562Z,377802894,506
2026-04-14T06:40:53.310821Z,377802997,500
2026-04-14T06:50:55.748369Z,377803104,481
2026-04-14T07:01:14.552418Z,377803187,483
2026-04-14T07:10:45.742970Z,377803283,485
2026-04-14T07:21:00.900910Z,377803365,502
2026-04-14T07:31:07.635803Z,377803462,521
2026-04-14T07:40:57.562193Z,377803540,493
2026-04-14T07:50:53.428312Z,377803629,500
2026-04-14T08:01:08.857648Z,377803757,501
2026-04-14T08:11:01.306291Z,377803861,495
2026-04-14T08:20:50.014995Z,377803961,449
2026-04-14T08:31:05.520661Z,377804087,425
2026-04-14T08:40:48.261845Z,377804195,441
2026-04-14T08:50:50.276867Z,377804299,433
2026-04-14T09:01:13.724305Z,377804376,396
2026-04-14T09:10:52.463993Z,377804444,402
2026-04-14T09:20:47.028889Z,377804541,392
2026-04-14T09:31:01.091406Z,377804642,375
2026-04-14T09:40:57.296069Z,377804756,384
2026-04-14T09:50:44.894911Z,377804836,383
2026-04-14T10:00:48.954184Z,377804944,358
2026-04-14T10:10:52.323024Z,377805010,360
2026-04-14T10:20:44.859733Z,377805092,353
2026-04-14T10:30:54.997634Z,377805174,344
2026-04-14T10:40:46.355098Z,377805238,324
2026-04-14T10:50:48.260678Z,377805348,338
2026-04-14T11:00:50.207280Z,377805463,375
2026-04-14T11:10:42.239343Z,377805553,363
2026-04-14T11:20:45.877966Z,377805649,328
2026-04-14T11:30:53.842521Z,377805791,329
2026-04-14T11:40:45.321656Z,377805869,330
2026-04-14T11:50:45.520257Z,377806000,330
2026-04-14T12:00:55.874649Z,377806151,331
2026-04-14T12:10:45.755462Z,377806278,334
2026-04-14T12:20:42.917474Z,377806381,351
2026-04-14T12:30:52.087818Z,377806508,338
2026-04-14T12:40:52.299557Z,377806609,344
2026-04-14T12:50:51.561627Z,377806692,340
2026-04-14T13:00:50.855326Z,377806808,315
2026-04-14T13:10:48.911062Z,377806919,322
2026-04-14T13:20:52.627426Z,377807010,329
2026-04-14T13:30:53.158908Z,377807097,337
2026-04-14T13:40:51.673838Z,377807243,360
2026-04-14T13:50:52.183862Z,377807363,370
2026-04-14T14:00:53.870707Z,377807529,381
2026-04-14T14:10:52.565238Z,377807672,398
2026-04-14T14:20:56.115620Z,377807824,387
2026-04-14T14:30:50.964915Z,377807983,379
2026-04-14T14:40:52.713384Z,377808159,394
2026-04-14T14:50:54.892071Z,377808305,421
2026-04-14T15:01:00.654375Z,377808497,432
2026-04-14T15:10:51.517163Z,377808644,450
2026-04-14T15:20:50.495302Z,377808794,472
2026-04-14T15:30:50.004228Z,377808941,484
2026-04-14T15:40:55.637050Z,377809068,492
2026-04-14T15:50:52.772387Z,377809241,490
2026-04-14T16:00:53.927690Z,377809448,512
2026-04-14T16:10:50.991203Z,377809624,523
2026-04-14T16:20:57.174309Z,377809807,510
2026-04-14T16:30:53.624028Z,377809944,527
2026-04-14T16:40:52.685427Z,377810121,542
2026-04-14T16:50:49.896109Z,377810309,577
2026-04-14T17:00:51.546102Z,377810470,585
2026-04-14T17:10:52.766955Z,377810663,602
2026-04-14T17:20:53.011037Z,377810887,634
2026-04-14T17:30:50.730461Z,377811090,608
2026-04-14T17:40:51.551463Z,377811281,590
2026-04-14T17:50:49.532793Z,377811464,595
2026-04-14T18:00:53.278159Z,377811651,609
2026-04-14T18:10:50.835782Z,377811816,629
2026-04-14T18:20:50.040654Z,377811986,633
2026-04-14T18:30:55.227244Z,377812173,666
2026-04-14T18:40:50.083872Z,377812363,675
2026-04-14T18:50:51.433703Z,377812553,666
2026-04-14T19:00:53.926744Z,377812752,645
2026-04-14T19:10:51.077358Z,377812973,657
2026-04-14T19:20:59.180214Z,377813179,648
2026-04-14T19:30:52.426242Z,377813322,609
2026-04-14T19:40:54.636936Z,377813507,603
2026-04-14T19:50:53.865447Z,377813728,614
2026-04-14T20:00:49.064026Z,377813947,600
2026-04-14T20:10:56.612630Z,377814173,556
2026-04-14T20:20:51.703982Z,377814365,559
2026-04-14T20:31:04.081287Z,377814629,574
2026-04-14T20:40:52.958560Z,377814850,608
2026-04-14T20:50:52.896450Z,377815055,622
2026-04-14T21:00:50.820545Z,377815295,609
2026-04-14T21:10:51.179849Z,377815548,594
2026-04-14T21:20:51.828319Z,377815761,536
2026-04-14T21:30:50.607101Z,377815973,528
2026-04-14T21:40:52.976604Z,377816220,541
2026-04-14T21:50:50.530724Z,377816380,564
2026-04-14T22:00:49.766802Z,377816605,558
2026-04-14T22:10:51.829894Z,377816837,588
2026-04-14T22:20:47.538670Z,377817035,588
2026-04-14T22:30:51.167208Z,377817237,601
2026-04-14T22:40:51.192414Z,377817495,612
2026-04-14T22:50:48.109968Z,377817744,653
2026-04-14T23:00:51.455509Z,377817990,665
2026-04-14T23:10:50.500384Z,377818178,643
2026-04-14T23:20:51.291234Z,377818397,648
2026-04-14T23:30:49.930671Z,377818617,649
2026-04-14T23:40:51.085373Z,377818811,638
2026-04-14T23:50:53.493805Z,377819038,650
2026-04-15T00:00:50.094040Z,377819239,640
2026-04-15T00:10:49.482701Z,377819441,602
2026-04-15T00:20:51.916182Z,377819636,606
2026-04-15T00:30:49.988794Z,377819844,592
2026-04-15T00:40:47.517565Z,377820045,536
2026-04-15T00:50:50.608228Z,377820247,477
2026-04-15T01:00:49.438379Z,377820495,477
2026-04-15T01:10:56.981596Z,377820675,474
2026-04-15T01:20:50.700017Z,377820872,513
2026-04-15T01:30:49.655678Z,377821045,494
2026-04-15T01:40:51.131585Z,377821226,511
2026-04-15T01:50:51.406469Z,377821414,525
2026-04-15T02:00:56.161037Z,377821561,523
2026-04-15T02:10:52.023892Z,377821754,528
2026-04-15T02:20:50.965192Z,377821890,530
2026-04-15T02:30:56.894595Z,377822121,563
2026-04-15T02:40:51.602770Z,377822299,557
2026-04-15T02:50:52.513122Z,377822487,549
2026-04-15T03:00:50.993693Z,377822662,549
2026-04-15T03:10:49.749710Z,377822820,520
2026-04-15T03:20:50.118813Z,377822950,510
2026-04-15T03:30:52.187643Z,377823129,496
2026-04-15T03:40:51.182172Z,377823269,496
2026-04-15T03:50:49.455048Z,377823449,512
2026-04-15T04:00:52.692383Z,377823663,514
2026-04-15T04:10:50.918823Z,377823835,513
2026-04-15T04:20:50.911847Z,377824012,491
2026-04-15T04:30:50.793100Z,377824161,481
2026-04-15T04:40:50.224986Z,377824358,476
2026-04-15T04:50:49.427393Z,377824540,446
2026-04-15T05:00:52.667816Z,377824682,419
2026-04-15T05:10:53.807078Z,377824772,411
2026-04-15T05:20:49.007668Z,377824900,378
2026-04-15T05:30:52.956084Z,377825000,354
2026-04-15T05:40:49.988255Z,377825121,358
2026-04-15T05:50:51.089495Z,377825228,343
2026-04-15T06:00:54.851030Z,377825332,355
2026-04-15T06:10:52.139570Z,377825444,377
2026-04-15T06:20:50.462440Z,377825546,369
2026-04-15T06:30:53.936921Z,377825687,409
2026-04-15T06:40:49.424693Z,377825819,422
2026-04-15T06:50:48.667867Z,377825950,446
2026-04-15T07:00:55.762585Z,377826050,431
2026-04-15T07:10:53.111507Z,377826165,428
2026-04-15T07:20:53.102652Z,377826231,432
2026-04-15T07:30:54.414007Z,377826306,402
2026-04-15T07:40:51.032924Z,377826389,383
2026-04-15T07:50:50.795816Z,377826472,380
2026-04-15T08:00:56.609835Z,377826552,377
2026-04-15T08:10:51.700272Z,377826672,360
2026-04-15T08:20:50.934828Z,377826774,370
2026-04-15T08:30:54.066510Z,377826871,373
2026-04-15T08:40:53.613893Z,377826974,376
2026-04-15T08:50:53.097191Z,377827053,377
2026-04-15T09:00:53.006211Z,377827125,362
2026-04-15T09:10:51.181128Z,377827218,350
2026-04-15T09:21:01.520084Z,377827290,359
2026-04-15T09:30:51.514580Z,377827343,331
2026-04-15T09:40:53.590405Z,377827418,325
2026-04-15T09:50:51.775056Z,377827502,328
2026-04-15T10:00:52.988494Z,377827571,334
2026-04-15T10:10:52.205643Z,377827640,302
2026-04-15T10:20:43.178938Z,377827730,308
2026-04-15T10:30:43.356976Z,377827839,314
2026-04-15T10:40:42.575114Z,377827929,342
2026-04-15T10:50:42.073549Z,377828049,355
2026-04-15T11:00:41.704854Z,377828144,344
2026-04-15T11:10:45.820462Z,377828220,331
2026-04-15T11:20:42.218290Z,377828286,338
2026-04-15T11:30:44.585722Z,377828356,336
2026-04-15T11:40:45.345149Z,377828455,356
2026-04-15T11:50:43.778897Z,377828540,363
2026-04-15T12:00:45.365604Z,377828636,371
2026-04-15T12:10:42.179180Z,377828730,376
2026-04-15T12:20:44.359972Z,377828819,382
2026-04-15T12:30:42.675050Z,377828934,388
2026-04-15T12:40:44.781735Z,377829042,411
2026-04-15T12:50:45.421747Z,377829154,401
2026-04-15T13:00:44.454910Z,377829270,423
2026-04-15T13:10:45.471251Z,377829386,427
2026-04-15T13:20:42.986738Z,377829489,421
2026-04-15T13:30:44.866731Z,377829597,411
2026-04-15T13:40:45.631570Z,377829720,431
2026-04-15T13:50:44.295989Z,377829874,462
2026-04-15T14:00:45.388312Z,377830079,452
2026-04-15T14:10:45.503233Z,377830298,485
2026-04-15T14:20:43.672529Z,377830417,475
2026-04-15T14:30:45.941597Z,377830533,474
2026-04-15T14:40:43.284352Z,377830642,445
2026-04-15T14:50:45.980588Z,377830782,449
2026-04-15T15:00:45.552896Z,377830912,452
2026-04-15T15:10:45.900159Z,377831046,462
2026-04-15T15:20:42.092553Z,377831221,491
2026-04-15T15:30:46.482862Z,377831353,461
2026-04-15T15:40:51.271139Z,377831481,471
2026-04-15T15:50:46.608927Z,377831612,454
2026-04-15T16:00:51.136149Z,377831772,490
2026-04-15T16:10:44.895711Z,377831960,502
2026-04-15T16:20:46.419135Z,377832137,503
2026-04-15T16:30:44.404994Z,377832296,495
2026-04-15T16:40:44.573945Z,377832436,491
2026-04-15T16:50:45.688607Z,377832601,503
2026-04-15T17:00:42.895122Z,377832801,493
2026-04-15T17:10:43.735449Z,377833030,518
2026-04-15T17:20:41.495527Z,377833253,526
2026-04-15T17:30:42.352048Z,377833467,527
2026-04-15T17:40:42.618506Z,377833689,545
2026-04-15T17:50:46.155437Z,377833885,532
2026-04-15T18:00:43.083377Z,377834028,537
2026-04-15T18:10:44.135183Z,377834208,522
2026-04-15T18:20:47.206500Z,377834396,517
2026-04-15T18:30:46.700399Z,377834566,511
2026-04-15T18:41:12.145037Z,377834777,512
2026-04-15T18:50:54.472129Z,377834945,487
2026-04-15T19:01:03.858813Z,377835090,487
2026-04-15T19:10:51.818456Z,377835299,512
2026-04-15T19:20:52.848025Z,377835500,515
2026-04-15T19:30:56.075706Z,377835666,524
2026-04-15T19:40:47.236184Z,377835859,514
2026-04-15T19:50:44.495493Z,377836037,533
2026-04-15T20:00:43.938515Z,377836233,519
2026-04-15T20:10:42.919984Z,377836458,505
2026-04-15T20:20:44.313403Z,377836698,532
2026-04-15T20:30:55.186230Z,377836927,536
2026-04-15T20:40:44.486552Z,377837103,522
2026-04-15T20:50:46.025572Z,377837276,523
2026-04-15T21:00:45.559541Z,377837489,511
2026-04-15T21:10:43.900018Z,377837716,548
2026-04-15T21:20:44.459398Z,377838017,584
2026-04-15T21:30:57.918474Z,377838242,572
2026-04-15T21:40:19.348245Z,377838470,583
2026-04-15T21:50:19.534732Z,377838639,559
2026-04-15T22:00:20.907396Z,377838804,547
2026-04-15T22:10:19.591421Z,377838999,494
2026-04-15T22:20:17.533047Z,377839234,511
2026-04-15T22:30:19.980862Z,377839414,531
2026-04-15T22:40:19.005721Z,377839635,588
2026-04-15T22:50:19.169025Z,377839818,609
2026-04-15T23:00:22.389031Z,377840044,650
2026-04-15T23:10:19.098440Z,377840281,598
2026-04-15T23:20:20.398910Z,377840447,612
2026-04-15T23:30:20.498195Z,377840630,613
2026-04-15T23:40:19.874184Z,377840819,615
2026-04-15T23:50:19.379394Z,377840998,616
2026-04-16T00:00:17.724077Z,377841203,590
2026-04-16T00:10:20.490181Z,377841425,625
2026-04-16T00:20:20.585776Z,377841668,642
2026-04-16T00:30:18.976912Z,377841895,617
2026-04-16T00:40:19.471288Z,377842129,631
2026-04-16T00:50:18.799422Z,377842420,638
2026-04-16T01:00:18.792682Z,377842652,636
2026-04-16T01:10:20.322167Z,377842948,601
2026-04-16T01:20:19.570647Z,377843230,637
2026-04-16T01:30:18.483551Z,377843429,598
2026-04-16T01:40:17.586708Z,377843605,603
2026-04-16T01:50:20.791056Z,377843818,600
2026-04-16T02:00:21.333394Z,377844080,614
2026-04-16T02:10:21.458263Z,377844278,627
2026-04-16T02:20:18.313748Z,377844441,591
2026-04-16T02:30:20.494519Z,377844590,560
2026-04-16T02:40:18.971904Z,377844792,567
2026-04-16T02:50:23.137727Z,377845020,586
2026-04-16T03:00:18.393983Z,377845188,577
2026-04-16T03:10:17.343355Z,377845376,571
2026-04-16T03:20:20.612558Z,377845562,555
2026-04-16T03:30:20.004557Z,377845779,581
2026-04-16T03:40:19.354364Z,377845958,596
2026-04-16T03:50:19.512611Z,377846106,585
2026-04-16T04:00:24.082293Z,377846266,577
2026-04-16T04:10:20.373435Z,377846418,571
2026-04-16T04:20:20.003701Z,377846608,550
2026-04-16T04:30:20.251706Z,377846770,509
2026-04-16T04:40:21.627804Z,377846959,501
2026-04-16T04:50:23.851301Z,377847080,492
2026-04-16T05:00:26.342726Z,377847209,490
2026-04-16T05:10:19.391612Z,377847375,462
2026-04-16T05:20:20.075644Z,377847554,443
2026-04-16T05:30:25.848217Z,377847726,449
2026-04-16T05:40:22.396885Z,377847849,448
2026-04-16T05:50:21.061837Z,377847995,457
2026-04-16T06:00:31.889162Z,377848123,441
2026-04-16T06:10:19.798616Z,377848249,433
2026-04-16T06:20:26.661403Z,377848392,475
2026-04-16T06:30:26.671738Z,377848518,457
2026-04-16T06:40:22.399891Z,377848624,431
2026-04-16T06:50:21.038405Z,377848738,421
2026-04-16T07:00:27.769931Z,377848857,434
2026-04-16T07:10:24.750947Z,377848978,419
2026-04-16T07:20:20.136717Z,377849144,424
2026-04-16T07:30:26.509606Z,377849289,416
2026-04-16T07:40:23.323148Z,377849448,450
2026-04-16T07:50:23.992952Z,377849594,467
2026-04-16T08:00:27.751852Z,377849706,454
2026-04-16T08:10:21.860376Z,377849784,449
2026-04-16T08:20:23.470926Z,377849868,447
2026-04-16T08:30:18.242617Z,377849946,433
2026-04-16T08:40:20.875290Z,377850036,435
2026-04-16T08:50:19.608986Z,377850152,422
2026-04-16T09:00:21.964600Z,377850257,434
2026-04-16T09:10:20.524861Z,377850338,403
2026-04-16T09:20:20.546184Z,377850410,407
2026-04-16T09:30:22.205992Z,377850481,407
2026-04-16T09:40:21.663955Z,377850584,391
2026-04-16T09:50:20.832488Z,377850699,391
2026-04-16T10:00:23.932908Z,377850794,386
2026-04-16T10:10:20.379330Z,377850868,367
2026-04-16T10:20:25.945201Z,377850937,380
2026-04-16T10:30:20.029452Z,377851027,392
2026-04-16T10:40:18.927894Z,377851118,390
2026-04-16T10:50:21.468859Z,377851215,385
2026-04-16T11:00:23.734669Z,377851309,383
2026-04-16T11:10:20.748420Z,377851376,378
2026-04-16T11:20:21.127338Z,377851465,371
2026-04-16T11:30:23.338162Z,377851536,369
2026-04-16T11:40:19.259322Z,377851589,364
2026-04-16T11:50:22.294290Z,377851652,383
2026-04-16T12:00:26.237125Z,377851763,390
2026-04-16T12:10:27.577725Z,377851825,380
2026-04-16T12:20:24.324432Z,377851908,387
2026-04-16T12:30:21.762092Z,377851984,394
2026-04-16T12:40:21.555477Z,377852090,408
2026-04-16T12:50:21.236324Z,377852189,424
2026-04-16T13:00:24.412866Z,377852280,424
2026-04-16T13:10:28.645576Z,377852356,411
2026-04-16T13:20:21.992619Z,377852483,419
2026-04-16T13:30:26.725360Z,377852581,403
2026-04-16T13:40:22.646343Z,377852673,384
2026-04-16T13:50:23.082444Z,377852767,374
2026-04-16T14:00:26.256205Z,377852905,373
2026-04-16T14:10:48.561567Z,377853027,381
2026-04-16T14:20:27.132709Z,377853127,386
2026-04-16T14:30:27.960721Z,377853255,386
2026-04-16T14:40:26.004287Z,377853377,404
2026-04-16T14:50:25.850999Z,377853464,393
2026-04-16T15:00:33.758943Z,377853618,421
2026-04-16T15:10:29.282054Z,377853744,388
2026-04-16T15:20:23.445125Z,377853882,364
2026-04-16T15:30:28.634520Z,377853995,349
2026-04-16T15:40:25.680522Z,377854138,366
2026-04-16T15:50:45.309126Z,377854302,397
2026-04-16T16:00:37.187528Z,377854420,403
2026-04-16T16:10:24.260915Z,377854570,425
2026-04-16T16:20:34.340775Z,377854697,403
2026-04-16T16:30:27.193145Z,377854869,424
2026-04-16T16:40:20.116213Z,377855019,431
2026-04-16T16:50:21.616236Z,377855194,472
2026-04-16T17:00:23.811624Z,377855401,480
2026-04-16T17:10:23.381705Z,377855539,486
2026-04-16T17:20:23.072795Z,377855685,481
2026-04-16T17:30:26.551914Z,377855893,511
2026-04-16T17:40:22.858691Z,377856067,506
2026-04-16T17:50:20.124479Z,377856210,515
2026-04-16T18:00:39.630505Z,377856445,514
2026-04-16T18:10:29.375758Z,377856636,520
2026-04-16T18:20:24.911693Z,377856823,537
2026-04-16T18:30:19.836607Z,377857018,566
2026-04-16T18:40:21.637789Z,377857189,567
2026-04-16T18:50:26.067415Z,377857437,564
2026-04-16T19:00:24.807951Z,377857650,582
2026-04-16T19:10:18.133013Z,377857908,560
2026-04-16T19:20:21.477617Z,377858120,548
2026-04-16T19:30:19.562689Z,377858274,555
2026-04-16T19:40:24.140011Z,377858474,585
2026-04-16T19:50:20.518760Z,377858650,595
2026-04-16T20:00:22.693697Z,377858842,561
2026-04-16T20:10:20.710784Z,377859012,561
2026-04-16T20:20:20.402535Z,377859185,550
2026-04-16T20:30:22.869231Z,377859414,560
2026-04-16T20:40:33.361293Z,377859637,537
2026-04-16T20:50:36.379775Z,377859823,545
2026-04-16T21:00:34.814794Z,377860013,542
2026-04-16T21:10:34.718089Z,377860203,530
2026-04-16T21:20:33.975837Z,377860340,522
2026-04-16T21:30:32.305464Z,377860586,563
2026-04-16T21:40:34.946015Z,377860830,589
2026-04-16T21:50:35.239470Z,377861033,585
2026-04-16T22:00:36.435386Z,377861220,606
2026-04-16T22:10:35.377672Z,377861401,593
2026-04-16T22:20:32.548613Z,377861594,609
2026-04-16T22:30:33.453391Z,377861791,577
2026-04-16T22:40:33.894523Z,377861998,547
2026-04-16T22:50:33.620689Z,377862215,586
2026-04-16T23:00:35.519220Z,377862438,613
2026-04-16T23:10:34.301234Z,377862639,596
2026-04-16T23:20:33.975116Z,377862873,624
2026-04-16T23:30:33.275227Z,377863051,589
2026-04-16T23:40:33.269403Z,377863228,585
2026-04-16T23:50:35.962232Z,377863465,585
2026-04-17T00:00:41.248579Z,377863651,567
2026-04-17T00:10:32.881931Z,377863887,599
2026-04-17T00:20:33.667200Z,377864074,615
2026-04-17T00:30:34.651195Z,377864299,615
2026-04-17T00:40:35.232048Z,377864557,620
2026-04-17T00:50:33.629308Z,377864733,634
2026-04-17T01:00:33.130078Z,377864895,632
2026-04-17T01:10:33.745398Z,377865053,617
2026-04-17T01:20:35.184544Z,377865280,642
2026-04-17T01:30:33.371350Z,377865494,660
2026-04-17T01:40:31.800929Z,377865794,645
2026-04-17T01:50:33.225533Z,377866090,632
2026-04-17T02:00:35.550499Z,377866303,601
2026-04-17T02:10:33.232061Z,377866532,618
2026-04-17T02:20:33.476044Z,377866768,623
2026-04-17T02:30:31.262796Z,377866984,637
2026-04-17T02:40:33.614885Z,377867180,609
2026-04-17T02:50:33.278936Z,377867335,591
2026-04-17T03:00:33.113859Z,377867501,575
2026-04-17T03:10:34.045114Z,377867658,538
2026-04-17T03:20:32.187168Z,377867821,519
2026-04-17T03:30:34.368886Z,377867987,533
2026-04-17T03:40:33.669998Z,377868148,507
2026-04-17T03:50:33.602865Z,377868258,475
2026-04-17T04:00:36.413467Z,377868428,486
2026-04-17T04:10:35.192673Z,377868592,457
2026-04-17T04:20:34.122140Z,377868782,435
2026-04-17T04:30:33.457882Z,377868963,413
2026-04-17T04:40:33.429376Z,377869178,420
2026-04-17T04:50:35.415961Z,377869351,428
2026-04-17T05:00:35.981554Z,377869521,434
2026-04-17T05:10:32.930551Z,377869673,408
2026-04-17T05:20:33.257175Z,377869802,384
2026-04-17T05:30:39.006971Z,377869943,398
2026-04-17T05:40:31.799233Z,377870109,423
2026-04-17T05:50:34.251002Z,377870267,381
2026-04-17T06:00:33.445924Z,377870386,372
2026-04-17T06:10:34.117131Z,377870496,341
2026-04-17T06:20:33.415564Z,377870624,358
2026-04-17T06:30:31.797618Z,377870755,362
2026-04-17T06:40:33.672036Z,377870857,347
2026-04-17T06:50:34.826081Z,377870981,347
2026-04-17T07:00:34.220837Z,377871083,343
2026-04-17T07:10:34.855418Z,377871190,349
2026-04-17T07:20:34.006718Z,377871280,343
2026-04-17T07:30:13.179813Z,377871366,330
2026-04-17T07:40:11.713086Z,377871443,312
2026-04-17T07:50:13.903313Z,377871549,315
2026-04-17T08:00:13.693621Z,377871674,321
2026-04-17T08:10:15.241353Z,377871787,318
2026-04-17T08:20:13.118414Z,377871886,300
2026-04-17T08:30:13.465441Z,377871979,287
2026-04-17T08:40:21.301106Z,377872077,295
2026-04-17T08:50:13.427540Z,377872157,284
2026-04-17T09:00:14.667335Z,377872241,289
2026-04-17T09:10:20.009780Z,377872323,280
2026-04-17T09:20:12.262043Z,377872420,283
2026-04-17T09:30:13.020666Z,377872495,298
2026-04-17T09:40:12.675908Z,377872577,292
2026-04-17T09:50:13.796092Z,377872654,302
2026-04-17T10:00:12.805164Z,377872773,304
2026-04-17T10:10:13.272868Z,377872883,306
2026-04-17T10:20:11.681975Z,377872987,319
2026-04-17T10:30:15.106175Z,377873099,322
2026-04-17T10:40:11.999587Z,377873202,347
2026-04-17T10:50:14.251722Z,377873296,379
2026-04-17T11:00:14.615666Z,377873385,372
2026-04-17T11:10:12.970615Z,377873514,385
2026-04-17T11:20:14.552545Z,377873640,399
2026-04-17T11:30:15.066776Z,377873732,386
2026-04-17T11:40:17.472292Z,377873878,404
2026-04-17T11:50:12.176741Z,377873981,375
2026-04-17T12:00:13.669413Z,377874099,369
2026-04-17T12:10:12.988202Z,377874204,376
2026-04-17T12:20:13.397020Z,377874316,392
2026-04-17T12:30:13.898826Z,377874438,403
2026-04-17T12:40:15.261971Z,377874598,409
2026-04-17T12:50:16.150405Z,377874693,387
2026-04-17T13:00:14.393112Z,377874784,406
2026-04-17T13:10:13.650343Z,377874927,405
2026-04-17T13:20:16.482534Z,377875025,394
2026-04-17T13:30:15.900810Z,377875136,379
2026-04-17T13:40:16.118063Z,377875234,393
2026-04-17T13:50:13.738240Z,377875327,403
2026-04-17T14:00:15.393558Z,377875455,423
2026-04-17T14:10:16.639263Z,377875617,414
2026-04-17T14:20:15.756270Z,377875755,421
2026-04-17T14:30:17.621759Z,377875884,420
2026-04-17T14:40:13.943529Z,377875987,421
2026-04-17T14:50:21.933097Z,377876068,421
2026-04-17T15:00:14.794421Z,377876185,430
2026-04-17T15:10:14.405429Z,377876335,407
2026-04-17T15:20:17.470375Z,377876516,403
2026-04-17T15:30:15.793650Z,377876621,398
2026-04-17T15:40:15.963611Z,377876748,399
2026-04-17T15:50:15.363885Z,377876907,432
2026-04-17T16:00:14.739935Z,377877051,411
2026-04-17T16:10:13.161733Z,377877226,442
2026-04-17T16:20:15.534618Z,377877403,443
2026-04-17T16:30:13.958965Z,377877645,497
2026-04-17T16:40:21.615166Z,377877836,484
2026-04-17T16:50:12.496097Z,377877993,457
2026-04-17T17:00:15.712882Z,377878116,449
2026-04-17T17:10:11.492003Z,377878248,445
2026-04-17T17:20:14.401379Z,377878396,454
2026-04-17T17:30:16.941005Z,377878557,455
2026-04-17T17:40:10.483919Z,377878740,472
2026-04-17T17:50:14.063394Z,377878908,481
2026-04-17T18:00:11.566471Z,377879140,489
2026-04-17T18:10:17.047354Z,377879347,510
2026-04-17T18:20:22.592840Z,377879580,499
2026-04-17T18:30:14.049147Z,377879800,483
2026-04-17T18:40:13.990753Z,377880030,492
2026-04-17T18:50:13.605552Z,377880272,504
2026-04-17T19:00:13.942017Z,377880519,527
2026-04-17T19:10:14.955009Z,377880805,539
2026-04-17T19:20:13.667836Z,377881118,557
2026-04-17T19:30:12.454232Z,377881311,548
2026-04-17T19:40:13.867073Z,377881537,567
2026-04-17T19:50:14.530458Z,377881756,572
2026-04-17T20:00:15.488033Z,377881916,565
2026-04-17T20:10:15.868253Z,377882082,554
2026-04-17T20:20:12.941859Z,377882246,552
2026-04-17T20:30:14.444152Z,377882456,521
2026-04-17T20:40:14.043736Z,377882680,548
2026-04-17T20:50:12.928940Z,377882857,571
2026-04-17T21:00:14.703741Z,377883054,582
2026-04-17T21:10:13.020249Z,377883241,591
2026-04-17T21:20:54.978989Z,377883537,609
2026-04-17T21:30:57.591601Z,377883774,597
2026-04-17T21:40:59.013509Z,377884023,609
2026-04-17T21:50:59.436064Z,377884255,598
2026-04-17T22:01:00.141644Z,377884457,630
2026-04-17T22:10:57.681288Z,377884758,666
2026-04-17T22:20:55.240631Z,377884961,642
2026-04-17T22:30:57.747311Z,377885207,639
2026-04-17T22:40:54.581448Z,377885394,635
2026-04-17T22:50:58.347035Z,377885648,632
2026-04-17T23:00:59.074081Z,377885909,637
2026-04-17T23:10:56.056628Z,377886129,626
2026-04-17T23:20:58.174623Z,377886279,611
2026-04-17T23:30:57.574134Z,377886490,633
2026-04-17T23:40:57.569300Z,377886689,633
2026-04-17T23:50:56.799750Z,377886862,634
2026-04-18T00:00:58.565717Z,377887097,611
2026-04-18T00:10:58.017533Z,377887341,627
2026-04-18T00:20:58.547706Z,377887589,627
2026-04-18T00:30:58.782648Z,377887855,631
2026-04-18T00:40:54.687375Z,377888049,643
2026-04-18T00:50:56.595219Z,377888260,636
2026-04-18T01:00:57.851633Z,377888491,650
2026-04-18T01:11:00.459746Z,377888717,628
2026-04-18T01:21:00.586869Z,377888929,619
2026-04-18T01:31:04.694683Z,377889210,640
2026-04-18T01:40:56.525591Z,377889487,620
2026-04-18T01:51:00.509092Z,377889693,616
2026-04-18T02:00:57.352372Z,377889949,635
2026-04-18T02:10:56.774438Z,377890170,627
2026-04-18T02:20:58.024471Z,377890388,633
2026-04-18T02:30:54.880431Z,377890585,618
2026-04-18T02:40:56.387972Z,377890744,617
2026-04-18T02:50:58.984710Z,377890896,570
2026-04-18T03:01:06.701085Z,377891101,566
2026-04-18T03:10:58.242650Z,377891306,574
2026-04-18T03:20:55.201968Z,377891472,557
2026-04-18T03:30:57.565240Z,377891667,533
2026-04-18T03:40:55.358589Z,377891905,542
2026-04-18T03:50:57.439843Z,377892145,595
2026-04-18T04:01:05.742116Z,377892365,609
2026-04-18T04:10:55.151107Z,377892620,629
2026-04-18T04:20:59.178393Z,377892893,657
2026-04-18T04:31:01.859319Z,377893114,655
2026-04-18T04:41:00.225877Z,377893354,634
2026-04-18T04:50:58.104818Z,377893565,651
2026-04-18T05:01:10.152964Z,377893820,649
2026-04-18T05:11:01.077022Z,377894011,614
2026-04-18T05:20:59.635144Z,377894204,612
2026-04-18T05:31:09.254897Z,377894427,615
2026-04-18T05:41:02.206915Z,377894580,610
2026-04-18T05:51:01.147102Z,377894762,594
2026-04-18T06:01:18.302282Z,377894917,579
2026-04-18T06:11:02.094036Z,377895096,575
2026-04-18T06:20:59.566221Z,377895295,607
2026-04-18T06:31:10.302682Z,377895463,578
2026-04-18T06:41:03.209664Z,377895615,539
2026-04-18T06:50:59.001166Z,377895750,539
2026-04-18T07:01:13.431119Z,377895883,557
2026-04-18T07:11:05.837247Z,377896069,542
2026-04-18T07:21:05.997109Z,377896227,525
2026-04-18T07:31:09.871339Z,377896408,516
2026-04-18T07:41:01.542909Z,377896576,500
2026-04-18T07:50:55.090060Z,377896759,477
2026-04-18T08:00:53.360684Z,377896921,465
2026-04-18T08:10:51.748815Z,377897087,476
2026-04-18T08:20:52.303994Z,377897192,448
2026-04-18T08:30:53.687460Z,377897326,450
2026-04-18T08:40:52.321976Z,377897447,463
2026-04-18T08:50:54.109403Z,377897583,435
2026-04-18T09:00:55.899026Z,377897705,412
2026-04-18T09:10:55.715353Z,377897855,416
2026-04-18T09:20:55.453062Z,377897980,413
2026-04-18T09:30:51.572526Z,377898129,410
2026-04-18T09:40:54.998968Z,377898293,429
2026-04-18T09:50:54.200985Z,377898397,410
2026-04-18T10:00:54.411389Z,377898548,384
2026-04-18T10:10:53.357853Z,377898713,399
2026-04-18T10:20:53.271968Z,377898856,380
2026-04-18T10:30:55.276238Z,377898992,355
2026-04-18T10:40:54.849345Z,377899098,333
2026-04-18T10:50:55.785566Z,377899188,340
2026-04-18T11:00:56.622071Z,377899285,327
2026-04-18T11:10:53.307067Z,377899429,318
2026-04-18T11:20:54.562469Z,377899556,317
2026-04-18T11:30:57.647461Z,377899697,282
2026-04-18T11:40:55.113677Z,377899846,309
